rep,n,d,N,type,method,metric,value
0,100,2,100,linear,NPT-FR,Wasserstein,13.8196242132113
0,100,2,100,linear,Marginal-FR,Wasserstein,14.076246295649389
0,100,2,100,linear,Gaussian-FR,Wasserstein,17.580696978742033
1,100,2,100,linear,NPT-FR,Wasserstein,12.608362216473644
1,100,2,100,linear,Marginal-FR,Wasserstein,12.764310258627498
1,100,2,100,linear,Gaussian-FR,Wasserstein,15.87657049039999
2,100,2,100,linear,NPT-FR,Wasserstein,12.25477089965149
2,100,2,100,linear,Marginal-FR,Wasserstein,12.53811022236371
2,100,2,100,linear,Gaussian-FR,Wasserstein,15.924298676772345
3,100,2,100,linear,NPT-FR,Wasserstein,11.744615368543851
3,100,2,100,linear,Marginal-FR,Wasserstein,11.985151532910782
3,100,2,100,linear,Gaussian-FR,Wasserstein,15.047203174317366
4,100,2,100,linear,NPT-FR,Wasserstein,12.27026886170711
4,100,2,100,linear,Marginal-FR,Wasserstein,12.482488594083838
4,100,2,100,linear,Gaussian-FR,Wasserstein,15.32124900625856
5,100,2,100,linear,NPT-FR,Wasserstein,12.458501835919472
5,100,2,100,linear,Marginal-FR,Wasserstein,12.666654460987909
5,100,2,100,linear,Gaussian-FR,Wasserstein,15.624413306101506
6,100,2,100,linear,NPT-FR,Wasserstein,12.480098822125063
6,100,2,100,linear,Marginal-FR,Wasserstein,12.648864029509093
6,100,2,100,linear,Gaussian-FR,Wasserstein,15.414586598351077
7,100,2,100,linear,NPT-FR,Wasserstein,12.234002707192278
7,100,2,100,linear,Marginal-FR,Wasserstein,12.456203499343792
7,100,2,100,linear,Gaussian-FR,Wasserstein,15.53935806271655
8,100,2,100,linear,NPT-FR,Wasserstein,13.856613262548539
8,100,2,100,linear,Marginal-FR,Wasserstein,14.012399075707352
8,100,2,100,linear,Gaussian-FR,Wasserstein,16.806778347446514
9,100,2,100,linear,NPT-FR,Wasserstein,13.900473445445853
9,100,2,100,linear,Marginal-FR,Wasserstein,14.007228796773793
9,100,2,100,linear,Gaussian-FR,Wasserstein,16.964804342089103
10,100,2,100,linear,NPT-FR,Wasserstein,13.656401691645353
10,100,2,100,linear,Marginal-FR,Wasserstein,13.88022037878766
10,100,2,100,linear,Gaussian-FR,Wasserstein,16.96679238704469
11,100,2,100,linear,NPT-FR,Wasserstein,13.30392364024289
11,100,2,100,linear,Marginal-FR,Wasserstein,13.416179498383343
11,100,2,100,linear,Gaussian-FR,Wasserstein,16.839412027980448
12,100,2,100,linear,NPT-FR,Wasserstein,12.501472486219317
12,100,2,100,linear,Marginal-FR,Wasserstein,12.792521507458016
12,100,2,100,linear,Gaussian-FR,Wasserstein,15.592490092825061
13,100,2,100,linear,NPT-FR,Wasserstein,11.658868535115946
13,100,2,100,linear,Marginal-FR,Wasserstein,11.792439580854937
13,100,2,100,linear,Gaussian-FR,Wasserstein,15.07281403682412
14,100,2,100,linear,NPT-FR,Wasserstein,15.46643048938972
14,100,2,100,linear,Marginal-FR,Wasserstein,15.687670336476362
14,100,2,100,linear,Gaussian-FR,Wasserstein,18.123751957757158
15,100,2,100,linear,NPT-FR,Wasserstein,11.676232289405743
15,100,2,100,linear,Marginal-FR,Wasserstein,11.896088444079837
15,100,2,100,linear,Gaussian-FR,Wasserstein,14.669729298220519
16,100,2,100,linear,NPT-FR,Wasserstein,12.510475911999457
16,100,2,100,linear,Marginal-FR,Wasserstein,12.794780910371683
16,100,2,100,linear,Gaussian-FR,Wasserstein,16.16703058814231
17,100,2,100,linear,NPT-FR,Wasserstein,11.605643001571535
17,100,2,100,linear,Marginal-FR,Wasserstein,11.907794932774996
17,100,2,100,linear,Gaussian-FR,Wasserstein,14.827137155978944
18,100,2,100,linear,NPT-FR,Wasserstein,12.08070486168713
18,100,2,100,linear,Marginal-FR,Wasserstein,12.305202872889389
18,100,2,100,linear,Gaussian-FR,Wasserstein,15.221412897828369
19,100,2,100,linear,NPT-FR,Wasserstein,12.865976550936873
19,100,2,100,linear,Marginal-FR,Wasserstein,13.107406052522663
19,100,2,100,linear,Gaussian-FR,Wasserstein,16.23492789608908
20,100,2,100,linear,NPT-FR,Wasserstein,12.777324352901816
20,100,2,100,linear,Marginal-FR,Wasserstein,12.965731683117
20,100,2,100,linear,Gaussian-FR,Wasserstein,15.906813327530262
21,100,2,100,linear,NPT-FR,Wasserstein,12.71360015212932
21,100,2,100,linear,Marginal-FR,Wasserstein,12.901319334927773
21,100,2,100,linear,Gaussian-FR,Wasserstein,15.7143737145837
22,100,2,100,linear,NPT-FR,Wasserstein,13.375793658897484
22,100,2,100,linear,Marginal-FR,Wasserstein,13.633259920277377
22,100,2,100,linear,Gaussian-FR,Wasserstein,16.436632063510967
23,100,2,100,linear,NPT-FR,Wasserstein,13.012231702780282
23,100,2,100,linear,Marginal-FR,Wasserstein,13.210756160904625
23,100,2,100,linear,Gaussian-FR,Wasserstein,16.481366083495786
24,100,2,100,linear,NPT-FR,Wasserstein,12.377070405984282
24,100,2,100,linear,Marginal-FR,Wasserstein,12.568971481095982
24,100,2,100,linear,Gaussian-FR,Wasserstein,15.886427418028783
25,100,2,100,linear,NPT-FR,Wasserstein,13.023004977328936
25,100,2,100,linear,Marginal-FR,Wasserstein,13.314838544191705
25,100,2,100,linear,Gaussian-FR,Wasserstein,16.288192778914294
26,100,2,100,linear,NPT-FR,Wasserstein,12.321417577875737
26,100,2,100,linear,Marginal-FR,Wasserstein,12.55855001436181
26,100,2,100,linear,Gaussian-FR,Wasserstein,15.670294826765257
27,100,2,100,linear,NPT-FR,Wasserstein,11.574359870433895
27,100,2,100,linear,Marginal-FR,Wasserstein,11.777716034303259
27,100,2,100,linear,Gaussian-FR,Wasserstein,14.864483795229747
28,100,2,100,linear,NPT-FR,Wasserstein,12.548425505415128
28,100,2,100,linear,Marginal-FR,Wasserstein,12.72302570709974
28,100,2,100,linear,Gaussian-FR,Wasserstein,15.547571472489995
29,100,2,100,linear,NPT-FR,Wasserstein,13.012295830726321
29,100,2,100,linear,Marginal-FR,Wasserstein,13.203784526107924
29,100,2,100,linear,Gaussian-FR,Wasserstein,16.093415696248126
30,100,2,100,linear,NPT-FR,Wasserstein,12.974599709863393
30,100,2,100,linear,Marginal-FR,Wasserstein,13.185424260666249
30,100,2,100,linear,Gaussian-FR,Wasserstein,16.613226150925946
31,100,2,100,linear,NPT-FR,Wasserstein,13.495026768495686
31,100,2,100,linear,Marginal-FR,Wasserstein,13.78911454932604
31,100,2,100,linear,Gaussian-FR,Wasserstein,16.801602688461315
32,100,2,100,linear,NPT-FR,Wasserstein,12.49108249987563
32,100,2,100,linear,Marginal-FR,Wasserstein,12.695899235876944
32,100,2,100,linear,Gaussian-FR,Wasserstein,16.021561921726004
33,100,2,100,linear,NPT-FR,Wasserstein,12.787808398556995
33,100,2,100,linear,Marginal-FR,Wasserstein,13.03181689126288
33,100,2,100,linear,Gaussian-FR,Wasserstein,15.783400090096798
34,100,2,100,linear,NPT-FR,Wasserstein,11.818836597671071
34,100,2,100,linear,Marginal-FR,Wasserstein,12.093263141601186
34,100,2,100,linear,Gaussian-FR,Wasserstein,15.229857114507544
35,100,2,100,linear,NPT-FR,Wasserstein,12.761607501129742
35,100,2,100,linear,Marginal-FR,Wasserstein,12.967497673948106
35,100,2,100,linear,Gaussian-FR,Wasserstein,16.01183114881076
36,100,2,100,linear,NPT-FR,Wasserstein,12.365095531409768
36,100,2,100,linear,Marginal-FR,Wasserstein,12.642517380639594
36,100,2,100,linear,Gaussian-FR,Wasserstein,15.647308040037183
37,100,2,100,linear,NPT-FR,Wasserstein,13.427455770796481
37,100,2,100,linear,Marginal-FR,Wasserstein,13.647159258547859
37,100,2,100,linear,Gaussian-FR,Wasserstein,16.530722584630002
38,100,2,100,linear,NPT-FR,Wasserstein,13.755968768959137
38,100,2,100,linear,Marginal-FR,Wasserstein,13.992274340528164
38,100,2,100,linear,Gaussian-FR,Wasserstein,16.91748570303589
39,100,2,100,linear,NPT-FR,Wasserstein,11.608139710300081
39,100,2,100,linear,Marginal-FR,Wasserstein,11.829260496868704
39,100,2,100,linear,Gaussian-FR,Wasserstein,14.866538061297563
40,100,2,100,linear,NPT-FR,Wasserstein,12.562887653538555
40,100,2,100,linear,Marginal-FR,Wasserstein,12.998005926800888
40,100,2,100,linear,Gaussian-FR,Wasserstein,16.426513963318108
41,100,2,100,linear,NPT-FR,Wasserstein,14.184402494541674
41,100,2,100,linear,Marginal-FR,Wasserstein,14.4379873397823
41,100,2,100,linear,Gaussian-FR,Wasserstein,17.293063934378335
42,100,2,100,linear,NPT-FR,Wasserstein,12.554675824215943
42,100,2,100,linear,Marginal-FR,Wasserstein,12.775059321025164
42,100,2,100,linear,Gaussian-FR,Wasserstein,15.677668769461128
43,100,2,100,linear,NPT-FR,Wasserstein,12.139756122644462
43,100,2,100,linear,Marginal-FR,Wasserstein,12.383976590257062
43,100,2,100,linear,Gaussian-FR,Wasserstein,15.420749494381663
44,100,2,100,linear,NPT-FR,Wasserstein,12.063613145807896
44,100,2,100,linear,Marginal-FR,Wasserstein,12.269918580968785
44,100,2,100,linear,Gaussian-FR,Wasserstein,15.246975787841798
45,100,2,100,linear,NPT-FR,Wasserstein,12.672730998093261
45,100,2,100,linear,Marginal-FR,Wasserstein,12.848807548832468
45,100,2,100,linear,Gaussian-FR,Wasserstein,16.30428869207555
46,100,2,100,linear,NPT-FR,Wasserstein,13.207127854023362
46,100,2,100,linear,Marginal-FR,Wasserstein,13.401608299310476
46,100,2,100,linear,Gaussian-FR,Wasserstein,16.25638865178209
47,100,2,100,linear,NPT-FR,Wasserstein,14.075476419900601
47,100,2,100,linear,Marginal-FR,Wasserstein,14.246529788967875
47,100,2,100,linear,Gaussian-FR,Wasserstein,17.184331259526765
48,100,2,100,linear,NPT-FR,Wasserstein,13.347301500747351
48,100,2,100,linear,Marginal-FR,Wasserstein,13.577769119194679
48,100,2,100,linear,Gaussian-FR,Wasserstein,16.62595798521552
49,100,2,100,linear,NPT-FR,Wasserstein,13.428812976696863
49,100,2,100,linear,Marginal-FR,Wasserstein,13.579877061220484
49,100,2,100,linear,Gaussian-FR,Wasserstein,16.946258026929634
50,100,2,100,linear,NPT-FR,Wasserstein,13.027799075753977
50,100,2,100,linear,Marginal-FR,Wasserstein,13.17718360494763
50,100,2,100,linear,Gaussian-FR,Wasserstein,16.03201524158233
51,100,2,100,linear,NPT-FR,Wasserstein,13.253746995160206
51,100,2,100,linear,Marginal-FR,Wasserstein,13.433387241139357
51,100,2,100,linear,Gaussian-FR,Wasserstein,16.563252143938193
52,100,2,100,linear,NPT-FR,Wasserstein,13.22286097191566
52,100,2,100,linear,Marginal-FR,Wasserstein,13.439985526026147
52,100,2,100,linear,Gaussian-FR,Wasserstein,16.567511607414346
53,100,2,100,linear,NPT-FR,Wasserstein,13.242914053068239
53,100,2,100,linear,Marginal-FR,Wasserstein,13.540779517199443
53,100,2,100,linear,Gaussian-FR,Wasserstein,16.631344017414637
54,100,2,100,linear,NPT-FR,Wasserstein,12.80463290602964
54,100,2,100,linear,Marginal-FR,Wasserstein,13.043100507994602
54,100,2,100,linear,Gaussian-FR,Wasserstein,15.901204046212461
55,100,2,100,linear,NPT-FR,Wasserstein,13.388252303570695
55,100,2,100,linear,Marginal-FR,Wasserstein,13.588222944503736
55,100,2,100,linear,Gaussian-FR,Wasserstein,16.643409461736407
56,100,2,100,linear,NPT-FR,Wasserstein,12.091927742783525
56,100,2,100,linear,Marginal-FR,Wasserstein,12.28450110020717
56,100,2,100,linear,Gaussian-FR,Wasserstein,15.423255549339018
57,100,2,100,linear,NPT-FR,Wasserstein,12.017514282559846
57,100,2,100,linear,Marginal-FR,Wasserstein,12.256784537915598
57,100,2,100,linear,Gaussian-FR,Wasserstein,15.063066876916444
58,100,2,100,linear,NPT-FR,Wasserstein,13.873792712180189
58,100,2,100,linear,Marginal-FR,Wasserstein,14.082520904673526
58,100,2,100,linear,Gaussian-FR,Wasserstein,17.04895376785507
59,100,2,100,linear,NPT-FR,Wasserstein,12.162178336771774
59,100,2,100,linear,Marginal-FR,Wasserstein,12.366098277610268
59,100,2,100,linear,Gaussian-FR,Wasserstein,15.531420093141577
60,100,2,100,linear,NPT-FR,Wasserstein,12.509899892917291
60,100,2,100,linear,Marginal-FR,Wasserstein,12.7253193559977
60,100,2,100,linear,Gaussian-FR,Wasserstein,15.783056339184979
61,100,2,100,linear,NPT-FR,Wasserstein,12.738981590395198
61,100,2,100,linear,Marginal-FR,Wasserstein,13.016850599056294
61,100,2,100,linear,Gaussian-FR,Wasserstein,16.070573902088526
62,100,2,100,linear,NPT-FR,Wasserstein,13.08164821425339
62,100,2,100,linear,Marginal-FR,Wasserstein,13.197036808926747
62,100,2,100,linear,Gaussian-FR,Wasserstein,16.389325459990562
63,100,2,100,linear,NPT-FR,Wasserstein,12.22595871161532
63,100,2,100,linear,Marginal-FR,Wasserstein,12.474314905418538
63,100,2,100,linear,Gaussian-FR,Wasserstein,15.524632025131751
64,100,2,100,linear,NPT-FR,Wasserstein,13.308776136715094
64,100,2,100,linear,Marginal-FR,Wasserstein,13.575819961087541
64,100,2,100,linear,Gaussian-FR,Wasserstein,16.312494903965874
65,100,2,100,linear,NPT-FR,Wasserstein,13.15376890966728
65,100,2,100,linear,Marginal-FR,Wasserstein,13.365773003769819
65,100,2,100,linear,Gaussian-FR,Wasserstein,16.231032184043162
66,100,2,100,linear,NPT-FR,Wasserstein,12.931174932388428
66,100,2,100,linear,Marginal-FR,Wasserstein,13.09043683732775
66,100,2,100,linear,Gaussian-FR,Wasserstein,16.302501458755028
67,100,2,100,linear,NPT-FR,Wasserstein,11.947820311409028
67,100,2,100,linear,Marginal-FR,Wasserstein,12.11061701666663
67,100,2,100,linear,Gaussian-FR,Wasserstein,15.036464938575772
68,100,2,100,linear,NPT-FR,Wasserstein,11.75060261559397
68,100,2,100,linear,Marginal-FR,Wasserstein,11.930826965932605
68,100,2,100,linear,Gaussian-FR,Wasserstein,14.999128300156867
69,100,2,100,linear,NPT-FR,Wasserstein,12.576214022426655
69,100,2,100,linear,Marginal-FR,Wasserstein,12.83688784402061
69,100,2,100,linear,Gaussian-FR,Wasserstein,15.947280915974003
70,100,2,100,linear,NPT-FR,Wasserstein,11.418541598567401
70,100,2,100,linear,Marginal-FR,Wasserstein,11.691756834864073
70,100,2,100,linear,Gaussian-FR,Wasserstein,14.916506772011749
71,100,2,100,linear,NPT-FR,Wasserstein,12.959623355239763
71,100,2,100,linear,Marginal-FR,Wasserstein,13.15028508156517
71,100,2,100,linear,Gaussian-FR,Wasserstein,16.356214356376
72,100,2,100,linear,NPT-FR,Wasserstein,11.546675289453168
72,100,2,100,linear,Marginal-FR,Wasserstein,11.76107274181554
72,100,2,100,linear,Gaussian-FR,Wasserstein,14.504764084186364
73,100,2,100,linear,NPT-FR,Wasserstein,12.877642360091057
73,100,2,100,linear,Marginal-FR,Wasserstein,12.998603545599526
73,100,2,100,linear,Gaussian-FR,Wasserstein,16.354777815356684
74,100,2,100,linear,NPT-FR,Wasserstein,11.677953344727614
74,100,2,100,linear,Marginal-FR,Wasserstein,11.816874770144736
74,100,2,100,linear,Gaussian-FR,Wasserstein,15.070603749983027
75,100,2,100,linear,NPT-FR,Wasserstein,13.34797533737015
75,100,2,100,linear,Marginal-FR,Wasserstein,13.517080205452203
75,100,2,100,linear,Gaussian-FR,Wasserstein,16.590026367799148
76,100,2,100,linear,NPT-FR,Wasserstein,12.789323828534606
76,100,2,100,linear,Marginal-FR,Wasserstein,12.976353114432888
76,100,2,100,linear,Gaussian-FR,Wasserstein,15.761713707133406
77,100,2,100,linear,NPT-FR,Wasserstein,13.246228953101298
77,100,2,100,linear,Marginal-FR,Wasserstein,13.522146124632357
77,100,2,100,linear,Gaussian-FR,Wasserstein,16.601094506531712
78,100,2,100,linear,NPT-FR,Wasserstein,14.087732298401273
78,100,2,100,linear,Marginal-FR,Wasserstein,14.302572079623529
78,100,2,100,linear,Gaussian-FR,Wasserstein,17.303310459345706
79,100,2,100,linear,NPT-FR,Wasserstein,12.82174848110325
79,100,2,100,linear,Marginal-FR,Wasserstein,12.972122403028111
79,100,2,100,linear,Gaussian-FR,Wasserstein,16.391076451196504
80,100,2,100,linear,NPT-FR,Wasserstein,11.925453353446446
80,100,2,100,linear,Marginal-FR,Wasserstein,12.113010695347207
80,100,2,100,linear,Gaussian-FR,Wasserstein,14.910000091647976
81,100,2,100,linear,NPT-FR,Wasserstein,13.427060094445872
81,100,2,100,linear,Marginal-FR,Wasserstein,13.62590545606862
81,100,2,100,linear,Gaussian-FR,Wasserstein,16.52885101566468
82,100,2,100,linear,NPT-FR,Wasserstein,12.567152545056876
82,100,2,100,linear,Marginal-FR,Wasserstein,12.826865542260784
82,100,2,100,linear,Gaussian-FR,Wasserstein,15.873311346529713
83,100,2,100,linear,NPT-FR,Wasserstein,12.350255922639654
83,100,2,100,linear,Marginal-FR,Wasserstein,12.48104411554151
83,100,2,100,linear,Gaussian-FR,Wasserstein,15.522622785893258
84,100,2,100,linear,NPT-FR,Wasserstein,11.515164691649172
84,100,2,100,linear,Marginal-FR,Wasserstein,11.767412031449437
84,100,2,100,linear,Gaussian-FR,Wasserstein,14.972483899009248
85,100,2,100,linear,NPT-FR,Wasserstein,13.228221572536228
85,100,2,100,linear,Marginal-FR,Wasserstein,13.474958666022022
85,100,2,100,linear,Gaussian-FR,Wasserstein,16.753628243693473
86,100,2,100,linear,NPT-FR,Wasserstein,12.275120874879402
86,100,2,100,linear,Marginal-FR,Wasserstein,12.440376034399556
86,100,2,100,linear,Gaussian-FR,Wasserstein,15.711455612725725
87,100,2,100,linear,NPT-FR,Wasserstein,13.124867255277943
87,100,2,100,linear,Marginal-FR,Wasserstein,13.23189169677152
87,100,2,100,linear,Gaussian-FR,Wasserstein,16.292287971791502
88,100,2,100,linear,NPT-FR,Wasserstein,11.494174400522704
88,100,2,100,linear,Marginal-FR,Wasserstein,11.726287056012902
88,100,2,100,linear,Gaussian-FR,Wasserstein,14.602030317157084
89,100,2,100,linear,NPT-FR,Wasserstein,12.259989440965077
89,100,2,100,linear,Marginal-FR,Wasserstein,12.44903309123652
89,100,2,100,linear,Gaussian-FR,Wasserstein,15.423769699783906
90,100,2,100,linear,NPT-FR,Wasserstein,12.328859576983472
90,100,2,100,linear,Marginal-FR,Wasserstein,12.55882263895265
90,100,2,100,linear,Gaussian-FR,Wasserstein,15.978265182987066
91,100,2,100,linear,NPT-FR,Wasserstein,13.31581316254576
91,100,2,100,linear,Marginal-FR,Wasserstein,13.46011233105286
91,100,2,100,linear,Gaussian-FR,Wasserstein,16.252319564502685
92,100,2,100,linear,NPT-FR,Wasserstein,13.251181747887571
92,100,2,100,linear,Marginal-FR,Wasserstein,13.47780584294921
92,100,2,100,linear,Gaussian-FR,Wasserstein,16.314778704000148
93,100,2,100,linear,NPT-FR,Wasserstein,14.499145704340703
93,100,2,100,linear,Marginal-FR,Wasserstein,14.71529620757031
93,100,2,100,linear,Gaussian-FR,Wasserstein,18.405692094246408
94,100,2,100,linear,NPT-FR,Wasserstein,11.577365547770883
94,100,2,100,linear,Marginal-FR,Wasserstein,11.770462182347364
94,100,2,100,linear,Gaussian-FR,Wasserstein,14.839653384709232
95,100,2,100,linear,NPT-FR,Wasserstein,12.024994460962223
95,100,2,100,linear,Marginal-FR,Wasserstein,12.229242699013232
95,100,2,100,linear,Gaussian-FR,Wasserstein,15.3692152030895
96,100,2,100,linear,NPT-FR,Wasserstein,11.892361358124106
96,100,2,100,linear,Marginal-FR,Wasserstein,12.162954615245322
96,100,2,100,linear,Gaussian-FR,Wasserstein,15.139257480666984
97,100,2,100,linear,NPT-FR,Wasserstein,11.74684079747114
97,100,2,100,linear,Marginal-FR,Wasserstein,11.985797762118873
97,100,2,100,linear,Gaussian-FR,Wasserstein,14.837063357801183
98,100,2,100,linear,NPT-FR,Wasserstein,13.44122057262521
98,100,2,100,linear,Marginal-FR,Wasserstein,13.716304758608002
98,100,2,100,linear,Gaussian-FR,Wasserstein,16.58032748829219
99,100,2,100,linear,NPT-FR,Wasserstein,13.143822228863062
99,100,2,100,linear,Marginal-FR,Wasserstein,13.431650657064514
99,100,2,100,linear,Gaussian-FR,Wasserstein,16.449882624017484
0,100,2,100,nonlinear,NPT-FR,Wasserstein,13.180619843801002
0,100,2,100,nonlinear,Marginal-FR,Wasserstein,18.221950224294144
0,100,2,100,nonlinear,Gaussian-FR,Wasserstein,16.956463549386328
1,100,2,100,nonlinear,NPT-FR,Wasserstein,13.389152301480058
1,100,2,100,nonlinear,Marginal-FR,Wasserstein,18.932024636587535
1,100,2,100,nonlinear,Gaussian-FR,Wasserstein,17.187811560105647
2,100,2,100,nonlinear,NPT-FR,Wasserstein,11.444385546746313
2,100,2,100,nonlinear,Marginal-FR,Wasserstein,16.34691319564327
2,100,2,100,nonlinear,Gaussian-FR,Wasserstein,14.94613424414282
3,100,2,100,nonlinear,NPT-FR,Wasserstein,13.224670136342073
3,100,2,100,nonlinear,Marginal-FR,Wasserstein,17.91300673253292
3,100,2,100,nonlinear,Gaussian-FR,Wasserstein,16.351554175879578
4,100,2,100,nonlinear,NPT-FR,Wasserstein,13.24793474586865
4,100,2,100,nonlinear,Marginal-FR,Wasserstein,18.324371956028948
4,100,2,100,nonlinear,Gaussian-FR,Wasserstein,16.722915762924146
5,100,2,100,nonlinear,NPT-FR,Wasserstein,12.426128760591281
5,100,2,100,nonlinear,Marginal-FR,Wasserstein,17.80800811546363
5,100,2,100,nonlinear,Gaussian-FR,Wasserstein,16.296466744669996
6,100,2,100,nonlinear,NPT-FR,Wasserstein,13.90657751539353
6,100,2,100,nonlinear,Marginal-FR,Wasserstein,19.26250719256969
6,100,2,100,nonlinear,Gaussian-FR,Wasserstein,17.545066052974402
7,100,2,100,nonlinear,NPT-FR,Wasserstein,12.131124697437757
7,100,2,100,nonlinear,Marginal-FR,Wasserstein,17.17307863197426
7,100,2,100,nonlinear,Gaussian-FR,Wasserstein,15.855328899233335
8,100,2,100,nonlinear,NPT-FR,Wasserstein,12.555001537947893
8,100,2,100,nonlinear,Marginal-FR,Wasserstein,17.68513541297194
8,100,2,100,nonlinear,Gaussian-FR,Wasserstein,16.383382860385435
9,100,2,100,nonlinear,NPT-FR,Wasserstein,12.88458130732783
9,100,2,100,nonlinear,Marginal-FR,Wasserstein,17.823999958103357
9,100,2,100,nonlinear,Gaussian-FR,Wasserstein,16.503164275189054
10,100,2,100,nonlinear,NPT-FR,Wasserstein,13.147932491100933
10,100,2,100,nonlinear,Marginal-FR,Wasserstein,18.697013597947343
10,100,2,100,nonlinear,Gaussian-FR,Wasserstein,16.73253042919346
11,100,2,100,nonlinear,NPT-FR,Wasserstein,11.981164108053072
11,100,2,100,nonlinear,Marginal-FR,Wasserstein,16.811911145090026
11,100,2,100,nonlinear,Gaussian-FR,Wasserstein,15.58654065137971
12,100,2,100,nonlinear,NPT-FR,Wasserstein,13.050214972233082
12,100,2,100,nonlinear,Marginal-FR,Wasserstein,18.182655708888607
12,100,2,100,nonlinear,Gaussian-FR,Wasserstein,16.3500679871558
13,100,2,100,nonlinear,NPT-FR,Wasserstein,11.895263824501857
13,100,2,100,nonlinear,Marginal-FR,Wasserstein,17.449639734024508
13,100,2,100,nonlinear,Gaussian-FR,Wasserstein,15.832956211802713
14,100,2,100,nonlinear,NPT-FR,Wasserstein,12.449627554400227
14,100,2,100,nonlinear,Marginal-FR,Wasserstein,17.78073556779328
14,100,2,100,nonlinear,Gaussian-FR,Wasserstein,16.012874137378752
15,100,2,100,nonlinear,NPT-FR,Wasserstein,12.225562411553845
15,100,2,100,nonlinear,Marginal-FR,Wasserstein,17.284732659216505
15,100,2,100,nonlinear,Gaussian-FR,Wasserstein,15.641571443421567
16,100,2,100,nonlinear,NPT-FR,Wasserstein,12.882009880367306
16,100,2,100,nonlinear,Marginal-FR,Wasserstein,17.678224818696517
16,100,2,100,nonlinear,Gaussian-FR,Wasserstein,16.32989774016522
17,100,2,100,nonlinear,NPT-FR,Wasserstein,12.600687641850365
17,100,2,100,nonlinear,Marginal-FR,Wasserstein,17.943424239526152
17,100,2,100,nonlinear,Gaussian-FR,Wasserstein,16.095777187198987
18,100,2,100,nonlinear,NPT-FR,Wasserstein,12.041295848960873
18,100,2,100,nonlinear,Marginal-FR,Wasserstein,17.05417822124325
18,100,2,100,nonlinear,Gaussian-FR,Wasserstein,15.492059920795134
19,100,2,100,nonlinear,NPT-FR,Wasserstein,12.892355055570551
19,100,2,100,nonlinear,Marginal-FR,Wasserstein,18.047553783285988
19,100,2,100,nonlinear,Gaussian-FR,Wasserstein,16.6698129838217
20,100,2,100,nonlinear,NPT-FR,Wasserstein,12.165881180733573
20,100,2,100,nonlinear,Marginal-FR,Wasserstein,17.08199947619721
20,100,2,100,nonlinear,Gaussian-FR,Wasserstein,15.47841623047773
21,100,2,100,nonlinear,NPT-FR,Wasserstein,12.38656020941167
21,100,2,100,nonlinear,Marginal-FR,Wasserstein,17.423635997783517
21,100,2,100,nonlinear,Gaussian-FR,Wasserstein,15.9745538090563
22,100,2,100,nonlinear,NPT-FR,Wasserstein,12.187080899532397
22,100,2,100,nonlinear,Marginal-FR,Wasserstein,17.581652986170308
22,100,2,100,nonlinear,Gaussian-FR,Wasserstein,15.744122487118657
23,100,2,100,nonlinear,NPT-FR,Wasserstein,11.84595414369682
23,100,2,100,nonlinear,Marginal-FR,Wasserstein,16.999779354512178
23,100,2,100,nonlinear,Gaussian-FR,Wasserstein,15.33565605965054
24,100,2,100,nonlinear,NPT-FR,Wasserstein,13.513386964637125
24,100,2,100,nonlinear,Marginal-FR,Wasserstein,18.611656126312774
24,100,2,100,nonlinear,Gaussian-FR,Wasserstein,17.34338323983892
25,100,2,100,nonlinear,NPT-FR,Wasserstein,11.871927037838393
25,100,2,100,nonlinear,Marginal-FR,Wasserstein,17.23103250291314
25,100,2,100,nonlinear,Gaussian-FR,Wasserstein,15.614138557310852
26,100,2,100,nonlinear,NPT-FR,Wasserstein,13.251313660033063
26,100,2,100,nonlinear,Marginal-FR,Wasserstein,18.38009722728352
26,100,2,100,nonlinear,Gaussian-FR,Wasserstein,16.76984340247063
27,100,2,100,nonlinear,NPT-FR,Wasserstein,13.127230186686079
27,100,2,100,nonlinear,Marginal-FR,Wasserstein,18.354245832515872
27,100,2,100,nonlinear,Gaussian-FR,Wasserstein,16.72957320792647
28,100,2,100,nonlinear,NPT-FR,Wasserstein,13.164611088019901
28,100,2,100,nonlinear,Marginal-FR,Wasserstein,18.356623350855006
28,100,2,100,nonlinear,Gaussian-FR,Wasserstein,17.041687360729746
29,100,2,100,nonlinear,NPT-FR,Wasserstein,12.224199250262705
29,100,2,100,nonlinear,Marginal-FR,Wasserstein,17.386142220731763
29,100,2,100,nonlinear,Gaussian-FR,Wasserstein,16.125122076299153
30,100,2,100,nonlinear,NPT-FR,Wasserstein,11.118795769300622
30,100,2,100,nonlinear,Marginal-FR,Wasserstein,16.35902263201347
30,100,2,100,nonlinear,Gaussian-FR,Wasserstein,14.746124644651625
31,100,2,100,nonlinear,NPT-FR,Wasserstein,12.51231077593045
31,100,2,100,nonlinear,Marginal-FR,Wasserstein,17.327420754960606
31,100,2,100,nonlinear,Gaussian-FR,Wasserstein,16.012964437102625
32,100,2,100,nonlinear,NPT-FR,Wasserstein,11.91280331997405
32,100,2,100,nonlinear,Marginal-FR,Wasserstein,17.02941235302702
32,100,2,100,nonlinear,Gaussian-FR,Wasserstein,15.642415340216525
33,100,2,100,nonlinear,NPT-FR,Wasserstein,12.137089753683387
33,100,2,100,nonlinear,Marginal-FR,Wasserstein,17.15527564240814
33,100,2,100,nonlinear,Gaussian-FR,Wasserstein,15.76447935217258
34,100,2,100,nonlinear,NPT-FR,Wasserstein,12.473125953133549
34,100,2,100,nonlinear,Marginal-FR,Wasserstein,17.81658585088215
34,100,2,100,nonlinear,Gaussian-FR,Wasserstein,16.604696949183467
35,100,2,100,nonlinear,NPT-FR,Wasserstein,12.130418880724399
35,100,2,100,nonlinear,Marginal-FR,Wasserstein,17.283754832971013
35,100,2,100,nonlinear,Gaussian-FR,Wasserstein,15.804653559741372
36,100,2,100,nonlinear,NPT-FR,Wasserstein,13.597733712279377
36,100,2,100,nonlinear,Marginal-FR,Wasserstein,19.14980373964386
36,100,2,100,nonlinear,Gaussian-FR,Wasserstein,16.977959668115947
37,100,2,100,nonlinear,NPT-FR,Wasserstein,11.464159359126738
37,100,2,100,nonlinear,Marginal-FR,Wasserstein,16.57549618608397
37,100,2,100,nonlinear,Gaussian-FR,Wasserstein,15.197590487451283
38,100,2,100,nonlinear,NPT-FR,Wasserstein,12.722238517630863
38,100,2,100,nonlinear,Marginal-FR,Wasserstein,18.06781861293134
38,100,2,100,nonlinear,Gaussian-FR,Wasserstein,16.52058557553403
39,100,2,100,nonlinear,NPT-FR,Wasserstein,11.946970855301311
39,100,2,100,nonlinear,Marginal-FR,Wasserstein,17.505976342436604
39,100,2,100,nonlinear,Gaussian-FR,Wasserstein,15.985493394200184
40,100,2,100,nonlinear,NPT-FR,Wasserstein,12.931635024781091
40,100,2,100,nonlinear,Marginal-FR,Wasserstein,18.103266756826095
40,100,2,100,nonlinear,Gaussian-FR,Wasserstein,16.46602855267903
41,100,2,100,nonlinear,NPT-FR,Wasserstein,12.579248394449456
41,100,2,100,nonlinear,Marginal-FR,Wasserstein,17.135706065897303
41,100,2,100,nonlinear,Gaussian-FR,Wasserstein,15.900838409135027
42,100,2,100,nonlinear,NPT-FR,Wasserstein,12.48069172567457
42,100,2,100,nonlinear,Marginal-FR,Wasserstein,17.32881487518887
42,100,2,100,nonlinear,Gaussian-FR,Wasserstein,15.904731506925446
43,100,2,100,nonlinear,NPT-FR,Wasserstein,11.898751134005444
43,100,2,100,nonlinear,Marginal-FR,Wasserstein,17.665133819357543
43,100,2,100,nonlinear,Gaussian-FR,Wasserstein,15.811551385794044
44,100,2,100,nonlinear,NPT-FR,Wasserstein,12.967116693848933
44,100,2,100,nonlinear,Marginal-FR,Wasserstein,18.30156083720621
44,100,2,100,nonlinear,Gaussian-FR,Wasserstein,16.867706607734323
45,100,2,100,nonlinear,NPT-FR,Wasserstein,12.915633915675317
45,100,2,100,nonlinear,Marginal-FR,Wasserstein,18.312894348385395
45,100,2,100,nonlinear,Gaussian-FR,Wasserstein,16.597498718123994
46,100,2,100,nonlinear,NPT-FR,Wasserstein,12.676390487256722
46,100,2,100,nonlinear,Marginal-FR,Wasserstein,18.51435184241408
46,100,2,100,nonlinear,Gaussian-FR,Wasserstein,16.74350245433017
47,100,2,100,nonlinear,NPT-FR,Wasserstein,11.782733726356472
47,100,2,100,nonlinear,Marginal-FR,Wasserstein,16.894335995626896
47,100,2,100,nonlinear,Gaussian-FR,Wasserstein,15.356401678269831
48,100,2,100,nonlinear,NPT-FR,Wasserstein,13.156224985519433
48,100,2,100,nonlinear,Marginal-FR,Wasserstein,18.30275872764403
48,100,2,100,nonlinear,Gaussian-FR,Wasserstein,16.84279341745877
49,100,2,100,nonlinear,NPT-FR,Wasserstein,13.036996035676413
49,100,2,100,nonlinear,Marginal-FR,Wasserstein,18.36937558177053
49,100,2,100,nonlinear,Gaussian-FR,Wasserstein,16.212717396404464
50,100,2,100,nonlinear,NPT-FR,Wasserstein,13.34284849989429
50,100,2,100,nonlinear,Marginal-FR,Wasserstein,18.475951072796644
50,100,2,100,nonlinear,Gaussian-FR,Wasserstein,17.143041529674644
51,100,2,100,nonlinear,NPT-FR,Wasserstein,12.301226694853513
51,100,2,100,nonlinear,Marginal-FR,Wasserstein,17.54460629346671
51,100,2,100,nonlinear,Gaussian-FR,Wasserstein,15.829186792366182
52,100,2,100,nonlinear,NPT-FR,Wasserstein,11.534508702884603
52,100,2,100,nonlinear,Marginal-FR,Wasserstein,17.06038905098961
52,100,2,100,nonlinear,Gaussian-FR,Wasserstein,15.030420389522234
53,100,2,100,nonlinear,NPT-FR,Wasserstein,12.076790372365187
53,100,2,100,nonlinear,Marginal-FR,Wasserstein,17.21762835899811
53,100,2,100,nonlinear,Gaussian-FR,Wasserstein,15.701603063331891
54,100,2,100,nonlinear,NPT-FR,Wasserstein,13.128440611092632
54,100,2,100,nonlinear,Marginal-FR,Wasserstein,18.79437372928108
54,100,2,100,nonlinear,Gaussian-FR,Wasserstein,17.23618124901204
55,100,2,100,nonlinear,NPT-FR,Wasserstein,13.134425836928537
55,100,2,100,nonlinear,Marginal-FR,Wasserstein,18.266981946408663
55,100,2,100,nonlinear,Gaussian-FR,Wasserstein,16.939529297388276
56,100,2,100,nonlinear,NPT-FR,Wasserstein,11.60517365423008
56,100,2,100,nonlinear,Marginal-FR,Wasserstein,17.070378213293946
56,100,2,100,nonlinear,Gaussian-FR,Wasserstein,15.112132740676207
57,100,2,100,nonlinear,NPT-FR,Wasserstein,12.00444844284405
57,100,2,100,nonlinear,Marginal-FR,Wasserstein,16.967077850029355
57,100,2,100,nonlinear,Gaussian-FR,Wasserstein,15.427628546844709
58,100,2,100,nonlinear,NPT-FR,Wasserstein,12.466088707912732
58,100,2,100,nonlinear,Marginal-FR,Wasserstein,17.745484910951273
58,100,2,100,nonlinear,Gaussian-FR,Wasserstein,15.997130946172856
59,100,2,100,nonlinear,NPT-FR,Wasserstein,11.241409813249211
59,100,2,100,nonlinear,Marginal-FR,Wasserstein,16.391935385563396
59,100,2,100,nonlinear,Gaussian-FR,Wasserstein,14.66511542264615
60,100,2,100,nonlinear,NPT-FR,Wasserstein,12.579956801621712
60,100,2,100,nonlinear,Marginal-FR,Wasserstein,18.062084101202238
60,100,2,100,nonlinear,Gaussian-FR,Wasserstein,16.751550784971368
61,100,2,100,nonlinear,NPT-FR,Wasserstein,13.504289141813977
61,100,2,100,nonlinear,Marginal-FR,Wasserstein,18.717490541891145
61,100,2,100,nonlinear,Gaussian-FR,Wasserstein,17.233308306445544
62,100,2,100,nonlinear,NPT-FR,Wasserstein,12.768189964701504
62,100,2,100,nonlinear,Marginal-FR,Wasserstein,17.59079154105103
62,100,2,100,nonlinear,Gaussian-FR,Wasserstein,16.21551849748004
63,100,2,100,nonlinear,NPT-FR,Wasserstein,11.996323761268918
63,100,2,100,nonlinear,Marginal-FR,Wasserstein,17.22318308721201
63,100,2,100,nonlinear,Gaussian-FR,Wasserstein,16.04881290471078
64,100,2,100,nonlinear,NPT-FR,Wasserstein,13.198756133056206
64,100,2,100,nonlinear,Marginal-FR,Wasserstein,18.385230940050977
64,100,2,100,nonlinear,Gaussian-FR,Wasserstein,16.927862416725212
65,100,2,100,nonlinear,NPT-FR,Wasserstein,11.856422918920016
65,100,2,100,nonlinear,Marginal-FR,Wasserstein,17.043524615940225
65,100,2,100,nonlinear,Gaussian-FR,Wasserstein,15.421376475333618
66,100,2,100,nonlinear,NPT-FR,Wasserstein,12.298678922225568
66,100,2,100,nonlinear,Marginal-FR,Wasserstein,17.243598712890222
66,100,2,100,nonlinear,Gaussian-FR,Wasserstein,15.776260947697546
67,100,2,100,nonlinear,NPT-FR,Wasserstein,12.971950266738355
67,100,2,100,nonlinear,Marginal-FR,Wasserstein,18.451913328818396
67,100,2,100,nonlinear,Gaussian-FR,Wasserstein,16.626509626262212
68,100,2,100,nonlinear,NPT-FR,Wasserstein,13.130625954113864
68,100,2,100,nonlinear,Marginal-FR,Wasserstein,18.363738165459377
68,100,2,100,nonlinear,Gaussian-FR,Wasserstein,16.972528165959314
69,100,2,100,nonlinear,NPT-FR,Wasserstein,11.504333691069741
69,100,2,100,nonlinear,Marginal-FR,Wasserstein,16.65456195181706
69,100,2,100,nonlinear,Gaussian-FR,Wasserstein,15.191009073107942
70,100,2,100,nonlinear,NPT-FR,Wasserstein,12.94255610940608
70,100,2,100,nonlinear,Marginal-FR,Wasserstein,18.322656330765103
70,100,2,100,nonlinear,Gaussian-FR,Wasserstein,16.363384270481266
71,100,2,100,nonlinear,NPT-FR,Wasserstein,12.55708216525927
71,100,2,100,nonlinear,Marginal-FR,Wasserstein,17.880252185724093
71,100,2,100,nonlinear,Gaussian-FR,Wasserstein,16.631149075784315
72,100,2,100,nonlinear,NPT-FR,Wasserstein,12.898794978366485
72,100,2,100,nonlinear,Marginal-FR,Wasserstein,18.318971667892214
72,100,2,100,nonlinear,Gaussian-FR,Wasserstein,16.45769860770666
73,100,2,100,nonlinear,NPT-FR,Wasserstein,13.896576896448432
73,100,2,100,nonlinear,Marginal-FR,Wasserstein,19.352188250074118
73,100,2,100,nonlinear,Gaussian-FR,Wasserstein,17.165455811280513
74,100,2,100,nonlinear,NPT-FR,Wasserstein,13.31876529818837
74,100,2,100,nonlinear,Marginal-FR,Wasserstein,18.507526834772378
74,100,2,100,nonlinear,Gaussian-FR,Wasserstein,16.93336040927769
75,100,2,100,nonlinear,NPT-FR,Wasserstein,11.911936901952014
75,100,2,100,nonlinear,Marginal-FR,Wasserstein,17.047854740836467
75,100,2,100,nonlinear,Gaussian-FR,Wasserstein,15.402393615220369
76,100,2,100,nonlinear,NPT-FR,Wasserstein,13.956684927024126
76,100,2,100,nonlinear,Marginal-FR,Wasserstein,18.774392895458497
76,100,2,100,nonlinear,Gaussian-FR,Wasserstein,17.653436844156097
77,100,2,100,nonlinear,NPT-FR,Wasserstein,12.681042369158124
77,100,2,100,nonlinear,Marginal-FR,Wasserstein,17.93221566822858
77,100,2,100,nonlinear,Gaussian-FR,Wasserstein,16.601494450488705
78,100,2,100,nonlinear,NPT-FR,Wasserstein,13.824474276861329
78,100,2,100,nonlinear,Marginal-FR,Wasserstein,18.605781057521963
78,100,2,100,nonlinear,Gaussian-FR,Wasserstein,17.40317818945415
79,100,2,100,nonlinear,NPT-FR,Wasserstein,12.759858524122693
79,100,2,100,nonlinear,Marginal-FR,Wasserstein,17.842368807101206
79,100,2,100,nonlinear,Gaussian-FR,Wasserstein,16.36164750039969
80,100,2,100,nonlinear,NPT-FR,Wasserstein,12.68537092762167
80,100,2,100,nonlinear,Marginal-FR,Wasserstein,17.780472914512153
80,100,2,100,nonlinear,Gaussian-FR,Wasserstein,16.218425824648822
81,100,2,100,nonlinear,NPT-FR,Wasserstein,13.107457564561244
81,100,2,100,nonlinear,Marginal-FR,Wasserstein,18.17436082813162
81,100,2,100,nonlinear,Gaussian-FR,Wasserstein,16.69310085381758
82,100,2,100,nonlinear,NPT-FR,Wasserstein,13.759354599929283
82,100,2,100,nonlinear,Marginal-FR,Wasserstein,18.742673473417476
82,100,2,100,nonlinear,Gaussian-FR,Wasserstein,17.474886507463815
83,100,2,100,nonlinear,NPT-FR,Wasserstein,11.791352052175778
83,100,2,100,nonlinear,Marginal-FR,Wasserstein,17.278729155672472
83,100,2,100,nonlinear,Gaussian-FR,Wasserstein,15.53255294151208
84,100,2,100,nonlinear,NPT-FR,Wasserstein,12.13348098095357
84,100,2,100,nonlinear,Marginal-FR,Wasserstein,17.485540630770625
84,100,2,100,nonlinear,Gaussian-FR,Wasserstein,15.689012904605907
85,100,2,100,nonlinear,NPT-FR,Wasserstein,13.783843726736988
85,100,2,100,nonlinear,Marginal-FR,Wasserstein,19.1432904942303
85,100,2,100,nonlinear,Gaussian-FR,Wasserstein,17.263780688273204
86,100,2,100,nonlinear,NPT-FR,Wasserstein,11.681200464409203
86,100,2,100,nonlinear,Marginal-FR,Wasserstein,17.129381257831387
86,100,2,100,nonlinear,Gaussian-FR,Wasserstein,15.474636580760537
87,100,2,100,nonlinear,NPT-FR,Wasserstein,12.513304599510727
87,100,2,100,nonlinear,Marginal-FR,Wasserstein,17.807997503749075
87,100,2,100,nonlinear,Gaussian-FR,Wasserstein,16.015790337364763
88,100,2,100,nonlinear,NPT-FR,Wasserstein,12.112814219549279
88,100,2,100,nonlinear,Marginal-FR,Wasserstein,17.639170210959573
88,100,2,100,nonlinear,Gaussian-FR,Wasserstein,15.635308641783745
89,100,2,100,nonlinear,NPT-FR,Wasserstein,11.669956692858856
89,100,2,100,nonlinear,Marginal-FR,Wasserstein,16.599243023476323
89,100,2,100,nonlinear,Gaussian-FR,Wasserstein,15.471818643755796
90,100,2,100,nonlinear,NPT-FR,Wasserstein,12.698284236327387
90,100,2,100,nonlinear,Marginal-FR,Wasserstein,17.9006879876823
90,100,2,100,nonlinear,Gaussian-FR,Wasserstein,16.04076452930438
91,100,2,100,nonlinear,NPT-FR,Wasserstein,13.115190766203897
91,100,2,100,nonlinear,Marginal-FR,Wasserstein,18.598940439210995
91,100,2,100,nonlinear,Gaussian-FR,Wasserstein,16.850078625921086
92,100,2,100,nonlinear,NPT-FR,Wasserstein,12.872162429902202
92,100,2,100,nonlinear,Marginal-FR,Wasserstein,17.799396763327284
92,100,2,100,nonlinear,Gaussian-FR,Wasserstein,16.175332848077986
93,100,2,100,nonlinear,NPT-FR,Wasserstein,13.307434726737643
93,100,2,100,nonlinear,Marginal-FR,Wasserstein,18.81745503269537
93,100,2,100,nonlinear,Gaussian-FR,Wasserstein,17.316783286215127
94,100,2,100,nonlinear,NPT-FR,Wasserstein,13.357918824803324
94,100,2,100,nonlinear,Marginal-FR,Wasserstein,18.463811473867782
94,100,2,100,nonlinear,Gaussian-FR,Wasserstein,16.73847541494688
95,100,2,100,nonlinear,NPT-FR,Wasserstein,12.369855067883476
95,100,2,100,nonlinear,Marginal-FR,Wasserstein,17.59955317844785
95,100,2,100,nonlinear,Gaussian-FR,Wasserstein,16.08943817182643
96,100,2,100,nonlinear,NPT-FR,Wasserstein,12.897382572253424
96,100,2,100,nonlinear,Marginal-FR,Wasserstein,17.84579186605835
96,100,2,100,nonlinear,Gaussian-FR,Wasserstein,16.116637996072555
97,100,2,100,nonlinear,NPT-FR,Wasserstein,12.105574781975767
97,100,2,100,nonlinear,Marginal-FR,Wasserstein,17.563849038876416
97,100,2,100,nonlinear,Gaussian-FR,Wasserstein,15.750698715692089
98,100,2,100,nonlinear,NPT-FR,Wasserstein,13.023910264606346
98,100,2,100,nonlinear,Marginal-FR,Wasserstein,17.987553196684658
98,100,2,100,nonlinear,Gaussian-FR,Wasserstein,16.657304441975477
99,100,2,100,nonlinear,NPT-FR,Wasserstein,11.3628763526017
99,100,2,100,nonlinear,Marginal-FR,Wasserstein,16.462559694320074
99,100,2,100,nonlinear,Gaussian-FR,Wasserstein,15.0770200457151
0,100,2,1000,linear,NPT-FR,Wasserstein,11.837844976948084
0,100,2,1000,linear,Marginal-FR,Wasserstein,12.027950239180479
0,100,2,1000,linear,Gaussian-FR,Wasserstein,15.320048129205047
1,100,2,1000,linear,NPT-FR,Wasserstein,12.402089001317632
1,100,2,1000,linear,Marginal-FR,Wasserstein,12.72069148237332
1,100,2,1000,linear,Gaussian-FR,Wasserstein,15.752461541540429
2,100,2,1000,linear,NPT-FR,Wasserstein,11.41197823521528
2,100,2,1000,linear,Marginal-FR,Wasserstein,11.698082114131852
2,100,2,1000,linear,Gaussian-FR,Wasserstein,14.766916354456527
3,100,2,1000,linear,NPT-FR,Wasserstein,12.345830845995986
3,100,2,1000,linear,Marginal-FR,Wasserstein,12.56421170526249
3,100,2,1000,linear,Gaussian-FR,Wasserstein,15.725577085452436
4,100,2,1000,linear,NPT-FR,Wasserstein,13.086119005323729
4,100,2,1000,linear,Marginal-FR,Wasserstein,13.196416531166593
4,100,2,1000,linear,Gaussian-FR,Wasserstein,16.630498618379406
5,100,2,1000,linear,NPT-FR,Wasserstein,12.574126580682652
5,100,2,1000,linear,Marginal-FR,Wasserstein,12.744195702547024
5,100,2,1000,linear,Gaussian-FR,Wasserstein,15.981630061667962
6,100,2,1000,linear,NPT-FR,Wasserstein,12.310609416237439
6,100,2,1000,linear,Marginal-FR,Wasserstein,12.556350699871684
6,100,2,1000,linear,Gaussian-FR,Wasserstein,15.73708188643667
7,100,2,1000,linear,NPT-FR,Wasserstein,12.821196146926725
7,100,2,1000,linear,Marginal-FR,Wasserstein,12.981325185722415
7,100,2,1000,linear,Gaussian-FR,Wasserstein,15.882452337957623
8,100,2,1000,linear,NPT-FR,Wasserstein,11.398460965181846
8,100,2,1000,linear,Marginal-FR,Wasserstein,11.620835473129217
8,100,2,1000,linear,Gaussian-FR,Wasserstein,14.877654630248927
9,100,2,1000,linear,NPT-FR,Wasserstein,12.288871711020217
9,100,2,1000,linear,Marginal-FR,Wasserstein,12.469413354109998
9,100,2,1000,linear,Gaussian-FR,Wasserstein,15.73900475977534
10,100,2,1000,linear,NPT-FR,Wasserstein,12.05318979730074
10,100,2,1000,linear,Marginal-FR,Wasserstein,12.285548308693466
10,100,2,1000,linear,Gaussian-FR,Wasserstein,15.357266901077928
11,100,2,1000,linear,NPT-FR,Wasserstein,12.780048696907151
11,100,2,1000,linear,Marginal-FR,Wasserstein,12.949247243518476
11,100,2,1000,linear,Gaussian-FR,Wasserstein,15.964269698637919
12,100,2,1000,linear,NPT-FR,Wasserstein,13.115249238347499
12,100,2,1000,linear,Marginal-FR,Wasserstein,13.337267215387387
12,100,2,1000,linear,Gaussian-FR,Wasserstein,16.543269097188556
13,100,2,1000,linear,NPT-FR,Wasserstein,13.636683664759257
13,100,2,1000,linear,Marginal-FR,Wasserstein,13.838229875276754
13,100,2,1000,linear,Gaussian-FR,Wasserstein,17.09964139163902
14,100,2,1000,linear,NPT-FR,Wasserstein,11.90489232615626
14,100,2,1000,linear,Marginal-FR,Wasserstein,12.121057142752587
14,100,2,1000,linear,Gaussian-FR,Wasserstein,15.273411459519618
15,100,2,1000,linear,NPT-FR,Wasserstein,13.130394755490128
15,100,2,1000,linear,Marginal-FR,Wasserstein,13.312247270395229
15,100,2,1000,linear,Gaussian-FR,Wasserstein,16.645109292079212
16,100,2,1000,linear,NPT-FR,Wasserstein,13.551581938326466
16,100,2,1000,linear,Marginal-FR,Wasserstein,13.860150189429136
16,100,2,1000,linear,Gaussian-FR,Wasserstein,16.777118271926913
17,100,2,1000,linear,NPT-FR,Wasserstein,12.470850981623457
17,100,2,1000,linear,Marginal-FR,Wasserstein,12.656356342351533
17,100,2,1000,linear,Gaussian-FR,Wasserstein,15.90803213609165
18,100,2,1000,linear,NPT-FR,Wasserstein,12.455286529963638
18,100,2,1000,linear,Marginal-FR,Wasserstein,12.580002227006444
18,100,2,1000,linear,Gaussian-FR,Wasserstein,15.655054491077033
19,100,2,1000,linear,NPT-FR,Wasserstein,12.55322256037365
19,100,2,1000,linear,Marginal-FR,Wasserstein,12.811900930838933
19,100,2,1000,linear,Gaussian-FR,Wasserstein,15.804349095068574
20,100,2,1000,linear,NPT-FR,Wasserstein,11.531986585854865
20,100,2,1000,linear,Marginal-FR,Wasserstein,11.766394157956725
20,100,2,1000,linear,Gaussian-FR,Wasserstein,14.723781884296187
21,100,2,1000,linear,NPT-FR,Wasserstein,13.67213282882572
21,100,2,1000,linear,Marginal-FR,Wasserstein,13.950314137114804
21,100,2,1000,linear,Gaussian-FR,Wasserstein,17.0668966789096
22,100,2,1000,linear,NPT-FR,Wasserstein,12.601662128550416
22,100,2,1000,linear,Marginal-FR,Wasserstein,12.851761478122318
22,100,2,1000,linear,Gaussian-FR,Wasserstein,16.007671337816017
23,100,2,1000,linear,NPT-FR,Wasserstein,12.858114371784236
23,100,2,1000,linear,Marginal-FR,Wasserstein,13.064721622120413
23,100,2,1000,linear,Gaussian-FR,Wasserstein,16.34110078288477
24,100,2,1000,linear,NPT-FR,Wasserstein,11.890799058348984
24,100,2,1000,linear,Marginal-FR,Wasserstein,12.055206775874735
24,100,2,1000,linear,Gaussian-FR,Wasserstein,15.403857523181694
25,100,2,1000,linear,NPT-FR,Wasserstein,11.229195638672419
25,100,2,1000,linear,Marginal-FR,Wasserstein,11.469908993510241
25,100,2,1000,linear,Gaussian-FR,Wasserstein,14.577719587488337
26,100,2,1000,linear,NPT-FR,Wasserstein,12.490195655335723
26,100,2,1000,linear,Marginal-FR,Wasserstein,12.686522465957847
26,100,2,1000,linear,Gaussian-FR,Wasserstein,15.719234012869478
27,100,2,1000,linear,NPT-FR,Wasserstein,11.918035852937017
27,100,2,1000,linear,Marginal-FR,Wasserstein,12.187262923486347
27,100,2,1000,linear,Gaussian-FR,Wasserstein,15.431421065416634
28,100,2,1000,linear,NPT-FR,Wasserstein,13.295385043169812
28,100,2,1000,linear,Marginal-FR,Wasserstein,13.560942063210703
28,100,2,1000,linear,Gaussian-FR,Wasserstein,16.901295634689717
29,100,2,1000,linear,NPT-FR,Wasserstein,12.966449741657405
29,100,2,1000,linear,Marginal-FR,Wasserstein,13.202255864572017
29,100,2,1000,linear,Gaussian-FR,Wasserstein,16.3669820950247
30,100,2,1000,linear,NPT-FR,Wasserstein,13.229646016316684
30,100,2,1000,linear,Marginal-FR,Wasserstein,13.39900108373466
30,100,2,1000,linear,Gaussian-FR,Wasserstein,16.603610763733037
31,100,2,1000,linear,NPT-FR,Wasserstein,12.83367774247675
31,100,2,1000,linear,Marginal-FR,Wasserstein,13.061238857797907
31,100,2,1000,linear,Gaussian-FR,Wasserstein,16.357797887450555
32,100,2,1000,linear,NPT-FR,Wasserstein,13.279101079410779
32,100,2,1000,linear,Marginal-FR,Wasserstein,13.519645917619371
32,100,2,1000,linear,Gaussian-FR,Wasserstein,16.47379072311735
33,100,2,1000,linear,NPT-FR,Wasserstein,12.782048378720724
33,100,2,1000,linear,Marginal-FR,Wasserstein,12.936068038205867
33,100,2,1000,linear,Gaussian-FR,Wasserstein,15.94219843694994
34,100,2,1000,linear,NPT-FR,Wasserstein,13.843239516525875
34,100,2,1000,linear,Marginal-FR,Wasserstein,13.93870233784626
34,100,2,1000,linear,Gaussian-FR,Wasserstein,17.472044983544578
35,100,2,1000,linear,NPT-FR,Wasserstein,13.442328217279824
35,100,2,1000,linear,Marginal-FR,Wasserstein,13.665106310931867
35,100,2,1000,linear,Gaussian-FR,Wasserstein,17.031625554825773
36,100,2,1000,linear,NPT-FR,Wasserstein,13.04721776324556
36,100,2,1000,linear,Marginal-FR,Wasserstein,13.394837676659165
36,100,2,1000,linear,Gaussian-FR,Wasserstein,16.714169667595616
37,100,2,1000,linear,NPT-FR,Wasserstein,13.22332665837494
37,100,2,1000,linear,Marginal-FR,Wasserstein,13.416882655889781
37,100,2,1000,linear,Gaussian-FR,Wasserstein,16.60813276845511
38,100,2,1000,linear,NPT-FR,Wasserstein,12.476636102967685
38,100,2,1000,linear,Marginal-FR,Wasserstein,12.693481736394027
38,100,2,1000,linear,Gaussian-FR,Wasserstein,15.793747595966257
39,100,2,1000,linear,NPT-FR,Wasserstein,11.95276564361253
39,100,2,1000,linear,Marginal-FR,Wasserstein,12.134391161192928
39,100,2,1000,linear,Gaussian-FR,Wasserstein,15.25529062579694
40,100,2,1000,linear,NPT-FR,Wasserstein,12.022709790602754
40,100,2,1000,linear,Marginal-FR,Wasserstein,12.161978054257444
40,100,2,1000,linear,Gaussian-FR,Wasserstein,15.178779714458496
41,100,2,1000,linear,NPT-FR,Wasserstein,13.401253332485524
41,100,2,1000,linear,Marginal-FR,Wasserstein,13.706166421420642
41,100,2,1000,linear,Gaussian-FR,Wasserstein,16.937703040907667
42,100,2,1000,linear,NPT-FR,Wasserstein,13.44838553092908
42,100,2,1000,linear,Marginal-FR,Wasserstein,13.73203302644952
42,100,2,1000,linear,Gaussian-FR,Wasserstein,17.06717935510115
43,100,2,1000,linear,NPT-FR,Wasserstein,11.855167558982991
43,100,2,1000,linear,Marginal-FR,Wasserstein,12.100956122625863
43,100,2,1000,linear,Gaussian-FR,Wasserstein,15.156627062103105
44,100,2,1000,linear,NPT-FR,Wasserstein,14.16351011047433
44,100,2,1000,linear,Marginal-FR,Wasserstein,14.336638890755493
44,100,2,1000,linear,Gaussian-FR,Wasserstein,17.41469061386813
45,100,2,1000,linear,NPT-FR,Wasserstein,13.456741172876843
45,100,2,1000,linear,Marginal-FR,Wasserstein,13.656682795314067
45,100,2,1000,linear,Gaussian-FR,Wasserstein,16.53299467680277
46,100,2,1000,linear,NPT-FR,Wasserstein,12.462181839438562
46,100,2,1000,linear,Marginal-FR,Wasserstein,12.726062260005532
46,100,2,1000,linear,Gaussian-FR,Wasserstein,16.020954831420994
47,100,2,1000,linear,NPT-FR,Wasserstein,13.22836714849574
47,100,2,1000,linear,Marginal-FR,Wasserstein,13.549470821561671
47,100,2,1000,linear,Gaussian-FR,Wasserstein,16.625150047644723
48,100,2,1000,linear,NPT-FR,Wasserstein,13.196756547065165
48,100,2,1000,linear,Marginal-FR,Wasserstein,13.383186814993877
48,100,2,1000,linear,Gaussian-FR,Wasserstein,16.650051015834812
49,100,2,1000,linear,NPT-FR,Wasserstein,12.000878309928787
49,100,2,1000,linear,Marginal-FR,Wasserstein,12.229272468982789
49,100,2,1000,linear,Gaussian-FR,Wasserstein,15.479066126914303
50,100,2,1000,linear,NPT-FR,Wasserstein,13.111541399877403
50,100,2,1000,linear,Marginal-FR,Wasserstein,13.314046817094338
50,100,2,1000,linear,Gaussian-FR,Wasserstein,16.723551774794203
51,100,2,1000,linear,NPT-FR,Wasserstein,13.92593901050545
51,100,2,1000,linear,Marginal-FR,Wasserstein,14.172853325340226
51,100,2,1000,linear,Gaussian-FR,Wasserstein,17.360916525259412
52,100,2,1000,linear,NPT-FR,Wasserstein,12.7224913903287
52,100,2,1000,linear,Marginal-FR,Wasserstein,12.979958781505319
52,100,2,1000,linear,Gaussian-FR,Wasserstein,16.063907490714204
53,100,2,1000,linear,NPT-FR,Wasserstein,12.661278921457473
53,100,2,1000,linear,Marginal-FR,Wasserstein,12.77150565274227
53,100,2,1000,linear,Gaussian-FR,Wasserstein,15.957245488965187
54,100,2,1000,linear,NPT-FR,Wasserstein,12.272825860305664
54,100,2,1000,linear,Marginal-FR,Wasserstein,12.471425781720674
54,100,2,1000,linear,Gaussian-FR,Wasserstein,15.443658116481748
55,100,2,1000,linear,NPT-FR,Wasserstein,13.253216964577016
55,100,2,1000,linear,Marginal-FR,Wasserstein,13.450248036629295
55,100,2,1000,linear,Gaussian-FR,Wasserstein,16.482550657026415
56,100,2,1000,linear,NPT-FR,Wasserstein,11.86358279532762
56,100,2,1000,linear,Marginal-FR,Wasserstein,12.116406473213425
56,100,2,1000,linear,Gaussian-FR,Wasserstein,15.189713201158483
57,100,2,1000,linear,NPT-FR,Wasserstein,12.970465359413371
57,100,2,1000,linear,Marginal-FR,Wasserstein,13.065591618511169
57,100,2,1000,linear,Gaussian-FR,Wasserstein,16.21379285006285
58,100,2,1000,linear,NPT-FR,Wasserstein,12.543447494002358
58,100,2,1000,linear,Marginal-FR,Wasserstein,12.723227239905873
58,100,2,1000,linear,Gaussian-FR,Wasserstein,15.781124225136537
59,100,2,1000,linear,NPT-FR,Wasserstein,11.695926271252182
59,100,2,1000,linear,Marginal-FR,Wasserstein,11.8409173256658
59,100,2,1000,linear,Gaussian-FR,Wasserstein,15.009057530375332
60,100,2,1000,linear,NPT-FR,Wasserstein,12.906208347296435
60,100,2,1000,linear,Marginal-FR,Wasserstein,13.207668307315346
60,100,2,1000,linear,Gaussian-FR,Wasserstein,16.315410427017582
61,100,2,1000,linear,NPT-FR,Wasserstein,11.968549671090493
61,100,2,1000,linear,Marginal-FR,Wasserstein,12.11060751911597
61,100,2,1000,linear,Gaussian-FR,Wasserstein,15.303148253880433
62,100,2,1000,linear,NPT-FR,Wasserstein,13.176302466938976
62,100,2,1000,linear,Marginal-FR,Wasserstein,13.535357098080558
62,100,2,1000,linear,Gaussian-FR,Wasserstein,16.606590550259693
63,100,2,1000,linear,NPT-FR,Wasserstein,12.348331708841052
63,100,2,1000,linear,Marginal-FR,Wasserstein,12.658762038450108
63,100,2,1000,linear,Gaussian-FR,Wasserstein,15.605026942073794
64,100,2,1000,linear,NPT-FR,Wasserstein,12.772977020339072
64,100,2,1000,linear,Marginal-FR,Wasserstein,12.992691591117316
64,100,2,1000,linear,Gaussian-FR,Wasserstein,16.193687433582753
65,100,2,1000,linear,NPT-FR,Wasserstein,12.846864724768645
65,100,2,1000,linear,Marginal-FR,Wasserstein,12.96376602850874
65,100,2,1000,linear,Gaussian-FR,Wasserstein,16.00578342348072
66,100,2,1000,linear,NPT-FR,Wasserstein,12.361399809868882
66,100,2,1000,linear,Marginal-FR,Wasserstein,12.563172560719313
66,100,2,1000,linear,Gaussian-FR,Wasserstein,15.626609038775875
67,100,2,1000,linear,NPT-FR,Wasserstein,11.307891184370622
67,100,2,1000,linear,Marginal-FR,Wasserstein,11.537777831154516
67,100,2,1000,linear,Gaussian-FR,Wasserstein,14.602792092930734
68,100,2,1000,linear,NPT-FR,Wasserstein,12.737396752697597
68,100,2,1000,linear,Marginal-FR,Wasserstein,12.926328318780099
68,100,2,1000,linear,Gaussian-FR,Wasserstein,15.991875820893789
69,100,2,1000,linear,NPT-FR,Wasserstein,12.504383927063314
69,100,2,1000,linear,Marginal-FR,Wasserstein,12.662357519912621
69,100,2,1000,linear,Gaussian-FR,Wasserstein,15.79848551606261
70,100,2,1000,linear,NPT-FR,Wasserstein,12.52311824458231
70,100,2,1000,linear,Marginal-FR,Wasserstein,12.877186658506723
70,100,2,1000,linear,Gaussian-FR,Wasserstein,16.0348981730044
71,100,2,1000,linear,NPT-FR,Wasserstein,13.227833163374923
71,100,2,1000,linear,Marginal-FR,Wasserstein,13.441319011561703
71,100,2,1000,linear,Gaussian-FR,Wasserstein,16.66090970722577
72,100,2,1000,linear,NPT-FR,Wasserstein,13.228425219729717
72,100,2,1000,linear,Marginal-FR,Wasserstein,13.382412241541417
72,100,2,1000,linear,Gaussian-FR,Wasserstein,16.674073430242668
73,100,2,1000,linear,NPT-FR,Wasserstein,11.837182889820966
73,100,2,1000,linear,Marginal-FR,Wasserstein,12.025677162840438
73,100,2,1000,linear,Gaussian-FR,Wasserstein,15.088181591866533
74,100,2,1000,linear,NPT-FR,Wasserstein,12.506139372259684
74,100,2,1000,linear,Marginal-FR,Wasserstein,12.68657143073004
74,100,2,1000,linear,Gaussian-FR,Wasserstein,15.789983353554264
75,100,2,1000,linear,NPT-FR,Wasserstein,12.849412633154476
75,100,2,1000,linear,Marginal-FR,Wasserstein,12.9985616106868
75,100,2,1000,linear,Gaussian-FR,Wasserstein,16.27258226369881
76,100,2,1000,linear,NPT-FR,Wasserstein,11.960924111609813
76,100,2,1000,linear,Marginal-FR,Wasserstein,12.255967552299873
76,100,2,1000,linear,Gaussian-FR,Wasserstein,15.401424481479022
77,100,2,1000,linear,NPT-FR,Wasserstein,13.542919176270711
77,100,2,1000,linear,Marginal-FR,Wasserstein,13.776999518089905
77,100,2,1000,linear,Gaussian-FR,Wasserstein,16.715266263383818
78,100,2,1000,linear,NPT-FR,Wasserstein,11.17331893460431
78,100,2,1000,linear,Marginal-FR,Wasserstein,11.426001464160258
78,100,2,1000,linear,Gaussian-FR,Wasserstein,14.42389795612581
79,100,2,1000,linear,NPT-FR,Wasserstein,13.672042851232275
79,100,2,1000,linear,Marginal-FR,Wasserstein,13.860694659468423
79,100,2,1000,linear,Gaussian-FR,Wasserstein,16.951850845048348
80,100,2,1000,linear,NPT-FR,Wasserstein,12.091786971480893
80,100,2,1000,linear,Marginal-FR,Wasserstein,12.294409678931732
80,100,2,1000,linear,Gaussian-FR,Wasserstein,15.60007427156272
81,100,2,1000,linear,NPT-FR,Wasserstein,12.340686613596242
81,100,2,1000,linear,Marginal-FR,Wasserstein,12.604122502469881
81,100,2,1000,linear,Gaussian-FR,Wasserstein,15.742988737427114
82,100,2,1000,linear,NPT-FR,Wasserstein,11.471852070096466
82,100,2,1000,linear,Marginal-FR,Wasserstein,11.555552302324603
82,100,2,1000,linear,Gaussian-FR,Wasserstein,15.009046723570387
83,100,2,1000,linear,NPT-FR,Wasserstein,13.014687998399868
83,100,2,1000,linear,Marginal-FR,Wasserstein,13.2316010326247
83,100,2,1000,linear,Gaussian-FR,Wasserstein,16.36004451900452
84,100,2,1000,linear,NPT-FR,Wasserstein,12.820544051384463
84,100,2,1000,linear,Marginal-FR,Wasserstein,13.122594940549945
84,100,2,1000,linear,Gaussian-FR,Wasserstein,16.081291309419715
85,100,2,1000,linear,NPT-FR,Wasserstein,12.556647383551358
85,100,2,1000,linear,Marginal-FR,Wasserstein,12.763562302462717
85,100,2,1000,linear,Gaussian-FR,Wasserstein,16.041348267688388
86,100,2,1000,linear,NPT-FR,Wasserstein,13.47784709877388
86,100,2,1000,linear,Marginal-FR,Wasserstein,13.674397953423103
86,100,2,1000,linear,Gaussian-FR,Wasserstein,16.778801928106244
87,100,2,1000,linear,NPT-FR,Wasserstein,12.573003339444513
87,100,2,1000,linear,Marginal-FR,Wasserstein,12.791372990058596
87,100,2,1000,linear,Gaussian-FR,Wasserstein,16.071099229083785
88,100,2,1000,linear,NPT-FR,Wasserstein,12.21700160407971
88,100,2,1000,linear,Marginal-FR,Wasserstein,12.461951248892689
88,100,2,1000,linear,Gaussian-FR,Wasserstein,15.754313878284899
89,100,2,1000,linear,NPT-FR,Wasserstein,12.780796345047955
89,100,2,1000,linear,Marginal-FR,Wasserstein,13.018179155648596
89,100,2,1000,linear,Gaussian-FR,Wasserstein,16.19395746090943
90,100,2,1000,linear,NPT-FR,Wasserstein,13.306248040707084
90,100,2,1000,linear,Marginal-FR,Wasserstein,13.493066963535975
90,100,2,1000,linear,Gaussian-FR,Wasserstein,16.661636595015572
91,100,2,1000,linear,NPT-FR,Wasserstein,12.325088945323495
91,100,2,1000,linear,Marginal-FR,Wasserstein,12.56467665312598
91,100,2,1000,linear,Gaussian-FR,Wasserstein,15.718415962679716
92,100,2,1000,linear,NPT-FR,Wasserstein,12.917055127888766
92,100,2,1000,linear,Marginal-FR,Wasserstein,13.166977576469257
92,100,2,1000,linear,Gaussian-FR,Wasserstein,16.25578566318583
93,100,2,1000,linear,NPT-FR,Wasserstein,12.360243884734155
93,100,2,1000,linear,Marginal-FR,Wasserstein,12.643672776161198
93,100,2,1000,linear,Gaussian-FR,Wasserstein,15.710887634800663
94,100,2,1000,linear,NPT-FR,Wasserstein,12.644400967199676
94,100,2,1000,linear,Marginal-FR,Wasserstein,12.907252205388085
94,100,2,1000,linear,Gaussian-FR,Wasserstein,16.173579428796987
95,100,2,1000,linear,NPT-FR,Wasserstein,13.08991950661134
95,100,2,1000,linear,Marginal-FR,Wasserstein,13.30341605659026
95,100,2,1000,linear,Gaussian-FR,Wasserstein,16.446578602065195
96,100,2,1000,linear,NPT-FR,Wasserstein,12.098573875855468
96,100,2,1000,linear,Marginal-FR,Wasserstein,12.258402191167454
96,100,2,1000,linear,Gaussian-FR,Wasserstein,15.327561746330803
97,100,2,1000,linear,NPT-FR,Wasserstein,13.210225496597625
97,100,2,1000,linear,Marginal-FR,Wasserstein,13.474194509512069
97,100,2,1000,linear,Gaussian-FR,Wasserstein,16.590132987126594
98,100,2,1000,linear,NPT-FR,Wasserstein,13.207158664663268
98,100,2,1000,linear,Marginal-FR,Wasserstein,13.456805399632676
98,100,2,1000,linear,Gaussian-FR,Wasserstein,16.567534464675724
99,100,2,1000,linear,NPT-FR,Wasserstein,12.12800341408638
99,100,2,1000,linear,Marginal-FR,Wasserstein,12.425692504359477
99,100,2,1000,linear,Gaussian-FR,Wasserstein,15.593021469124578
0,100,2,1000,nonlinear,NPT-FR,Wasserstein,12.591271620470831
0,100,2,1000,nonlinear,Marginal-FR,Wasserstein,17.837760082910727
0,100,2,1000,nonlinear,Gaussian-FR,Wasserstein,16.299229422083137
1,100,2,1000,nonlinear,NPT-FR,Wasserstein,13.383938182992908
1,100,2,1000,nonlinear,Marginal-FR,Wasserstein,19.109450497054436
1,100,2,1000,nonlinear,Gaussian-FR,Wasserstein,17.412902473334245
2,100,2,1000,nonlinear,NPT-FR,Wasserstein,11.90739296456198
2,100,2,1000,nonlinear,Marginal-FR,Wasserstein,17.128309076602083
2,100,2,1000,nonlinear,Gaussian-FR,Wasserstein,15.802868484002293
3,100,2,1000,nonlinear,NPT-FR,Wasserstein,11.890315274754327
3,100,2,1000,nonlinear,Marginal-FR,Wasserstein,17.15718348617772
3,100,2,1000,nonlinear,Gaussian-FR,Wasserstein,15.611541258123292
4,100,2,1000,nonlinear,NPT-FR,Wasserstein,11.582311146861604
4,100,2,1000,nonlinear,Marginal-FR,Wasserstein,16.827788501865356
4,100,2,1000,nonlinear,Gaussian-FR,Wasserstein,15.244164335911279
5,100,2,1000,nonlinear,NPT-FR,Wasserstein,12.036422751438044
5,100,2,1000,nonlinear,Marginal-FR,Wasserstein,17.16398641661582
5,100,2,1000,nonlinear,Gaussian-FR,Wasserstein,15.550621866531149
6,100,2,1000,nonlinear,NPT-FR,Wasserstein,12.37640335876307
6,100,2,1000,nonlinear,Marginal-FR,Wasserstein,17.71234374366595
6,100,2,1000,nonlinear,Gaussian-FR,Wasserstein,16.513703236731576
7,100,2,1000,nonlinear,NPT-FR,Wasserstein,13.491090970990292
7,100,2,1000,nonlinear,Marginal-FR,Wasserstein,19.361137613029438
7,100,2,1000,nonlinear,Gaussian-FR,Wasserstein,17.249554925983645
8,100,2,1000,nonlinear,NPT-FR,Wasserstein,12.538560448926852
8,100,2,1000,nonlinear,Marginal-FR,Wasserstein,18.02905930370031
8,100,2,1000,nonlinear,Gaussian-FR,Wasserstein,16.593155212977297
9,100,2,1000,nonlinear,NPT-FR,Wasserstein,12.581594365848225
9,100,2,1000,nonlinear,Marginal-FR,Wasserstein,18.063966239296516
9,100,2,1000,nonlinear,Gaussian-FR,Wasserstein,16.541461557440563
10,100,2,1000,nonlinear,NPT-FR,Wasserstein,13.431254881019788
10,100,2,1000,nonlinear,Marginal-FR,Wasserstein,18.679851949962984
10,100,2,1000,nonlinear,Gaussian-FR,Wasserstein,16.865352480232243
11,100,2,1000,nonlinear,NPT-FR,Wasserstein,12.374793295551697
11,100,2,1000,nonlinear,Marginal-FR,Wasserstein,17.843479203081763
11,100,2,1000,nonlinear,Gaussian-FR,Wasserstein,16.386608883217864
12,100,2,1000,nonlinear,NPT-FR,Wasserstein,12.546971722742008
12,100,2,1000,nonlinear,Marginal-FR,Wasserstein,17.992769301759093
12,100,2,1000,nonlinear,Gaussian-FR,Wasserstein,16.1150704848407
13,100,2,1000,nonlinear,NPT-FR,Wasserstein,12.890694633065829
13,100,2,1000,nonlinear,Marginal-FR,Wasserstein,18.343832226912177
13,100,2,1000,nonlinear,Gaussian-FR,Wasserstein,16.701032284691124
14,100,2,1000,nonlinear,NPT-FR,Wasserstein,12.503276698050104
14,100,2,1000,nonlinear,Marginal-FR,Wasserstein,17.754006305814116
14,100,2,1000,nonlinear,Gaussian-FR,Wasserstein,16.488629575075137
15,100,2,1000,nonlinear,NPT-FR,Wasserstein,12.013821437874158
15,100,2,1000,nonlinear,Marginal-FR,Wasserstein,17.09232119627184
15,100,2,1000,nonlinear,Gaussian-FR,Wasserstein,15.785573275421296
16,100,2,1000,nonlinear,NPT-FR,Wasserstein,12.114510255945694
16,100,2,1000,nonlinear,Marginal-FR,Wasserstein,17.509829091589207
16,100,2,1000,nonlinear,Gaussian-FR,Wasserstein,15.92585009845956
17,100,2,1000,nonlinear,NPT-FR,Wasserstein,14.209071849931654
17,100,2,1000,nonlinear,Marginal-FR,Wasserstein,19.760613124833842
17,100,2,1000,nonlinear,Gaussian-FR,Wasserstein,17.873649810555893
18,100,2,1000,nonlinear,NPT-FR,Wasserstein,12.45350567713872
18,100,2,1000,nonlinear,Marginal-FR,Wasserstein,17.567888146371537
18,100,2,1000,nonlinear,Gaussian-FR,Wasserstein,16.17532804841328
19,100,2,1000,nonlinear,NPT-FR,Wasserstein,12.006241441782306
19,100,2,1000,nonlinear,Marginal-FR,Wasserstein,17.420069949626043
19,100,2,1000,nonlinear,Gaussian-FR,Wasserstein,15.72188967917646
20,100,2,1000,nonlinear,NPT-FR,Wasserstein,12.267264113078824
20,100,2,1000,nonlinear,Marginal-FR,Wasserstein,17.527027539616743
20,100,2,1000,nonlinear,Gaussian-FR,Wasserstein,15.84025785801274
21,100,2,1000,nonlinear,NPT-FR,Wasserstein,12.274439125228602
21,100,2,1000,nonlinear,Marginal-FR,Wasserstein,17.896274591759497
21,100,2,1000,nonlinear,Gaussian-FR,Wasserstein,16.292856268657403
22,100,2,1000,nonlinear,NPT-FR,Wasserstein,14.748603496624938
22,100,2,1000,nonlinear,Marginal-FR,Wasserstein,19.765596875249432
22,100,2,1000,nonlinear,Gaussian-FR,Wasserstein,18.3844205742124
23,100,2,1000,nonlinear,NPT-FR,Wasserstein,13.356750747346386
23,100,2,1000,nonlinear,Marginal-FR,Wasserstein,18.666659238358903
23,100,2,1000,nonlinear,Gaussian-FR,Wasserstein,16.849389166789134
24,100,2,1000,nonlinear,NPT-FR,Wasserstein,14.578117509882572
24,100,2,1000,nonlinear,Marginal-FR,Wasserstein,19.71084370038822
24,100,2,1000,nonlinear,Gaussian-FR,Wasserstein,17.922735667410702
25,100,2,1000,nonlinear,NPT-FR,Wasserstein,12.236103673014748
25,100,2,1000,nonlinear,Marginal-FR,Wasserstein,17.461662605225385
25,100,2,1000,nonlinear,Gaussian-FR,Wasserstein,15.70694764979907
26,100,2,1000,nonlinear,NPT-FR,Wasserstein,12.399740076362967
26,100,2,1000,nonlinear,Marginal-FR,Wasserstein,17.787584489229108
26,100,2,1000,nonlinear,Gaussian-FR,Wasserstein,16.162616933561576
27,100,2,1000,nonlinear,NPT-FR,Wasserstein,12.283149180356173
27,100,2,1000,nonlinear,Marginal-FR,Wasserstein,17.790952126472387
27,100,2,1000,nonlinear,Gaussian-FR,Wasserstein,16.190825395695516
28,100,2,1000,nonlinear,NPT-FR,Wasserstein,12.311070953782039
28,100,2,1000,nonlinear,Marginal-FR,Wasserstein,17.460713487348514
28,100,2,1000,nonlinear,Gaussian-FR,Wasserstein,16.138508637719916
29,100,2,1000,nonlinear,NPT-FR,Wasserstein,11.790022196680995
29,100,2,1000,nonlinear,Marginal-FR,Wasserstein,16.832466068449445
29,100,2,1000,nonlinear,Gaussian-FR,Wasserstein,15.410070569805633
30,100,2,1000,nonlinear,NPT-FR,Wasserstein,12.975045635045257
30,100,2,1000,nonlinear,Marginal-FR,Wasserstein,17.95442163159661
30,100,2,1000,nonlinear,Gaussian-FR,Wasserstein,16.746395460454384
31,100,2,1000,nonlinear,NPT-FR,Wasserstein,12.822093654271626
31,100,2,1000,nonlinear,Marginal-FR,Wasserstein,18.22294035706532
31,100,2,1000,nonlinear,Gaussian-FR,Wasserstein,16.608716130985332
32,100,2,1000,nonlinear,NPT-FR,Wasserstein,13.206343776492703
32,100,2,1000,nonlinear,Marginal-FR,Wasserstein,18.57245024445685
32,100,2,1000,nonlinear,Gaussian-FR,Wasserstein,16.993448399559025
33,100,2,1000,nonlinear,NPT-FR,Wasserstein,13.88615852345935
33,100,2,1000,nonlinear,Marginal-FR,Wasserstein,19.403301829868084
33,100,2,1000,nonlinear,Gaussian-FR,Wasserstein,17.544680525722793
34,100,2,1000,nonlinear,NPT-FR,Wasserstein,12.159604827606836
34,100,2,1000,nonlinear,Marginal-FR,Wasserstein,17.112768031603505
34,100,2,1000,nonlinear,Gaussian-FR,Wasserstein,15.74742007161733
35,100,2,1000,nonlinear,NPT-FR,Wasserstein,12.278914788792674
35,100,2,1000,nonlinear,Marginal-FR,Wasserstein,18.02858948645045
35,100,2,1000,nonlinear,Gaussian-FR,Wasserstein,16.456359391075154
36,100,2,1000,nonlinear,NPT-FR,Wasserstein,13.34802125449302
36,100,2,1000,nonlinear,Marginal-FR,Wasserstein,19.117785547312764
36,100,2,1000,nonlinear,Gaussian-FR,Wasserstein,17.03843949813913
37,100,2,1000,nonlinear,NPT-FR,Wasserstein,11.199147201240876
37,100,2,1000,nonlinear,Marginal-FR,Wasserstein,16.462672567829845
37,100,2,1000,nonlinear,Gaussian-FR,Wasserstein,15.052307134455448
38,100,2,1000,nonlinear,NPT-FR,Wasserstein,12.252802744790321
38,100,2,1000,nonlinear,Marginal-FR,Wasserstein,17.473387821816466
38,100,2,1000,nonlinear,Gaussian-FR,Wasserstein,16.026592782199998
39,100,2,1000,nonlinear,NPT-FR,Wasserstein,11.232712189842786
39,100,2,1000,nonlinear,Marginal-FR,Wasserstein,16.816010408144614
39,100,2,1000,nonlinear,Gaussian-FR,Wasserstein,15.062946229958435
40,100,2,1000,nonlinear,NPT-FR,Wasserstein,12.537114804660709
40,100,2,1000,nonlinear,Marginal-FR,Wasserstein,17.64538144729349
40,100,2,1000,nonlinear,Gaussian-FR,Wasserstein,16.20849402387599
41,100,2,1000,nonlinear,NPT-FR,Wasserstein,12.988793673427397
41,100,2,1000,nonlinear,Marginal-FR,Wasserstein,18.66309092793157
41,100,2,1000,nonlinear,Gaussian-FR,Wasserstein,16.934051132603688
42,100,2,1000,nonlinear,NPT-FR,Wasserstein,12.298294746627482
42,100,2,1000,nonlinear,Marginal-FR,Wasserstein,18.32049746681857
42,100,2,1000,nonlinear,Gaussian-FR,Wasserstein,16.002193749137334
43,100,2,1000,nonlinear,NPT-FR,Wasserstein,12.676148068839705
43,100,2,1000,nonlinear,Marginal-FR,Wasserstein,17.896947117244803
43,100,2,1000,nonlinear,Gaussian-FR,Wasserstein,16.38961908914478
44,100,2,1000,nonlinear,NPT-FR,Wasserstein,14.139446391195182
44,100,2,1000,nonlinear,Marginal-FR,Wasserstein,19.532976821241604
44,100,2,1000,nonlinear,Gaussian-FR,Wasserstein,17.877808570244373
45,100,2,1000,nonlinear,NPT-FR,Wasserstein,12.452357290859714
45,100,2,1000,nonlinear,Marginal-FR,Wasserstein,17.68757059866924
45,100,2,1000,nonlinear,Gaussian-FR,Wasserstein,16.329872191148237
46,100,2,1000,nonlinear,NPT-FR,Wasserstein,11.43859583641253
46,100,2,1000,nonlinear,Marginal-FR,Wasserstein,16.77989227253358
46,100,2,1000,nonlinear,Gaussian-FR,Wasserstein,15.081901500125696
47,100,2,1000,nonlinear,NPT-FR,Wasserstein,12.60530915977804
47,100,2,1000,nonlinear,Marginal-FR,Wasserstein,18.01636038712765
47,100,2,1000,nonlinear,Gaussian-FR,Wasserstein,16.376561902426648
48,100,2,1000,nonlinear,NPT-FR,Wasserstein,13.290735307395588
48,100,2,1000,nonlinear,Marginal-FR,Wasserstein,18.68059542278684
48,100,2,1000,nonlinear,Gaussian-FR,Wasserstein,17.192152030704577
49,100,2,1000,nonlinear,NPT-FR,Wasserstein,11.54233438045644
49,100,2,1000,nonlinear,Marginal-FR,Wasserstein,16.808404656391023
49,100,2,1000,nonlinear,Gaussian-FR,Wasserstein,15.233714443774513
50,100,2,1000,nonlinear,NPT-FR,Wasserstein,12.827944364610662
50,100,2,1000,nonlinear,Marginal-FR,Wasserstein,18.365368830538564
50,100,2,1000,nonlinear,Gaussian-FR,Wasserstein,16.384737629092132
51,100,2,1000,nonlinear,NPT-FR,Wasserstein,12.402570682435432
51,100,2,1000,nonlinear,Marginal-FR,Wasserstein,17.899458582149844
51,100,2,1000,nonlinear,Gaussian-FR,Wasserstein,16.29937294453327
52,100,2,1000,nonlinear,NPT-FR,Wasserstein,13.578644551875572
52,100,2,1000,nonlinear,Marginal-FR,Wasserstein,18.44647594931948
52,100,2,1000,nonlinear,Gaussian-FR,Wasserstein,17.282202630214844
53,100,2,1000,nonlinear,NPT-FR,Wasserstein,12.901637139891257
53,100,2,1000,nonlinear,Marginal-FR,Wasserstein,18.051884094335183
53,100,2,1000,nonlinear,Gaussian-FR,Wasserstein,16.658665852323583
54,100,2,1000,nonlinear,NPT-FR,Wasserstein,11.981574898822902
54,100,2,1000,nonlinear,Marginal-FR,Wasserstein,17.35205646779192
54,100,2,1000,nonlinear,Gaussian-FR,Wasserstein,15.654069188544737
55,100,2,1000,nonlinear,NPT-FR,Wasserstein,13.314893081259456
55,100,2,1000,nonlinear,Marginal-FR,Wasserstein,18.37203300620212
55,100,2,1000,nonlinear,Gaussian-FR,Wasserstein,16.94106785149493
56,100,2,1000,nonlinear,NPT-FR,Wasserstein,12.493654849030733
56,100,2,1000,nonlinear,Marginal-FR,Wasserstein,18.105035218229485
56,100,2,1000,nonlinear,Gaussian-FR,Wasserstein,16.433995168742992
57,100,2,1000,nonlinear,NPT-FR,Wasserstein,12.406606632169298
57,100,2,1000,nonlinear,Marginal-FR,Wasserstein,17.692710451977728
57,100,2,1000,nonlinear,Gaussian-FR,Wasserstein,15.963411263362724
58,100,2,1000,nonlinear,NPT-FR,Wasserstein,13.10410381743995
58,100,2,1000,nonlinear,Marginal-FR,Wasserstein,18.33579499679302
58,100,2,1000,nonlinear,Gaussian-FR,Wasserstein,16.764649167889967
59,100,2,1000,nonlinear,NPT-FR,Wasserstein,12.35473320477825
59,100,2,1000,nonlinear,Marginal-FR,Wasserstein,17.6583100200469
59,100,2,1000,nonlinear,Gaussian-FR,Wasserstein,15.930438876728854
60,100,2,1000,nonlinear,NPT-FR,Wasserstein,13.574886577859358
60,100,2,1000,nonlinear,Marginal-FR,Wasserstein,18.631784246204262
60,100,2,1000,nonlinear,Gaussian-FR,Wasserstein,17.251497608292787
61,100,2,1000,nonlinear,NPT-FR,Wasserstein,12.453372426414267
61,100,2,1000,nonlinear,Marginal-FR,Wasserstein,17.873257708389865
61,100,2,1000,nonlinear,Gaussian-FR,Wasserstein,16.23350052755804
62,100,2,1000,nonlinear,NPT-FR,Wasserstein,12.147132521648604
62,100,2,1000,nonlinear,Marginal-FR,Wasserstein,17.257772882169608
62,100,2,1000,nonlinear,Gaussian-FR,Wasserstein,15.661807611914705
63,100,2,1000,nonlinear,NPT-FR,Wasserstein,12.672496791236298
63,100,2,1000,nonlinear,Marginal-FR,Wasserstein,18.36444754374707
63,100,2,1000,nonlinear,Gaussian-FR,Wasserstein,16.538242670475366
64,100,2,1000,nonlinear,NPT-FR,Wasserstein,12.96209312251306
64,100,2,1000,nonlinear,Marginal-FR,Wasserstein,18.05453187109542
64,100,2,1000,nonlinear,Gaussian-FR,Wasserstein,16.86252343261985
65,100,2,1000,nonlinear,NPT-FR,Wasserstein,13.577968306865042
65,100,2,1000,nonlinear,Marginal-FR,Wasserstein,18.961296610368713
65,100,2,1000,nonlinear,Gaussian-FR,Wasserstein,17.242734450731387
66,100,2,1000,nonlinear,NPT-FR,Wasserstein,13.943971986499905
66,100,2,1000,nonlinear,Marginal-FR,Wasserstein,19.00106464049848
66,100,2,1000,nonlinear,Gaussian-FR,Wasserstein,17.998958520848632
67,100,2,1000,nonlinear,NPT-FR,Wasserstein,11.356938121512393
67,100,2,1000,nonlinear,Marginal-FR,Wasserstein,16.50080764642757
67,100,2,1000,nonlinear,Gaussian-FR,Wasserstein,15.26865328178224
68,100,2,1000,nonlinear,NPT-FR,Wasserstein,13.408190085093509
68,100,2,1000,nonlinear,Marginal-FR,Wasserstein,19.00274473021287
68,100,2,1000,nonlinear,Gaussian-FR,Wasserstein,17.209056467912742
69,100,2,1000,nonlinear,NPT-FR,Wasserstein,12.225683300939894
69,100,2,1000,nonlinear,Marginal-FR,Wasserstein,17.978062255962325
69,100,2,1000,nonlinear,Gaussian-FR,Wasserstein,16.202642842031747
70,100,2,1000,nonlinear,NPT-FR,Wasserstein,12.830620932053723
70,100,2,1000,nonlinear,Marginal-FR,Wasserstein,18.30664334458184
70,100,2,1000,nonlinear,Gaussian-FR,Wasserstein,16.745067518453762
71,100,2,1000,nonlinear,NPT-FR,Wasserstein,12.691410244507843
71,100,2,1000,nonlinear,Marginal-FR,Wasserstein,17.826508408309085
71,100,2,1000,nonlinear,Gaussian-FR,Wasserstein,16.421627488302743
72,100,2,1000,nonlinear,NPT-FR,Wasserstein,11.213886655043746
72,100,2,1000,nonlinear,Marginal-FR,Wasserstein,16.457387567162534
72,100,2,1000,nonlinear,Gaussian-FR,Wasserstein,14.991827337896797
73,100,2,1000,nonlinear,NPT-FR,Wasserstein,12.901125381754005
73,100,2,1000,nonlinear,Marginal-FR,Wasserstein,18.338187618737308
73,100,2,1000,nonlinear,Gaussian-FR,Wasserstein,16.63961148908792
74,100,2,1000,nonlinear,NPT-FR,Wasserstein,12.798331555946916
74,100,2,1000,nonlinear,Marginal-FR,Wasserstein,18.62322379792342
74,100,2,1000,nonlinear,Gaussian-FR,Wasserstein,16.69586250135995
75,100,2,1000,nonlinear,NPT-FR,Wasserstein,11.993074047416657
75,100,2,1000,nonlinear,Marginal-FR,Wasserstein,17.29938459853089
75,100,2,1000,nonlinear,Gaussian-FR,Wasserstein,15.784144522872557
76,100,2,1000,nonlinear,NPT-FR,Wasserstein,12.239892151833756
76,100,2,1000,nonlinear,Marginal-FR,Wasserstein,17.466085937788744
76,100,2,1000,nonlinear,Gaussian-FR,Wasserstein,15.845955681273594
77,100,2,1000,nonlinear,NPT-FR,Wasserstein,11.87109709759733
77,100,2,1000,nonlinear,Marginal-FR,Wasserstein,17.18914019700712
77,100,2,1000,nonlinear,Gaussian-FR,Wasserstein,15.532348042405339
78,100,2,1000,nonlinear,NPT-FR,Wasserstein,13.56339187725409
78,100,2,1000,nonlinear,Marginal-FR,Wasserstein,18.956023559811644
78,100,2,1000,nonlinear,Gaussian-FR,Wasserstein,17.275361763987583
79,100,2,1000,nonlinear,NPT-FR,Wasserstein,12.89295422174652
79,100,2,1000,nonlinear,Marginal-FR,Wasserstein,17.971651745346207
79,100,2,1000,nonlinear,Gaussian-FR,Wasserstein,16.553293865102056
80,100,2,1000,nonlinear,NPT-FR,Wasserstein,13.392221304764208
80,100,2,1000,nonlinear,Marginal-FR,Wasserstein,18.915029546551647
80,100,2,1000,nonlinear,Gaussian-FR,Wasserstein,17.020879509254666
81,100,2,1000,nonlinear,NPT-FR,Wasserstein,11.802601228796687
81,100,2,1000,nonlinear,Marginal-FR,Wasserstein,17.07921590228186
81,100,2,1000,nonlinear,Gaussian-FR,Wasserstein,15.363679848869982
82,100,2,1000,nonlinear,NPT-FR,Wasserstein,13.506667101797595
82,100,2,1000,nonlinear,Marginal-FR,Wasserstein,18.911389190999316
82,100,2,1000,nonlinear,Gaussian-FR,Wasserstein,17.294564218904625
83,100,2,1000,nonlinear,NPT-FR,Wasserstein,12.491645358237104
83,100,2,1000,nonlinear,Marginal-FR,Wasserstein,17.6534020927202
83,100,2,1000,nonlinear,Gaussian-FR,Wasserstein,16.084115836158002
84,100,2,1000,nonlinear,NPT-FR,Wasserstein,12.211218725390136
84,100,2,1000,nonlinear,Marginal-FR,Wasserstein,17.462038911793353
84,100,2,1000,nonlinear,Gaussian-FR,Wasserstein,15.922454990673558
85,100,2,1000,nonlinear,NPT-FR,Wasserstein,12.913313567513608
85,100,2,1000,nonlinear,Marginal-FR,Wasserstein,18.359900828344912
85,100,2,1000,nonlinear,Gaussian-FR,Wasserstein,16.92963493478435
86,100,2,1000,nonlinear,NPT-FR,Wasserstein,12.325428280747426
86,100,2,1000,nonlinear,Marginal-FR,Wasserstein,17.993657589517458
86,100,2,1000,nonlinear,Gaussian-FR,Wasserstein,16.23146296098771
87,100,2,1000,nonlinear,NPT-FR,Wasserstein,12.749635172205126
87,100,2,1000,nonlinear,Marginal-FR,Wasserstein,17.810404241766598
87,100,2,1000,nonlinear,Gaussian-FR,Wasserstein,16.453138408160097
88,100,2,1000,nonlinear,NPT-FR,Wasserstein,11.898380875531409
88,100,2,1000,nonlinear,Marginal-FR,Wasserstein,17.01634990236076
88,100,2,1000,nonlinear,Gaussian-FR,Wasserstein,15.440027193899063
89,100,2,1000,nonlinear,NPT-FR,Wasserstein,12.521653133338845
89,100,2,1000,nonlinear,Marginal-FR,Wasserstein,18.037956096949124
89,100,2,1000,nonlinear,Gaussian-FR,Wasserstein,16.364502579363627
90,100,2,1000,nonlinear,NPT-FR,Wasserstein,12.849519114857813
90,100,2,1000,nonlinear,Marginal-FR,Wasserstein,17.886460876449878
90,100,2,1000,nonlinear,Gaussian-FR,Wasserstein,16.45124611869068
91,100,2,1000,nonlinear,NPT-FR,Wasserstein,12.337230080777903
91,100,2,1000,nonlinear,Marginal-FR,Wasserstein,17.37288445517046
91,100,2,1000,nonlinear,Gaussian-FR,Wasserstein,16.09921895578075
92,100,2,1000,nonlinear,NPT-FR,Wasserstein,12.281465773010517
92,100,2,1000,nonlinear,Marginal-FR,Wasserstein,17.3741694455966
92,100,2,1000,nonlinear,Gaussian-FR,Wasserstein,15.664565859122936
93,100,2,1000,nonlinear,NPT-FR,Wasserstein,13.173884592081738
93,100,2,1000,nonlinear,Marginal-FR,Wasserstein,17.972974818931508
93,100,2,1000,nonlinear,Gaussian-FR,Wasserstein,16.508524348017062
94,100,2,1000,nonlinear,NPT-FR,Wasserstein,12.6910704890623
94,100,2,1000,nonlinear,Marginal-FR,Wasserstein,18.24382836509773
94,100,2,1000,nonlinear,Gaussian-FR,Wasserstein,16.496663067027956
95,100,2,1000,nonlinear,NPT-FR,Wasserstein,12.282264931564947
95,100,2,1000,nonlinear,Marginal-FR,Wasserstein,17.24435832894982
95,100,2,1000,nonlinear,Gaussian-FR,Wasserstein,15.961295623314648
96,100,2,1000,nonlinear,NPT-FR,Wasserstein,12.55827350377844
96,100,2,1000,nonlinear,Marginal-FR,Wasserstein,18.18550590787256
96,100,2,1000,nonlinear,Gaussian-FR,Wasserstein,16.222240147823996
97,100,2,1000,nonlinear,NPT-FR,Wasserstein,13.950500888005376
97,100,2,1000,nonlinear,Marginal-FR,Wasserstein,19.379728120675807
97,100,2,1000,nonlinear,Gaussian-FR,Wasserstein,17.61351914234519
98,100,2,1000,nonlinear,NPT-FR,Wasserstein,11.277638492951596
98,100,2,1000,nonlinear,Marginal-FR,Wasserstein,16.498775755668532
98,100,2,1000,nonlinear,Gaussian-FR,Wasserstein,15.229966663837361
99,100,2,1000,nonlinear,NPT-FR,Wasserstein,14.044409107568706
99,100,2,1000,nonlinear,Marginal-FR,Wasserstein,19.715798236327196
99,100,2,1000,nonlinear,Gaussian-FR,Wasserstein,18.07071018953869
0,100,10,100,linear,NPT-FR,Wasserstein,105.41030255988176
0,100,10,100,linear,Marginal-FR,Wasserstein,114.08046855000225
0,100,10,100,linear,Gaussian-FR,Wasserstein,124.2837953571972
1,100,10,100,linear,NPT-FR,Wasserstein,107.33022162146366
1,100,10,100,linear,Marginal-FR,Wasserstein,116.09613557104889
1,100,10,100,linear,Gaussian-FR,Wasserstein,126.93919200247103
2,100,10,100,linear,NPT-FR,Wasserstein,104.83308844613825
2,100,10,100,linear,Marginal-FR,Wasserstein,113.84410776944976
2,100,10,100,linear,Gaussian-FR,Wasserstein,123.60120721520227
3,100,10,100,linear,NPT-FR,Wasserstein,105.63244262398634
3,100,10,100,linear,Marginal-FR,Wasserstein,114.62305598784893
3,100,10,100,linear,Gaussian-FR,Wasserstein,125.10114480724411
4,100,10,100,linear,NPT-FR,Wasserstein,105.85770228055466
4,100,10,100,linear,Marginal-FR,Wasserstein,114.86968981196549
4,100,10,100,linear,Gaussian-FR,Wasserstein,125.37583576357365
5,100,10,100,linear,NPT-FR,Wasserstein,107.8565213800346
5,100,10,100,linear,Marginal-FR,Wasserstein,117.12347655731202
5,100,10,100,linear,Gaussian-FR,Wasserstein,127.69959095339678
6,100,10,100,linear,NPT-FR,Wasserstein,104.36047762868225
6,100,10,100,linear,Marginal-FR,Wasserstein,113.18065872761477
6,100,10,100,linear,Gaussian-FR,Wasserstein,124.29508558502424
7,100,10,100,linear,NPT-FR,Wasserstein,110.68763199063599
7,100,10,100,linear,Marginal-FR,Wasserstein,119.73462198360788
7,100,10,100,linear,Gaussian-FR,Wasserstein,131.2947703159999
8,100,10,100,linear,NPT-FR,Wasserstein,108.59384848976906
8,100,10,100,linear,Marginal-FR,Wasserstein,117.87384951312703
8,100,10,100,linear,Gaussian-FR,Wasserstein,128.7469675061714
9,100,10,100,linear,NPT-FR,Wasserstein,106.39456033024955
9,100,10,100,linear,Marginal-FR,Wasserstein,114.79233963324796
9,100,10,100,linear,Gaussian-FR,Wasserstein,124.19397997735601
10,100,10,100,linear,NPT-FR,Wasserstein,107.02373087858196
10,100,10,100,linear,Marginal-FR,Wasserstein,116.14860766895788
10,100,10,100,linear,Gaussian-FR,Wasserstein,126.60406767051511
11,100,10,100,linear,NPT-FR,Wasserstein,105.7631328337417
11,100,10,100,linear,Marginal-FR,Wasserstein,114.17893944136333
11,100,10,100,linear,Gaussian-FR,Wasserstein,125.59477293974564
12,100,10,100,linear,NPT-FR,Wasserstein,107.21120565417863
12,100,10,100,linear,Marginal-FR,Wasserstein,116.40108855662817
12,100,10,100,linear,Gaussian-FR,Wasserstein,127.16762935690181
13,100,10,100,linear,NPT-FR,Wasserstein,107.83490648903573
13,100,10,100,linear,Marginal-FR,Wasserstein,116.51283674490084
13,100,10,100,linear,Gaussian-FR,Wasserstein,128.2073827504132
14,100,10,100,linear,NPT-FR,Wasserstein,109.40491631005891
14,100,10,100,linear,Marginal-FR,Wasserstein,119.01608596218365
14,100,10,100,linear,Gaussian-FR,Wasserstein,129.6848751916333
15,100,10,100,linear,NPT-FR,Wasserstein,106.71247114296756
15,100,10,100,linear,Marginal-FR,Wasserstein,115.497246311777
15,100,10,100,linear,Gaussian-FR,Wasserstein,126.58437532508455
16,100,10,100,linear,NPT-FR,Wasserstein,105.84283388362913
16,100,10,100,linear,Marginal-FR,Wasserstein,115.23118589987483
16,100,10,100,linear,Gaussian-FR,Wasserstein,126.4236366302973
17,100,10,100,linear,NPT-FR,Wasserstein,106.4723674927695
17,100,10,100,linear,Marginal-FR,Wasserstein,116.2884075512084
17,100,10,100,linear,Gaussian-FR,Wasserstein,126.2833007868764
18,100,10,100,linear,NPT-FR,Wasserstein,106.11743869476304
18,100,10,100,linear,Marginal-FR,Wasserstein,114.91761774129701
18,100,10,100,linear,Gaussian-FR,Wasserstein,124.69784732072448
19,100,10,100,linear,NPT-FR,Wasserstein,106.14805385965155
19,100,10,100,linear,Marginal-FR,Wasserstein,115.37415013633546
19,100,10,100,linear,Gaussian-FR,Wasserstein,125.61387362067966
20,100,10,100,linear,NPT-FR,Wasserstein,107.16023301914723
20,100,10,100,linear,Marginal-FR,Wasserstein,116.07802945183732
20,100,10,100,linear,Gaussian-FR,Wasserstein,127.1255710870243
21,100,10,100,linear,NPT-FR,Wasserstein,104.84129233533976
21,100,10,100,linear,Marginal-FR,Wasserstein,113.79605787418991
21,100,10,100,linear,Gaussian-FR,Wasserstein,124.91700714915817
22,100,10,100,linear,NPT-FR,Wasserstein,106.86828745947481
22,100,10,100,linear,Marginal-FR,Wasserstein,115.704206726344
22,100,10,100,linear,Gaussian-FR,Wasserstein,126.33726944594852
23,100,10,100,linear,NPT-FR,Wasserstein,106.29621724876043
23,100,10,100,linear,Marginal-FR,Wasserstein,115.40996768277357
23,100,10,100,linear,Gaussian-FR,Wasserstein,125.5539178162305
24,100,10,100,linear,NPT-FR,Wasserstein,106.71706106608997
24,100,10,100,linear,Marginal-FR,Wasserstein,116.01529914019682
24,100,10,100,linear,Gaussian-FR,Wasserstein,126.92259847416682
25,100,10,100,linear,NPT-FR,Wasserstein,106.72724060999468
25,100,10,100,linear,Marginal-FR,Wasserstein,115.82265121689872
25,100,10,100,linear,Gaussian-FR,Wasserstein,126.5744499631651
26,100,10,100,linear,NPT-FR,Wasserstein,107.48427319234246
26,100,10,100,linear,Marginal-FR,Wasserstein,116.35850138696118
26,100,10,100,linear,Gaussian-FR,Wasserstein,127.37094766114116
27,100,10,100,linear,NPT-FR,Wasserstein,106.36363886725297
27,100,10,100,linear,Marginal-FR,Wasserstein,115.98614330856424
27,100,10,100,linear,Gaussian-FR,Wasserstein,125.64036421116684
28,100,10,100,linear,NPT-FR,Wasserstein,109.6614404165251
28,100,10,100,linear,Marginal-FR,Wasserstein,118.5988200549622
28,100,10,100,linear,Gaussian-FR,Wasserstein,129.6822997188049
29,100,10,100,linear,NPT-FR,Wasserstein,105.17073678666189
29,100,10,100,linear,Marginal-FR,Wasserstein,113.74346231599652
29,100,10,100,linear,Gaussian-FR,Wasserstein,124.49969387902028
30,100,10,100,linear,NPT-FR,Wasserstein,108.41863132526001
30,100,10,100,linear,Marginal-FR,Wasserstein,117.02266368134187
30,100,10,100,linear,Gaussian-FR,Wasserstein,127.46014310719443
31,100,10,100,linear,NPT-FR,Wasserstein,106.7175478486437
31,100,10,100,linear,Marginal-FR,Wasserstein,116.26740395323891
31,100,10,100,linear,Gaussian-FR,Wasserstein,127.43554324417185
32,100,10,100,linear,NPT-FR,Wasserstein,108.90489760277171
32,100,10,100,linear,Marginal-FR,Wasserstein,117.9326862250799
32,100,10,100,linear,Gaussian-FR,Wasserstein,128.84772645145
33,100,10,100,linear,NPT-FR,Wasserstein,109.53566585691672
33,100,10,100,linear,Marginal-FR,Wasserstein,118.90011103701762
33,100,10,100,linear,Gaussian-FR,Wasserstein,130.05764303376463
34,100,10,100,linear,NPT-FR,Wasserstein,104.74300105859656
34,100,10,100,linear,Marginal-FR,Wasserstein,113.82155937826451
34,100,10,100,linear,Gaussian-FR,Wasserstein,124.79250463109538
35,100,10,100,linear,NPT-FR,Wasserstein,107.12807109150657
35,100,10,100,linear,Marginal-FR,Wasserstein,116.18769059247776
35,100,10,100,linear,Gaussian-FR,Wasserstein,126.32179996289264
36,100,10,100,linear,NPT-FR,Wasserstein,108.88772536519785
36,100,10,100,linear,Marginal-FR,Wasserstein,118.00574129380472
36,100,10,100,linear,Gaussian-FR,Wasserstein,129.03570379704502
37,100,10,100,linear,NPT-FR,Wasserstein,106.31024940501648
37,100,10,100,linear,Marginal-FR,Wasserstein,115.51398138081022
37,100,10,100,linear,Gaussian-FR,Wasserstein,125.72868180744345
38,100,10,100,linear,NPT-FR,Wasserstein,108.61319686459703
38,100,10,100,linear,Marginal-FR,Wasserstein,117.44711448725322
38,100,10,100,linear,Gaussian-FR,Wasserstein,128.37152026344398
39,100,10,100,linear,NPT-FR,Wasserstein,105.8643366211146
39,100,10,100,linear,Marginal-FR,Wasserstein,114.9900756089198
39,100,10,100,linear,Gaussian-FR,Wasserstein,125.23771927838727
40,100,10,100,linear,NPT-FR,Wasserstein,107.72635419865266
40,100,10,100,linear,Marginal-FR,Wasserstein,116.60580924605182
40,100,10,100,linear,Gaussian-FR,Wasserstein,127.52555090163811
41,100,10,100,linear,NPT-FR,Wasserstein,108.06141034618662
41,100,10,100,linear,Marginal-FR,Wasserstein,116.86541596006424
41,100,10,100,linear,Gaussian-FR,Wasserstein,127.86251615367566
42,100,10,100,linear,NPT-FR,Wasserstein,108.6081979219089
42,100,10,100,linear,Marginal-FR,Wasserstein,117.78666854471129
42,100,10,100,linear,Gaussian-FR,Wasserstein,128.4049334809557
43,100,10,100,linear,NPT-FR,Wasserstein,106.92843074600664
43,100,10,100,linear,Marginal-FR,Wasserstein,115.5043375099553
43,100,10,100,linear,Gaussian-FR,Wasserstein,126.20660507247811
44,100,10,100,linear,NPT-FR,Wasserstein,108.16224595165122
44,100,10,100,linear,Marginal-FR,Wasserstein,117.34999114793392
44,100,10,100,linear,Gaussian-FR,Wasserstein,128.09603593899507
45,100,10,100,linear,NPT-FR,Wasserstein,106.96454273934802
45,100,10,100,linear,Marginal-FR,Wasserstein,116.70618072053907
45,100,10,100,linear,Gaussian-FR,Wasserstein,126.73061577254786
46,100,10,100,linear,NPT-FR,Wasserstein,110.57869679603112
46,100,10,100,linear,Marginal-FR,Wasserstein,119.14607252918772
46,100,10,100,linear,Gaussian-FR,Wasserstein,130.28879964224038
47,100,10,100,linear,NPT-FR,Wasserstein,106.17776384415998
47,100,10,100,linear,Marginal-FR,Wasserstein,115.38814441186766
47,100,10,100,linear,Gaussian-FR,Wasserstein,126.34227691645373
48,100,10,100,linear,NPT-FR,Wasserstein,108.93002741033965
48,100,10,100,linear,Marginal-FR,Wasserstein,117.70959945406308
48,100,10,100,linear,Gaussian-FR,Wasserstein,128.59583289126704
49,100,10,100,linear,NPT-FR,Wasserstein,107.54180377780197
49,100,10,100,linear,Marginal-FR,Wasserstein,116.59196886164084
49,100,10,100,linear,Gaussian-FR,Wasserstein,126.4014706627723
50,100,10,100,linear,NPT-FR,Wasserstein,109.1112272269653
50,100,10,100,linear,Marginal-FR,Wasserstein,118.0997491927522
50,100,10,100,linear,Gaussian-FR,Wasserstein,129.09886400804183
51,100,10,100,linear,NPT-FR,Wasserstein,109.60381854568035
51,100,10,100,linear,Marginal-FR,Wasserstein,118.75717676461942
51,100,10,100,linear,Gaussian-FR,Wasserstein,129.027319290593
52,100,10,100,linear,NPT-FR,Wasserstein,106.11548632719916
52,100,10,100,linear,Marginal-FR,Wasserstein,115.36321227987216
52,100,10,100,linear,Gaussian-FR,Wasserstein,126.15788958616069
53,100,10,100,linear,NPT-FR,Wasserstein,105.29176564018186
53,100,10,100,linear,Marginal-FR,Wasserstein,114.2007227870376
53,100,10,100,linear,Gaussian-FR,Wasserstein,124.83118089257485
54,100,10,100,linear,NPT-FR,Wasserstein,108.64373049048206
54,100,10,100,linear,Marginal-FR,Wasserstein,117.51975983623507
54,100,10,100,linear,Gaussian-FR,Wasserstein,129.06436843386678
55,100,10,100,linear,NPT-FR,Wasserstein,105.93186885234871
55,100,10,100,linear,Marginal-FR,Wasserstein,114.91138542340303
55,100,10,100,linear,Gaussian-FR,Wasserstein,124.6344646705953
56,100,10,100,linear,NPT-FR,Wasserstein,109.787777153499
56,100,10,100,linear,Marginal-FR,Wasserstein,118.88340110732909
56,100,10,100,linear,Gaussian-FR,Wasserstein,128.920883640647
57,100,10,100,linear,NPT-FR,Wasserstein,106.5705204321742
57,100,10,100,linear,Marginal-FR,Wasserstein,115.52564398219054
57,100,10,100,linear,Gaussian-FR,Wasserstein,125.96447061525183
58,100,10,100,linear,NPT-FR,Wasserstein,108.5761766254526
58,100,10,100,linear,Marginal-FR,Wasserstein,117.64489273404193
58,100,10,100,linear,Gaussian-FR,Wasserstein,128.65079322501066
59,100,10,100,linear,NPT-FR,Wasserstein,107.68629159769577
59,100,10,100,linear,Marginal-FR,Wasserstein,116.67296223595172
59,100,10,100,linear,Gaussian-FR,Wasserstein,127.39826220609655
60,100,10,100,linear,NPT-FR,Wasserstein,106.61746240322162
60,100,10,100,linear,Marginal-FR,Wasserstein,115.5835923906007
60,100,10,100,linear,Gaussian-FR,Wasserstein,126.60987563785497
61,100,10,100,linear,NPT-FR,Wasserstein,109.12835988198994
61,100,10,100,linear,Marginal-FR,Wasserstein,117.82821536453142
61,100,10,100,linear,Gaussian-FR,Wasserstein,128.7282285315625
62,100,10,100,linear,NPT-FR,Wasserstein,106.69978492657366
62,100,10,100,linear,Marginal-FR,Wasserstein,115.57976944790083
62,100,10,100,linear,Gaussian-FR,Wasserstein,126.29625643749837
63,100,10,100,linear,NPT-FR,Wasserstein,107.23937203400195
63,100,10,100,linear,Marginal-FR,Wasserstein,115.97109170866496
63,100,10,100,linear,Gaussian-FR,Wasserstein,126.99194650966814
64,100,10,100,linear,NPT-FR,Wasserstein,107.17671247369123
64,100,10,100,linear,Marginal-FR,Wasserstein,115.99130854692514
64,100,10,100,linear,Gaussian-FR,Wasserstein,126.6474563202059
65,100,10,100,linear,NPT-FR,Wasserstein,106.286312112507
65,100,10,100,linear,Marginal-FR,Wasserstein,115.80751244350243
65,100,10,100,linear,Gaussian-FR,Wasserstein,126.73897735591699
66,100,10,100,linear,NPT-FR,Wasserstein,109.18070100685605
66,100,10,100,linear,Marginal-FR,Wasserstein,118.80333795864591
66,100,10,100,linear,Gaussian-FR,Wasserstein,129.14488548167935
67,100,10,100,linear,NPT-FR,Wasserstein,104.72483412912732
67,100,10,100,linear,Marginal-FR,Wasserstein,113.91469388178447
67,100,10,100,linear,Gaussian-FR,Wasserstein,124.50911852967593
68,100,10,100,linear,NPT-FR,Wasserstein,105.40540370904816
68,100,10,100,linear,Marginal-FR,Wasserstein,114.30063271005956
68,100,10,100,linear,Gaussian-FR,Wasserstein,124.48403532707262
69,100,10,100,linear,NPT-FR,Wasserstein,106.69269037506395
69,100,10,100,linear,Marginal-FR,Wasserstein,115.81308793629896
69,100,10,100,linear,Gaussian-FR,Wasserstein,126.46283642557468
70,100,10,100,linear,NPT-FR,Wasserstein,106.61579581398848
70,100,10,100,linear,Marginal-FR,Wasserstein,115.94958161384159
70,100,10,100,linear,Gaussian-FR,Wasserstein,126.28196629010588
71,100,10,100,linear,NPT-FR,Wasserstein,103.75417815027929
71,100,10,100,linear,Marginal-FR,Wasserstein,113.04963878564283
71,100,10,100,linear,Gaussian-FR,Wasserstein,122.9180796374938
72,100,10,100,linear,NPT-FR,Wasserstein,108.16918496604072
72,100,10,100,linear,Marginal-FR,Wasserstein,117.44216558653766
72,100,10,100,linear,Gaussian-FR,Wasserstein,127.30787799268387
73,100,10,100,linear,NPT-FR,Wasserstein,108.35973855719647
73,100,10,100,linear,Marginal-FR,Wasserstein,117.12032672481396
73,100,10,100,linear,Gaussian-FR,Wasserstein,128.2125811434112
74,100,10,100,linear,NPT-FR,Wasserstein,105.88563950009261
74,100,10,100,linear,Marginal-FR,Wasserstein,114.5662280238383
74,100,10,100,linear,Gaussian-FR,Wasserstein,125.03942643702825
75,100,10,100,linear,NPT-FR,Wasserstein,105.55226949672675
75,100,10,100,linear,Marginal-FR,Wasserstein,114.6108735934226
75,100,10,100,linear,Gaussian-FR,Wasserstein,124.59973705129985
76,100,10,100,linear,NPT-FR,Wasserstein,105.14007271198199
76,100,10,100,linear,Marginal-FR,Wasserstein,113.94838723224187
76,100,10,100,linear,Gaussian-FR,Wasserstein,124.67027331561596
77,100,10,100,linear,NPT-FR,Wasserstein,103.48429101799577
77,100,10,100,linear,Marginal-FR,Wasserstein,112.73326690633819
77,100,10,100,linear,Gaussian-FR,Wasserstein,122.02849084137895
78,100,10,100,linear,NPT-FR,Wasserstein,108.31725269299724
78,100,10,100,linear,Marginal-FR,Wasserstein,117.10720599507826
78,100,10,100,linear,Gaussian-FR,Wasserstein,128.38519042932276
79,100,10,100,linear,NPT-FR,Wasserstein,107.43083072283439
79,100,10,100,linear,Marginal-FR,Wasserstein,116.5093118011659
79,100,10,100,linear,Gaussian-FR,Wasserstein,126.89084423648612
80,100,10,100,linear,NPT-FR,Wasserstein,108.70810271396718
80,100,10,100,linear,Marginal-FR,Wasserstein,117.77256057162434
80,100,10,100,linear,Gaussian-FR,Wasserstein,128.68308726282896
81,100,10,100,linear,NPT-FR,Wasserstein,108.82903956191137
81,100,10,100,linear,Marginal-FR,Wasserstein,117.12633536157043
81,100,10,100,linear,Gaussian-FR,Wasserstein,128.67401742563354
82,100,10,100,linear,NPT-FR,Wasserstein,107.98296062960918
82,100,10,100,linear,Marginal-FR,Wasserstein,117.22923564334
82,100,10,100,linear,Gaussian-FR,Wasserstein,128.53980081405172
83,100,10,100,linear,NPT-FR,Wasserstein,106.31326518202734
83,100,10,100,linear,Marginal-FR,Wasserstein,115.44272563319109
83,100,10,100,linear,Gaussian-FR,Wasserstein,126.33375658373221
84,100,10,100,linear,NPT-FR,Wasserstein,108.13947341342579
84,100,10,100,linear,Marginal-FR,Wasserstein,117.20853873104619
84,100,10,100,linear,Gaussian-FR,Wasserstein,127.18959951706258
85,100,10,100,linear,NPT-FR,Wasserstein,105.88197511437527
85,100,10,100,linear,Marginal-FR,Wasserstein,114.91665993297478
85,100,10,100,linear,Gaussian-FR,Wasserstein,126.17813120854055
86,100,10,100,linear,NPT-FR,Wasserstein,107.17779290940076
86,100,10,100,linear,Marginal-FR,Wasserstein,116.26100642232306
86,100,10,100,linear,Gaussian-FR,Wasserstein,126.76291074191855
87,100,10,100,linear,NPT-FR,Wasserstein,108.2086261285961
87,100,10,100,linear,Marginal-FR,Wasserstein,116.95019318612054
87,100,10,100,linear,Gaussian-FR,Wasserstein,128.02064986805266
88,100,10,100,linear,NPT-FR,Wasserstein,109.9198106228941
88,100,10,100,linear,Marginal-FR,Wasserstein,119.097986824908
88,100,10,100,linear,Gaussian-FR,Wasserstein,130.460021955713
89,100,10,100,linear,NPT-FR,Wasserstein,109.32850131061936
89,100,10,100,linear,Marginal-FR,Wasserstein,118.55953771456086
89,100,10,100,linear,Gaussian-FR,Wasserstein,129.41130387751107
90,100,10,100,linear,NPT-FR,Wasserstein,106.95571608880962
90,100,10,100,linear,Marginal-FR,Wasserstein,116.22463536983248
90,100,10,100,linear,Gaussian-FR,Wasserstein,127.20884673677135
91,100,10,100,linear,NPT-FR,Wasserstein,110.93703597195152
91,100,10,100,linear,Marginal-FR,Wasserstein,120.35782930034328
91,100,10,100,linear,Gaussian-FR,Wasserstein,131.0351360081424
92,100,10,100,linear,NPT-FR,Wasserstein,107.98710457158111
92,100,10,100,linear,Marginal-FR,Wasserstein,116.7238373652954
92,100,10,100,linear,Gaussian-FR,Wasserstein,127.55548892761712
93,100,10,100,linear,NPT-FR,Wasserstein,103.89853247238788
93,100,10,100,linear,Marginal-FR,Wasserstein,112.89820433162608
93,100,10,100,linear,Gaussian-FR,Wasserstein,123.54439364048768
94,100,10,100,linear,NPT-FR,Wasserstein,107.84720153851755
94,100,10,100,linear,Marginal-FR,Wasserstein,117.33113302804149
94,100,10,100,linear,Gaussian-FR,Wasserstein,128.2006293075791
95,100,10,100,linear,NPT-FR,Wasserstein,106.29279098250059
95,100,10,100,linear,Marginal-FR,Wasserstein,115.46668880335011
95,100,10,100,linear,Gaussian-FR,Wasserstein,125.47344965814892
96,100,10,100,linear,NPT-FR,Wasserstein,104.86310113676039
96,100,10,100,linear,Marginal-FR,Wasserstein,113.8707140849364
96,100,10,100,linear,Gaussian-FR,Wasserstein,124.34271702327437
97,100,10,100,linear,NPT-FR,Wasserstein,106.91289390501476
97,100,10,100,linear,Marginal-FR,Wasserstein,116.24222323020335
97,100,10,100,linear,Gaussian-FR,Wasserstein,127.54818113677
98,100,10,100,linear,NPT-FR,Wasserstein,108.15348906556063
98,100,10,100,linear,Marginal-FR,Wasserstein,117.58103827692042
98,100,10,100,linear,Gaussian-FR,Wasserstein,129.13965906050953
99,100,10,100,linear,NPT-FR,Wasserstein,106.11023693096635
99,100,10,100,linear,Marginal-FR,Wasserstein,114.90236872979833
99,100,10,100,linear,Gaussian-FR,Wasserstein,125.96867191014259
0,100,10,1000,linear,NPT-FR,Wasserstein,108.43020273694647
0,100,10,1000,linear,Marginal-FR,Wasserstein,117.96409685445104
0,100,10,1000,linear,Gaussian-FR,Wasserstein,127.94149141126265
1,100,10,1000,linear,NPT-FR,Wasserstein,108.95784514711953
1,100,10,1000,linear,Marginal-FR,Wasserstein,118.52201990516714
1,100,10,1000,linear,Gaussian-FR,Wasserstein,128.95942593931412
2,100,10,1000,linear,NPT-FR,Wasserstein,104.3791858409084
2,100,10,1000,linear,Marginal-FR,Wasserstein,113.47432597199003
2,100,10,1000,linear,Gaussian-FR,Wasserstein,123.42463368026638
3,100,10,1000,linear,NPT-FR,Wasserstein,107.32502658517997
3,100,10,1000,linear,Marginal-FR,Wasserstein,117.1062509060624
3,100,10,1000,linear,Gaussian-FR,Wasserstein,127.2539510800753
4,100,10,1000,linear,NPT-FR,Wasserstein,107.44624475947225
4,100,10,1000,linear,Marginal-FR,Wasserstein,117.24138569760055
4,100,10,1000,linear,Gaussian-FR,Wasserstein,127.16074866234246
5,100,10,1000,linear,NPT-FR,Wasserstein,108.08308034157663
5,100,10,1000,linear,Marginal-FR,Wasserstein,117.44200155756049
5,100,10,1000,linear,Gaussian-FR,Wasserstein,127.87922859652636
6,100,10,1000,linear,NPT-FR,Wasserstein,108.89490436922344
6,100,10,1000,linear,Marginal-FR,Wasserstein,118.26776704599877
6,100,10,1000,linear,Gaussian-FR,Wasserstein,128.45830687479366
7,100,10,1000,linear,NPT-FR,Wasserstein,107.05448431917283
7,100,10,1000,linear,Marginal-FR,Wasserstein,116.31544487616752
7,100,10,1000,linear,Gaussian-FR,Wasserstein,126.59245497549524
8,100,10,1000,linear,NPT-FR,Wasserstein,111.94038240742809
8,100,10,1000,linear,Marginal-FR,Wasserstein,121.46008006236015
8,100,10,1000,linear,Gaussian-FR,Wasserstein,132.26179871424873
9,100,10,1000,linear,NPT-FR,Wasserstein,104.76988738513819
9,100,10,1000,linear,Marginal-FR,Wasserstein,113.95509642942244
9,100,10,1000,linear,Gaussian-FR,Wasserstein,124.37851807913691
10,100,10,1000,linear,NPT-FR,Wasserstein,107.33595300706257
10,100,10,1000,linear,Marginal-FR,Wasserstein,116.80881913906403
10,100,10,1000,linear,Gaussian-FR,Wasserstein,127.19757718540131
11,100,10,1000,linear,NPT-FR,Wasserstein,108.87939333066556
11,100,10,1000,linear,Marginal-FR,Wasserstein,118.04768212813487
11,100,10,1000,linear,Gaussian-FR,Wasserstein,128.60457952023881
12,100,10,1000,linear,NPT-FR,Wasserstein,110.82663234107473
12,100,10,1000,linear,Marginal-FR,Wasserstein,120.41418999535328
12,100,10,1000,linear,Gaussian-FR,Wasserstein,130.5894008504157
13,100,10,1000,linear,NPT-FR,Wasserstein,105.83152567902667
13,100,10,1000,linear,Marginal-FR,Wasserstein,114.7958961020603
13,100,10,1000,linear,Gaussian-FR,Wasserstein,124.92708458458597
14,100,10,1000,linear,NPT-FR,Wasserstein,107.6867632053768
14,100,10,1000,linear,Marginal-FR,Wasserstein,116.67990936372438
14,100,10,1000,linear,Gaussian-FR,Wasserstein,127.16050392841579
15,100,10,1000,linear,NPT-FR,Wasserstein,108.26494132483643
15,100,10,1000,linear,Marginal-FR,Wasserstein,117.66698258410563
15,100,10,1000,linear,Gaussian-FR,Wasserstein,127.22811564442232
16,100,10,1000,linear,NPT-FR,Wasserstein,106.3155199574946
16,100,10,1000,linear,Marginal-FR,Wasserstein,115.44265893567798
16,100,10,1000,linear,Gaussian-FR,Wasserstein,125.76368371546971
17,100,10,1000,linear,NPT-FR,Wasserstein,107.37984659443717
17,100,10,1000,linear,Marginal-FR,Wasserstein,116.72962480835814
17,100,10,1000,linear,Gaussian-FR,Wasserstein,127.20690786593008
18,100,10,1000,linear,NPT-FR,Wasserstein,110.1793119763603
18,100,10,1000,linear,Marginal-FR,Wasserstein,119.91011762680317
18,100,10,1000,linear,Gaussian-FR,Wasserstein,130.40451741410686
19,100,10,1000,linear,NPT-FR,Wasserstein,108.0417597951011
19,100,10,1000,linear,Marginal-FR,Wasserstein,117.24041897747867
19,100,10,1000,linear,Gaussian-FR,Wasserstein,127.7949676232529
20,100,10,1000,linear,NPT-FR,Wasserstein,107.61841167349363
20,100,10,1000,linear,Marginal-FR,Wasserstein,117.21788587855964
20,100,10,1000,linear,Gaussian-FR,Wasserstein,127.38884093625059
21,100,10,1000,linear,NPT-FR,Wasserstein,109.36327178794899
21,100,10,1000,linear,Marginal-FR,Wasserstein,118.59777401741681
21,100,10,1000,linear,Gaussian-FR,Wasserstein,128.97957439055915
22,100,10,1000,linear,NPT-FR,Wasserstein,108.6789057678417
22,100,10,1000,linear,Marginal-FR,Wasserstein,118.04498388439849
22,100,10,1000,linear,Gaussian-FR,Wasserstein,128.59130692649873
23,100,10,1000,linear,NPT-FR,Wasserstein,111.1701708510047
23,100,10,1000,linear,Marginal-FR,Wasserstein,120.76469911964281
23,100,10,1000,linear,Gaussian-FR,Wasserstein,130.54380435775641
24,100,10,1000,linear,NPT-FR,Wasserstein,108.34081403150311
24,100,10,1000,linear,Marginal-FR,Wasserstein,117.45574898575305
24,100,10,1000,linear,Gaussian-FR,Wasserstein,127.70046875126225
25,100,10,1000,linear,NPT-FR,Wasserstein,107.92309938998525
25,100,10,1000,linear,Marginal-FR,Wasserstein,117.26743329147064
25,100,10,1000,linear,Gaussian-FR,Wasserstein,127.44863408181106
26,100,10,1000,linear,NPT-FR,Wasserstein,107.31310648719425
26,100,10,1000,linear,Marginal-FR,Wasserstein,116.23588292742097
26,100,10,1000,linear,Gaussian-FR,Wasserstein,126.16906448501409
27,100,10,1000,linear,NPT-FR,Wasserstein,110.54970196783366
27,100,10,1000,linear,Marginal-FR,Wasserstein,119.82545234456325
27,100,10,1000,linear,Gaussian-FR,Wasserstein,129.96564430549344
28,100,10,1000,linear,NPT-FR,Wasserstein,108.28513769162588
28,100,10,1000,linear,Marginal-FR,Wasserstein,117.78064141920694
28,100,10,1000,linear,Gaussian-FR,Wasserstein,128.65912950329954
29,100,10,1000,linear,NPT-FR,Wasserstein,111.14097763741897
29,100,10,1000,linear,Marginal-FR,Wasserstein,120.22079654460296
29,100,10,1000,linear,Gaussian-FR,Wasserstein,130.55186561940394
30,100,10,1000,linear,NPT-FR,Wasserstein,107.43927022209513
30,100,10,1000,linear,Marginal-FR,Wasserstein,116.44106858513821
30,100,10,1000,linear,Gaussian-FR,Wasserstein,126.26457891774743
31,100,10,1000,linear,NPT-FR,Wasserstein,109.22622307619349
31,100,10,1000,linear,Marginal-FR,Wasserstein,118.55149842484074
31,100,10,1000,linear,Gaussian-FR,Wasserstein,128.79634171808453
32,100,10,1000,linear,NPT-FR,Wasserstein,108.20231634985787
32,100,10,1000,linear,Marginal-FR,Wasserstein,117.40062188074018
32,100,10,1000,linear,Gaussian-FR,Wasserstein,127.90771469919912
33,100,10,1000,linear,NPT-FR,Wasserstein,110.16945395051614
33,100,10,1000,linear,Marginal-FR,Wasserstein,118.82465936219076
33,100,10,1000,linear,Gaussian-FR,Wasserstein,129.1755386909326
34,100,10,1000,linear,NPT-FR,Wasserstein,107.89367755547653
34,100,10,1000,linear,Marginal-FR,Wasserstein,117.75711779677025
34,100,10,1000,linear,Gaussian-FR,Wasserstein,127.80170765856695
35,100,10,1000,linear,NPT-FR,Wasserstein,106.49078316998201
35,100,10,1000,linear,Marginal-FR,Wasserstein,115.60691676785399
35,100,10,1000,linear,Gaussian-FR,Wasserstein,126.46281357352572
36,100,10,1000,linear,NPT-FR,Wasserstein,109.61419657159647
36,100,10,1000,linear,Marginal-FR,Wasserstein,119.00162412544223
36,100,10,1000,linear,Gaussian-FR,Wasserstein,129.3083735103039
37,100,10,1000,linear,NPT-FR,Wasserstein,107.40108774483434
37,100,10,1000,linear,Marginal-FR,Wasserstein,116.925799134973
37,100,10,1000,linear,Gaussian-FR,Wasserstein,126.96574922518704
38,100,10,1000,linear,NPT-FR,Wasserstein,106.81552708050928
38,100,10,1000,linear,Marginal-FR,Wasserstein,116.38829996149164
38,100,10,1000,linear,Gaussian-FR,Wasserstein,125.78412371622244
39,100,10,1000,linear,NPT-FR,Wasserstein,106.01089393390569
39,100,10,1000,linear,Marginal-FR,Wasserstein,115.18924584518898
39,100,10,1000,linear,Gaussian-FR,Wasserstein,125.18208618490833
40,100,10,1000,linear,NPT-FR,Wasserstein,111.80092169009696
40,100,10,1000,linear,Marginal-FR,Wasserstein,120.81483338489099
40,100,10,1000,linear,Gaussian-FR,Wasserstein,131.22664835081358
41,100,10,1000,linear,NPT-FR,Wasserstein,105.45379928563169
41,100,10,1000,linear,Marginal-FR,Wasserstein,114.17767423159823
41,100,10,1000,linear,Gaussian-FR,Wasserstein,124.90972844517239
42,100,10,1000,linear,NPT-FR,Wasserstein,107.06626875317647
42,100,10,1000,linear,Marginal-FR,Wasserstein,116.15768955090228
42,100,10,1000,linear,Gaussian-FR,Wasserstein,126.00494759484101
43,100,10,1000,linear,NPT-FR,Wasserstein,105.52173467792068
43,100,10,1000,linear,Marginal-FR,Wasserstein,114.70566435219064
43,100,10,1000,linear,Gaussian-FR,Wasserstein,124.63210115577434
44,100,10,1000,linear,NPT-FR,Wasserstein,109.89224619110799
44,100,10,1000,linear,Marginal-FR,Wasserstein,119.81265588737133
44,100,10,1000,linear,Gaussian-FR,Wasserstein,129.92363584453915
45,100,10,1000,linear,NPT-FR,Wasserstein,106.41530315383655
45,100,10,1000,linear,Marginal-FR,Wasserstein,115.65557235696669
45,100,10,1000,linear,Gaussian-FR,Wasserstein,126.32419828846281
46,100,10,1000,linear,NPT-FR,Wasserstein,106.97953375114696
46,100,10,1000,linear,Marginal-FR,Wasserstein,116.45491391353498
46,100,10,1000,linear,Gaussian-FR,Wasserstein,126.1717252309696
47,100,10,1000,linear,NPT-FR,Wasserstein,107.49269052542799
47,100,10,1000,linear,Marginal-FR,Wasserstein,116.25301380038175
47,100,10,1000,linear,Gaussian-FR,Wasserstein,126.34866099456082
48,100,10,1000,linear,NPT-FR,Wasserstein,109.31170425814251
48,100,10,1000,linear,Marginal-FR,Wasserstein,118.39777333198603
48,100,10,1000,linear,Gaussian-FR,Wasserstein,128.44365349024375
49,100,10,1000,linear,NPT-FR,Wasserstein,108.45443352520472
49,100,10,1000,linear,Marginal-FR,Wasserstein,117.39248554607406
49,100,10,1000,linear,Gaussian-FR,Wasserstein,127.70221107993326
50,100,10,1000,linear,NPT-FR,Wasserstein,108.90251663735567
50,100,10,1000,linear,Marginal-FR,Wasserstein,118.34374417106399
50,100,10,1000,linear,Gaussian-FR,Wasserstein,128.75145512082707
51,100,10,1000,linear,NPT-FR,Wasserstein,110.50141632780526
51,100,10,1000,linear,Marginal-FR,Wasserstein,120.12959678617946
51,100,10,1000,linear,Gaussian-FR,Wasserstein,130.427085957086
52,100,10,1000,linear,NPT-FR,Wasserstein,109.2022163848368
52,100,10,1000,linear,Marginal-FR,Wasserstein,118.95205754175689
52,100,10,1000,linear,Gaussian-FR,Wasserstein,128.80186246777424
53,100,10,1000,linear,NPT-FR,Wasserstein,108.0342740295215
53,100,10,1000,linear,Marginal-FR,Wasserstein,116.99994485370723
53,100,10,1000,linear,Gaussian-FR,Wasserstein,127.2308598787926
54,100,10,1000,linear,NPT-FR,Wasserstein,107.99119564310055
54,100,10,1000,linear,Marginal-FR,Wasserstein,117.04924969751592
54,100,10,1000,linear,Gaussian-FR,Wasserstein,127.20956326508706
55,100,10,1000,linear,NPT-FR,Wasserstein,107.9055819987207
55,100,10,1000,linear,Marginal-FR,Wasserstein,117.1865323171885
55,100,10,1000,linear,Gaussian-FR,Wasserstein,127.56450361611758
56,100,10,1000,linear,NPT-FR,Wasserstein,105.92833455504146
56,100,10,1000,linear,Marginal-FR,Wasserstein,115.19743737815294
56,100,10,1000,linear,Gaussian-FR,Wasserstein,124.63884972705814
57,100,10,1000,linear,NPT-FR,Wasserstein,109.34549876215993
57,100,10,1000,linear,Marginal-FR,Wasserstein,118.78204434109043
57,100,10,1000,linear,Gaussian-FR,Wasserstein,128.77701911638707
58,100,10,1000,linear,NPT-FR,Wasserstein,107.13398996966367
58,100,10,1000,linear,Marginal-FR,Wasserstein,116.19937276468931
58,100,10,1000,linear,Gaussian-FR,Wasserstein,126.1413460201548
59,100,10,1000,linear,NPT-FR,Wasserstein,110.22896019685118
59,100,10,1000,linear,Marginal-FR,Wasserstein,119.34549501478386
59,100,10,1000,linear,Gaussian-FR,Wasserstein,130.17549847286693
60,100,10,1000,linear,NPT-FR,Wasserstein,105.49435200318074
60,100,10,1000,linear,Marginal-FR,Wasserstein,114.27849361026128
60,100,10,1000,linear,Gaussian-FR,Wasserstein,124.69016812794813
61,100,10,1000,linear,NPT-FR,Wasserstein,110.84847836341173
61,100,10,1000,linear,Marginal-FR,Wasserstein,120.32213791280401
61,100,10,1000,linear,Gaussian-FR,Wasserstein,130.240574538257
62,100,10,1000,linear,NPT-FR,Wasserstein,110.90548265451723
62,100,10,1000,linear,Marginal-FR,Wasserstein,120.58647230813953
62,100,10,1000,linear,Gaussian-FR,Wasserstein,130.84853577936573
63,100,10,1000,linear,NPT-FR,Wasserstein,106.21243086291025
63,100,10,1000,linear,Marginal-FR,Wasserstein,114.56855387374654
63,100,10,1000,linear,Gaussian-FR,Wasserstein,124.8431901932384
64,100,10,1000,linear,NPT-FR,Wasserstein,109.34184654205063
64,100,10,1000,linear,Marginal-FR,Wasserstein,118.54096992742413
64,100,10,1000,linear,Gaussian-FR,Wasserstein,128.71009051729004
65,100,10,1000,linear,NPT-FR,Wasserstein,111.59040609644798
65,100,10,1000,linear,Marginal-FR,Wasserstein,121.25992272148008
65,100,10,1000,linear,Gaussian-FR,Wasserstein,131.46815779126158
66,100,10,1000,linear,NPT-FR,Wasserstein,107.12041094392657
66,100,10,1000,linear,Marginal-FR,Wasserstein,116.4678113645662
66,100,10,1000,linear,Gaussian-FR,Wasserstein,126.03138559284712
67,100,10,1000,linear,NPT-FR,Wasserstein,105.31077084356474
67,100,10,1000,linear,Marginal-FR,Wasserstein,114.65555127480256
67,100,10,1000,linear,Gaussian-FR,Wasserstein,124.85605230057435
68,100,10,1000,linear,NPT-FR,Wasserstein,109.75315663139601
68,100,10,1000,linear,Marginal-FR,Wasserstein,119.25454148833238
68,100,10,1000,linear,Gaussian-FR,Wasserstein,129.1211563675847
69,100,10,1000,linear,NPT-FR,Wasserstein,111.04023379685738
69,100,10,1000,linear,Marginal-FR,Wasserstein,120.32598187686804
69,100,10,1000,linear,Gaussian-FR,Wasserstein,130.77860362708242
70,100,10,1000,linear,NPT-FR,Wasserstein,104.18940922386822
70,100,10,1000,linear,Marginal-FR,Wasserstein,113.20952931964625
70,100,10,1000,linear,Gaussian-FR,Wasserstein,123.27824056144786
71,100,10,1000,linear,NPT-FR,Wasserstein,109.06187019095204
71,100,10,1000,linear,Marginal-FR,Wasserstein,118.68678540223718
71,100,10,1000,linear,Gaussian-FR,Wasserstein,128.6228515219373
72,100,10,1000,linear,NPT-FR,Wasserstein,106.55424904300587
72,100,10,1000,linear,Marginal-FR,Wasserstein,116.35134281269156
72,100,10,1000,linear,Gaussian-FR,Wasserstein,125.84837010271285
73,100,10,1000,linear,NPT-FR,Wasserstein,104.3798053754257
73,100,10,1000,linear,Marginal-FR,Wasserstein,113.97373976794238
73,100,10,1000,linear,Gaussian-FR,Wasserstein,123.84238196937524
74,100,10,1000,linear,NPT-FR,Wasserstein,109.16328448557402
74,100,10,1000,linear,Marginal-FR,Wasserstein,118.52788040621496
74,100,10,1000,linear,Gaussian-FR,Wasserstein,128.3079594591942
75,100,10,1000,linear,NPT-FR,Wasserstein,110.05063868076019
75,100,10,1000,linear,Marginal-FR,Wasserstein,119.78773157174092
75,100,10,1000,linear,Gaussian-FR,Wasserstein,130.0818622962939
76,100,10,1000,linear,NPT-FR,Wasserstein,107.0223699752125
76,100,10,1000,linear,Marginal-FR,Wasserstein,116.475790250811
76,100,10,1000,linear,Gaussian-FR,Wasserstein,126.17368849112725
77,100,10,1000,linear,NPT-FR,Wasserstein,105.36044760237937
77,100,10,1000,linear,Marginal-FR,Wasserstein,114.53695142085338
77,100,10,1000,linear,Gaussian-FR,Wasserstein,124.42553609912068
78,100,10,1000,linear,NPT-FR,Wasserstein,110.83768199991756
78,100,10,1000,linear,Marginal-FR,Wasserstein,120.13783777336269
78,100,10,1000,linear,Gaussian-FR,Wasserstein,130.4153395368484
79,100,10,1000,linear,NPT-FR,Wasserstein,106.7814571481903
79,100,10,1000,linear,Marginal-FR,Wasserstein,115.76522354010626
79,100,10,1000,linear,Gaussian-FR,Wasserstein,125.77869055655458
80,100,10,1000,linear,NPT-FR,Wasserstein,109.44328498591297
80,100,10,1000,linear,Marginal-FR,Wasserstein,118.61876704004052
80,100,10,1000,linear,Gaussian-FR,Wasserstein,128.64189196275612
81,100,10,1000,linear,NPT-FR,Wasserstein,107.98919178435145
81,100,10,1000,linear,Marginal-FR,Wasserstein,117.54832060586077
81,100,10,1000,linear,Gaussian-FR,Wasserstein,127.45927400392819
82,100,10,1000,linear,NPT-FR,Wasserstein,107.01327917417802
82,100,10,1000,linear,Marginal-FR,Wasserstein,116.15893694122259
82,100,10,1000,linear,Gaussian-FR,Wasserstein,126.90132317671798
83,100,10,1000,linear,NPT-FR,Wasserstein,106.26600918294963
83,100,10,1000,linear,Marginal-FR,Wasserstein,115.47603291023822
83,100,10,1000,linear,Gaussian-FR,Wasserstein,125.34217837413514
84,100,10,1000,linear,NPT-FR,Wasserstein,111.2690736543862
84,100,10,1000,linear,Marginal-FR,Wasserstein,120.72089945546934
84,100,10,1000,linear,Gaussian-FR,Wasserstein,131.31064266696777
85,100,10,1000,linear,NPT-FR,Wasserstein,109.39757956908213
85,100,10,1000,linear,Marginal-FR,Wasserstein,118.99402158957096
85,100,10,1000,linear,Gaussian-FR,Wasserstein,129.1071470336722
86,100,10,1000,linear,NPT-FR,Wasserstein,108.43746852864675
86,100,10,1000,linear,Marginal-FR,Wasserstein,117.60338186850235
86,100,10,1000,linear,Gaussian-FR,Wasserstein,127.57598075694644
87,100,10,1000,linear,NPT-FR,Wasserstein,106.87520121348902
87,100,10,1000,linear,Marginal-FR,Wasserstein,115.960450664111
87,100,10,1000,linear,Gaussian-FR,Wasserstein,126.37917417578815
88,100,10,1000,linear,NPT-FR,Wasserstein,111.38095492706276
88,100,10,1000,linear,Marginal-FR,Wasserstein,121.2931783475406
88,100,10,1000,linear,Gaussian-FR,Wasserstein,131.4619646990768
89,100,10,1000,linear,NPT-FR,Wasserstein,107.45548833454764
89,100,10,1000,linear,Marginal-FR,Wasserstein,116.77387777139826
89,100,10,1000,linear,Gaussian-FR,Wasserstein,127.2576681925216
90,100,10,1000,linear,NPT-FR,Wasserstein,107.10958530734561
90,100,10,1000,linear,Marginal-FR,Wasserstein,116.34501345376862
90,100,10,1000,linear,Gaussian-FR,Wasserstein,126.7140848002189
91,100,10,1000,linear,NPT-FR,Wasserstein,108.58420917596493
91,100,10,1000,linear,Marginal-FR,Wasserstein,117.49983998519431
91,100,10,1000,linear,Gaussian-FR,Wasserstein,127.91473788862052
92,100,10,1000,linear,NPT-FR,Wasserstein,107.91241712126164
92,100,10,1000,linear,Marginal-FR,Wasserstein,117.04799040819134
92,100,10,1000,linear,Gaussian-FR,Wasserstein,128.02134303202465
93,100,10,1000,linear,NPT-FR,Wasserstein,107.69835939555502
93,100,10,1000,linear,Marginal-FR,Wasserstein,117.26573984127593
93,100,10,1000,linear,Gaussian-FR,Wasserstein,127.43760387410993
94,100,10,1000,linear,NPT-FR,Wasserstein,110.1545031805918
94,100,10,1000,linear,Marginal-FR,Wasserstein,120.07588472988704
94,100,10,1000,linear,Gaussian-FR,Wasserstein,130.52070874518245
95,100,10,1000,linear,NPT-FR,Wasserstein,111.18595611949544
95,100,10,1000,linear,Marginal-FR,Wasserstein,120.27743706341761
95,100,10,1000,linear,Gaussian-FR,Wasserstein,130.31216668620388
96,100,10,1000,linear,NPT-FR,Wasserstein,107.85574453551115
96,100,10,1000,linear,Marginal-FR,Wasserstein,117.05906470254659
96,100,10,1000,linear,Gaussian-FR,Wasserstein,127.32257341451992
97,100,10,1000,linear,NPT-FR,Wasserstein,110.20470510904501
97,100,10,1000,linear,Marginal-FR,Wasserstein,119.67716625764311
97,100,10,1000,linear,Gaussian-FR,Wasserstein,130.15722580956646
98,100,10,1000,linear,NPT-FR,Wasserstein,107.36398300996356
98,100,10,1000,linear,Marginal-FR,Wasserstein,117.0456217888675
98,100,10,1000,linear,Gaussian-FR,Wasserstein,126.44236674849459
99,100,10,1000,linear,NPT-FR,Wasserstein,114.45385373440988
99,100,10,1000,linear,Marginal-FR,Wasserstein,123.8957523417908
99,100,10,1000,linear,Gaussian-FR,Wasserstein,134.8632201991979
