rep,n,d,N,type,method,metric,value
0,50,2,100,linear,NPT-FR,Marginal,6.326678164048541
0,50,2,100,linear,NPT-FR,Correlation,0.005127916212111434
0,50,2,100,linear,Marginal-FR,Marginal,6.326678164048541
0,50,2,100,linear,Marginal-FR,Correlation,0.02026973425396804
0,50,2,100,linear,Gaussian-FR,Marginal,7.807653762701911
0,50,2,100,linear,Gaussian-FR,Correlation,0.0056215318658712835
1,50,2,100,linear,NPT-FR,Marginal,5.856594976911753
1,50,2,100,linear,NPT-FR,Correlation,0.005513914192372469
1,50,2,100,linear,Marginal-FR,Marginal,5.856594976911753
1,50,2,100,linear,Marginal-FR,Correlation,0.020781221483262096
1,50,2,100,linear,Gaussian-FR,Marginal,6.910533553758443
1,50,2,100,linear,Gaussian-FR,Correlation,0.005637132267074223
2,50,2,100,linear,NPT-FR,Marginal,6.22566887424151
2,50,2,100,linear,NPT-FR,Correlation,0.0044551751401287944
2,50,2,100,linear,Marginal-FR,Marginal,6.22566887424151
2,50,2,100,linear,Marginal-FR,Correlation,0.020527923189597893
2,50,2,100,linear,Gaussian-FR,Marginal,7.601553975203989
2,50,2,100,linear,Gaussian-FR,Correlation,0.004906750342448921
3,50,2,100,linear,NPT-FR,Marginal,5.4160898989192265
3,50,2,100,linear,NPT-FR,Correlation,0.005994763706098993
3,50,2,100,linear,Marginal-FR,Marginal,5.4160898989192265
3,50,2,100,linear,Marginal-FR,Correlation,0.020615777515946496
3,50,2,100,linear,Gaussian-FR,Marginal,6.868341305588752
3,50,2,100,linear,Gaussian-FR,Correlation,0.0059486005882360814
4,50,2,100,linear,NPT-FR,Marginal,5.933753225775767
4,50,2,100,linear,NPT-FR,Correlation,0.005109115585522034
4,50,2,100,linear,Marginal-FR,Marginal,5.933753225775767
4,50,2,100,linear,Marginal-FR,Correlation,0.021349011025939457
4,50,2,100,linear,Gaussian-FR,Marginal,7.160524917188125
4,50,2,100,linear,Gaussian-FR,Correlation,0.005340949712370191
5,50,2,100,linear,NPT-FR,Marginal,4.928681851253361
5,50,2,100,linear,NPT-FR,Correlation,0.005859391632273465
5,50,2,100,linear,Marginal-FR,Marginal,4.928681851253361
5,50,2,100,linear,Marginal-FR,Correlation,0.0215025554933369
5,50,2,100,linear,Gaussian-FR,Marginal,6.208166821543275
5,50,2,100,linear,Gaussian-FR,Correlation,0.005521985023049472
6,50,2,100,linear,NPT-FR,Marginal,5.425636447615907
6,50,2,100,linear,NPT-FR,Correlation,0.0065101281494800295
6,50,2,100,linear,Marginal-FR,Marginal,5.425636447615907
6,50,2,100,linear,Marginal-FR,Correlation,0.021971805981104372
6,50,2,100,linear,Gaussian-FR,Marginal,6.621861598436855
6,50,2,100,linear,Gaussian-FR,Correlation,0.006810565255636371
7,50,2,100,linear,NPT-FR,Marginal,6.333994394964797
7,50,2,100,linear,NPT-FR,Correlation,0.005589953451353518
7,50,2,100,linear,Marginal-FR,Marginal,6.333994394964797
7,50,2,100,linear,Marginal-FR,Correlation,0.019603173851991236
7,50,2,100,linear,Gaussian-FR,Marginal,7.7479468321621425
7,50,2,100,linear,Gaussian-FR,Correlation,0.005631242724458016
8,50,2,100,linear,NPT-FR,Marginal,6.104695707718332
8,50,2,100,linear,NPT-FR,Correlation,0.006000252248888425
8,50,2,100,linear,Marginal-FR,Marginal,6.104695707718332
8,50,2,100,linear,Marginal-FR,Correlation,0.01893245315538631
8,50,2,100,linear,Gaussian-FR,Marginal,7.744986044308931
8,50,2,100,linear,Gaussian-FR,Correlation,0.0053169623587355904
9,50,2,100,linear,NPT-FR,Marginal,5.828010733975173
9,50,2,100,linear,NPT-FR,Correlation,0.00577427615586028
9,50,2,100,linear,Marginal-FR,Marginal,5.828010733975173
9,50,2,100,linear,Marginal-FR,Correlation,0.01938044048118838
9,50,2,100,linear,Gaussian-FR,Marginal,7.0740445462209
9,50,2,100,linear,Gaussian-FR,Correlation,0.006469218800069996
10,50,2,100,linear,NPT-FR,Marginal,6.471423594137999
10,50,2,100,linear,NPT-FR,Correlation,0.005725259913793291
10,50,2,100,linear,Marginal-FR,Marginal,6.471423594137999
10,50,2,100,linear,Marginal-FR,Correlation,0.01935955389356138
10,50,2,100,linear,Gaussian-FR,Marginal,7.640956947235008
10,50,2,100,linear,Gaussian-FR,Correlation,0.006087958839844255
11,50,2,100,linear,NPT-FR,Marginal,6.561691938583576
11,50,2,100,linear,NPT-FR,Correlation,0.00550388931680464
11,50,2,100,linear,Marginal-FR,Marginal,6.561691938583576
11,50,2,100,linear,Marginal-FR,Correlation,0.01989336274884604
11,50,2,100,linear,Gaussian-FR,Marginal,7.93076313075472
11,50,2,100,linear,Gaussian-FR,Correlation,0.005556852839636937
12,50,2,100,linear,NPT-FR,Marginal,5.791946743933719
12,50,2,100,linear,NPT-FR,Correlation,0.006599734049557734
12,50,2,100,linear,Marginal-FR,Marginal,5.791946743933719
12,50,2,100,linear,Marginal-FR,Correlation,0.019620440947113574
12,50,2,100,linear,Gaussian-FR,Marginal,7.0246605411558845
12,50,2,100,linear,Gaussian-FR,Correlation,0.0072174966511206855
13,50,2,100,linear,NPT-FR,Marginal,5.970647305230143
13,50,2,100,linear,NPT-FR,Correlation,0.005627715906597312
13,50,2,100,linear,Marginal-FR,Marginal,5.970647305230143
13,50,2,100,linear,Marginal-FR,Correlation,0.023350802454227142
13,50,2,100,linear,Gaussian-FR,Marginal,7.190963631870801
13,50,2,100,linear,Gaussian-FR,Correlation,0.006381852956818717
14,50,2,100,linear,NPT-FR,Marginal,6.32939766764849
14,50,2,100,linear,NPT-FR,Correlation,0.006367066846089537
14,50,2,100,linear,Marginal-FR,Marginal,6.32939766764849
14,50,2,100,linear,Marginal-FR,Correlation,0.020201062121141856
14,50,2,100,linear,Gaussian-FR,Marginal,7.733321310092052
14,50,2,100,linear,Gaussian-FR,Correlation,0.0058362197762082514
15,50,2,100,linear,NPT-FR,Marginal,6.027395883655191
15,50,2,100,linear,NPT-FR,Correlation,0.005251640559799966
15,50,2,100,linear,Marginal-FR,Marginal,6.027395883655191
15,50,2,100,linear,Marginal-FR,Correlation,0.02106972820784478
15,50,2,100,linear,Gaussian-FR,Marginal,7.150008612502429
15,50,2,100,linear,Gaussian-FR,Correlation,0.005591863349276759
16,50,2,100,linear,NPT-FR,Marginal,6.398176446643034
16,50,2,100,linear,NPT-FR,Correlation,0.005667381431664237
16,50,2,100,linear,Marginal-FR,Marginal,6.398176446643034
16,50,2,100,linear,Marginal-FR,Correlation,0.01922569424482592
16,50,2,100,linear,Gaussian-FR,Marginal,7.5691120853683955
16,50,2,100,linear,Gaussian-FR,Correlation,0.0056682530056280595
17,50,2,100,linear,NPT-FR,Marginal,6.58081390473613
17,50,2,100,linear,NPT-FR,Correlation,0.005857734654731337
17,50,2,100,linear,Marginal-FR,Marginal,6.58081390473613
17,50,2,100,linear,Marginal-FR,Correlation,0.022003858711108708
17,50,2,100,linear,Gaussian-FR,Marginal,8.107259156731942
17,50,2,100,linear,Gaussian-FR,Correlation,0.006376835965152555
18,50,2,100,linear,NPT-FR,Marginal,5.697848046687767
18,50,2,100,linear,NPT-FR,Correlation,0.007285956423156947
18,50,2,100,linear,Marginal-FR,Marginal,5.697848046687767
18,50,2,100,linear,Marginal-FR,Correlation,0.023229129259579293
18,50,2,100,linear,Gaussian-FR,Marginal,7.237769769335347
18,50,2,100,linear,Gaussian-FR,Correlation,0.006983670969334645
19,50,2,100,linear,NPT-FR,Marginal,6.269137984928303
19,50,2,100,linear,NPT-FR,Correlation,0.006173422974824437
19,50,2,100,linear,Marginal-FR,Marginal,6.269137984928303
19,50,2,100,linear,Marginal-FR,Correlation,0.01918529530013671
19,50,2,100,linear,Gaussian-FR,Marginal,7.535175753658747
19,50,2,100,linear,Gaussian-FR,Correlation,0.00632232468253365
20,50,2,100,linear,NPT-FR,Marginal,5.886499533683275
20,50,2,100,linear,NPT-FR,Correlation,0.006181940441636616
20,50,2,100,linear,Marginal-FR,Marginal,5.886499533683275
20,50,2,100,linear,Marginal-FR,Correlation,0.019846887133080457
20,50,2,100,linear,Gaussian-FR,Marginal,7.196352339400215
20,50,2,100,linear,Gaussian-FR,Correlation,0.0077261780896101286
21,50,2,100,linear,NPT-FR,Marginal,5.816778385588959
21,50,2,100,linear,NPT-FR,Correlation,0.005401744586882306
21,50,2,100,linear,Marginal-FR,Marginal,5.816778385588959
21,50,2,100,linear,Marginal-FR,Correlation,0.021082249858779507
21,50,2,100,linear,Gaussian-FR,Marginal,7.266602366840214
21,50,2,100,linear,Gaussian-FR,Correlation,0.0057395367543890885
22,50,2,100,linear,NPT-FR,Marginal,6.461866267002972
22,50,2,100,linear,NPT-FR,Correlation,0.007614284302584398
22,50,2,100,linear,Marginal-FR,Marginal,6.461866267002972
22,50,2,100,linear,Marginal-FR,Correlation,0.0185690304357936
22,50,2,100,linear,Gaussian-FR,Marginal,7.746531953738415
22,50,2,100,linear,Gaussian-FR,Correlation,0.006262536683350797
23,50,2,100,linear,NPT-FR,Marginal,7.001384672413998
23,50,2,100,linear,NPT-FR,Correlation,0.005077798941890994
23,50,2,100,linear,Marginal-FR,Marginal,7.001384672413998
23,50,2,100,linear,Marginal-FR,Correlation,0.02134296508902157
23,50,2,100,linear,Gaussian-FR,Marginal,8.64832718162528
23,50,2,100,linear,Gaussian-FR,Correlation,0.005441090929819485
24,50,2,100,linear,NPT-FR,Marginal,5.845012058866494
24,50,2,100,linear,NPT-FR,Correlation,0.005282225395511333
24,50,2,100,linear,Marginal-FR,Marginal,5.845012058866494
24,50,2,100,linear,Marginal-FR,Correlation,0.02004092344721471
24,50,2,100,linear,Gaussian-FR,Marginal,7.202052250503823
24,50,2,100,linear,Gaussian-FR,Correlation,0.005466431038437291
25,50,2,100,linear,NPT-FR,Marginal,6.206531642981997
25,50,2,100,linear,NPT-FR,Correlation,0.005388269483234251
25,50,2,100,linear,Marginal-FR,Marginal,6.206531642981997
25,50,2,100,linear,Marginal-FR,Correlation,0.02293380640450237
25,50,2,100,linear,Gaussian-FR,Marginal,7.512686189967937
25,50,2,100,linear,Gaussian-FR,Correlation,0.005707255604042736
26,50,2,100,linear,NPT-FR,Marginal,5.762028615128425
26,50,2,100,linear,NPT-FR,Correlation,0.006208523476098904
26,50,2,100,linear,Marginal-FR,Marginal,5.762028615128425
26,50,2,100,linear,Marginal-FR,Correlation,0.021363876176679487
26,50,2,100,linear,Gaussian-FR,Marginal,7.125976651663158
26,50,2,100,linear,Gaussian-FR,Correlation,0.007200767720001822
27,50,2,100,linear,NPT-FR,Marginal,5.834621660658994
27,50,2,100,linear,NPT-FR,Correlation,0.005578811454238094
27,50,2,100,linear,Marginal-FR,Marginal,5.834621660658994
27,50,2,100,linear,Marginal-FR,Correlation,0.019770349166057667
27,50,2,100,linear,Gaussian-FR,Marginal,7.097668611725213
27,50,2,100,linear,Gaussian-FR,Correlation,0.006520291977584224
28,50,2,100,linear,NPT-FR,Marginal,6.243372807884036
28,50,2,100,linear,NPT-FR,Correlation,0.006560633130641814
28,50,2,100,linear,Marginal-FR,Marginal,6.243372807884036
28,50,2,100,linear,Marginal-FR,Correlation,0.020096992845502544
28,50,2,100,linear,Gaussian-FR,Marginal,7.56353876173273
28,50,2,100,linear,Gaussian-FR,Correlation,0.006313158584572564
29,50,2,100,linear,NPT-FR,Marginal,5.728258888350257
29,50,2,100,linear,NPT-FR,Correlation,0.006193462991978045
29,50,2,100,linear,Marginal-FR,Marginal,5.728258888350257
29,50,2,100,linear,Marginal-FR,Correlation,0.019978902357287106
29,50,2,100,linear,Gaussian-FR,Marginal,7.047087133612417
29,50,2,100,linear,Gaussian-FR,Correlation,0.006402981867361518
30,50,2,100,linear,NPT-FR,Marginal,6.250260655080281
30,50,2,100,linear,NPT-FR,Correlation,0.0061974872740494305
30,50,2,100,linear,Marginal-FR,Marginal,6.250260655080281
30,50,2,100,linear,Marginal-FR,Correlation,0.020748039543638318
30,50,2,100,linear,Gaussian-FR,Marginal,7.740920737147667
30,50,2,100,linear,Gaussian-FR,Correlation,0.006444301061768198
31,50,2,100,linear,NPT-FR,Marginal,5.8113910568262686
31,50,2,100,linear,NPT-FR,Correlation,0.005174122539910146
31,50,2,100,linear,Marginal-FR,Marginal,5.8113910568262686
31,50,2,100,linear,Marginal-FR,Correlation,0.020414382262145175
31,50,2,100,linear,Gaussian-FR,Marginal,7.409637903623176
31,50,2,100,linear,Gaussian-FR,Correlation,0.006544398725967139
32,50,2,100,linear,NPT-FR,Marginal,5.959318649769031
32,50,2,100,linear,NPT-FR,Correlation,0.005914459848262456
32,50,2,100,linear,Marginal-FR,Marginal,5.959318649769031
32,50,2,100,linear,Marginal-FR,Correlation,0.02116035632307985
32,50,2,100,linear,Gaussian-FR,Marginal,7.277129656345282
32,50,2,100,linear,Gaussian-FR,Correlation,0.006293341193910145
33,50,2,100,linear,NPT-FR,Marginal,5.930300838200997
33,50,2,100,linear,NPT-FR,Correlation,0.00644766655563845
33,50,2,100,linear,Marginal-FR,Marginal,5.930300838200997
33,50,2,100,linear,Marginal-FR,Correlation,0.019769281218054813
33,50,2,100,linear,Gaussian-FR,Marginal,7.418619904382453
33,50,2,100,linear,Gaussian-FR,Correlation,0.006494269003527344
34,50,2,100,linear,NPT-FR,Marginal,5.456641204508675
34,50,2,100,linear,NPT-FR,Correlation,0.0070754905382837
34,50,2,100,linear,Marginal-FR,Marginal,5.456641204508675
34,50,2,100,linear,Marginal-FR,Correlation,0.0217419276494448
34,50,2,100,linear,Gaussian-FR,Marginal,6.821365265288719
34,50,2,100,linear,Gaussian-FR,Correlation,0.00738957918988954
35,50,2,100,linear,NPT-FR,Marginal,5.879975705291348
35,50,2,100,linear,NPT-FR,Correlation,0.005309630001592035
35,50,2,100,linear,Marginal-FR,Marginal,5.879975705291348
35,50,2,100,linear,Marginal-FR,Correlation,0.02132986813421906
35,50,2,100,linear,Gaussian-FR,Marginal,7.439700668494764
35,50,2,100,linear,Gaussian-FR,Correlation,0.005847320643194411
36,50,2,100,linear,NPT-FR,Marginal,5.942802759041372
36,50,2,100,linear,NPT-FR,Correlation,0.0049993766477814654
36,50,2,100,linear,Marginal-FR,Marginal,5.942802759041372
36,50,2,100,linear,Marginal-FR,Correlation,0.02027181360626706
36,50,2,100,linear,Gaussian-FR,Marginal,7.499860567607687
36,50,2,100,linear,Gaussian-FR,Correlation,0.005447578907871708
37,50,2,100,linear,NPT-FR,Marginal,5.803282675640842
37,50,2,100,linear,NPT-FR,Correlation,0.005920127846736949
37,50,2,100,linear,Marginal-FR,Marginal,5.803282675640842
37,50,2,100,linear,Marginal-FR,Correlation,0.020805191142537864
37,50,2,100,linear,Gaussian-FR,Marginal,7.1204575724027315
37,50,2,100,linear,Gaussian-FR,Correlation,0.00633603501996005
38,50,2,100,linear,NPT-FR,Marginal,5.883731127573455
38,50,2,100,linear,NPT-FR,Correlation,0.006263926820936782
38,50,2,100,linear,Marginal-FR,Marginal,5.883731127573455
38,50,2,100,linear,Marginal-FR,Correlation,0.019864988273329175
38,50,2,100,linear,Gaussian-FR,Marginal,7.149615516866062
38,50,2,100,linear,Gaussian-FR,Correlation,0.006070073828463003
39,50,2,100,linear,NPT-FR,Marginal,6.164205823300843
39,50,2,100,linear,NPT-FR,Correlation,0.005820942772084277
39,50,2,100,linear,Marginal-FR,Marginal,6.164205823300843
39,50,2,100,linear,Marginal-FR,Correlation,0.020110184606676462
39,50,2,100,linear,Gaussian-FR,Marginal,7.698686057944924
39,50,2,100,linear,Gaussian-FR,Correlation,0.007728034689526654
40,50,2,100,linear,NPT-FR,Marginal,5.998746473098455
40,50,2,100,linear,NPT-FR,Correlation,0.006556418931497829
40,50,2,100,linear,Marginal-FR,Marginal,5.998746473098455
40,50,2,100,linear,Marginal-FR,Correlation,0.0211936948163844
40,50,2,100,linear,Gaussian-FR,Marginal,7.363542407288297
40,50,2,100,linear,Gaussian-FR,Correlation,0.007021795597725698
41,50,2,100,linear,NPT-FR,Marginal,6.401191629344183
41,50,2,100,linear,NPT-FR,Correlation,0.007158337171326516
41,50,2,100,linear,Marginal-FR,Marginal,6.401191629344183
41,50,2,100,linear,Marginal-FR,Correlation,0.018598604156894977
41,50,2,100,linear,Gaussian-FR,Marginal,7.783981247201977
41,50,2,100,linear,Gaussian-FR,Correlation,0.008942400149699565
42,50,2,100,linear,NPT-FR,Marginal,6.487445536879658
42,50,2,100,linear,NPT-FR,Correlation,0.005273180656276114
42,50,2,100,linear,Marginal-FR,Marginal,6.487445536879658
42,50,2,100,linear,Marginal-FR,Correlation,0.018184371032776352
42,50,2,100,linear,Gaussian-FR,Marginal,7.831093768758906
42,50,2,100,linear,Gaussian-FR,Correlation,0.0056462028558298995
43,50,2,100,linear,NPT-FR,Marginal,5.533950292619313
43,50,2,100,linear,NPT-FR,Correlation,0.006443113442552219
43,50,2,100,linear,Marginal-FR,Marginal,5.533950292619313
43,50,2,100,linear,Marginal-FR,Correlation,0.019610495845783036
43,50,2,100,linear,Gaussian-FR,Marginal,7.014137170855781
43,50,2,100,linear,Gaussian-FR,Correlation,0.00629194293661837
44,50,2,100,linear,NPT-FR,Marginal,5.904527303490687
44,50,2,100,linear,NPT-FR,Correlation,0.005110959342227457
44,50,2,100,linear,Marginal-FR,Marginal,5.904527303490687
44,50,2,100,linear,Marginal-FR,Correlation,0.01966862501560388
44,50,2,100,linear,Gaussian-FR,Marginal,7.10721528975194
44,50,2,100,linear,Gaussian-FR,Correlation,0.00629408950287809
45,50,2,100,linear,NPT-FR,Marginal,6.795956777030689
45,50,2,100,linear,NPT-FR,Correlation,0.006110941553713644
45,50,2,100,linear,Marginal-FR,Marginal,6.795956777030689
45,50,2,100,linear,Marginal-FR,Correlation,0.018085279097647997
45,50,2,100,linear,Gaussian-FR,Marginal,8.19202217630932
45,50,2,100,linear,Gaussian-FR,Correlation,0.006270131854395244
46,50,2,100,linear,NPT-FR,Marginal,6.299963551460493
46,50,2,100,linear,NPT-FR,Correlation,0.005026713893422039
46,50,2,100,linear,Marginal-FR,Marginal,6.299963551460493
46,50,2,100,linear,Marginal-FR,Correlation,0.019759541497570036
46,50,2,100,linear,Gaussian-FR,Marginal,7.609612190847096
46,50,2,100,linear,Gaussian-FR,Correlation,0.005225000679147555
47,50,2,100,linear,NPT-FR,Marginal,6.3898324950821355
47,50,2,100,linear,NPT-FR,Correlation,0.005430542742671045
47,50,2,100,linear,Marginal-FR,Marginal,6.3898324950821355
47,50,2,100,linear,Marginal-FR,Correlation,0.020682962941386804
47,50,2,100,linear,Gaussian-FR,Marginal,7.743841087950658
47,50,2,100,linear,Gaussian-FR,Correlation,0.005668835351619773
48,50,2,100,linear,NPT-FR,Marginal,5.894462299585145
48,50,2,100,linear,NPT-FR,Correlation,0.005780634604143193
48,50,2,100,linear,Marginal-FR,Marginal,5.894462299585145
48,50,2,100,linear,Marginal-FR,Correlation,0.019739126490847116
48,50,2,100,linear,Gaussian-FR,Marginal,6.977654267698508
48,50,2,100,linear,Gaussian-FR,Correlation,0.005683239031694177
49,50,2,100,linear,NPT-FR,Marginal,6.302496122862554
49,50,2,100,linear,NPT-FR,Correlation,0.005689052319498895
49,50,2,100,linear,Marginal-FR,Marginal,6.302496122862554
49,50,2,100,linear,Marginal-FR,Correlation,0.019165317953258203
49,50,2,100,linear,Gaussian-FR,Marginal,7.803025968950191
49,50,2,100,linear,Gaussian-FR,Correlation,0.005579218299000465
50,50,2,100,linear,NPT-FR,Marginal,5.768321909997571
50,50,2,100,linear,NPT-FR,Correlation,0.005363949279207914
50,50,2,100,linear,Marginal-FR,Marginal,5.768321909997571
50,50,2,100,linear,Marginal-FR,Correlation,0.019871138954495715
50,50,2,100,linear,Gaussian-FR,Marginal,6.896472926720837
50,50,2,100,linear,Gaussian-FR,Correlation,0.005513593995243394
51,50,2,100,linear,NPT-FR,Marginal,5.713063549896324
51,50,2,100,linear,NPT-FR,Correlation,0.005568129786874813
51,50,2,100,linear,Marginal-FR,Marginal,5.713063549896324
51,50,2,100,linear,Marginal-FR,Correlation,0.018994586167837963
51,50,2,100,linear,Gaussian-FR,Marginal,7.052802368891753
51,50,2,100,linear,Gaussian-FR,Correlation,0.0055417744177567296
52,50,2,100,linear,NPT-FR,Marginal,5.514544667652271
52,50,2,100,linear,NPT-FR,Correlation,0.005488937312842892
52,50,2,100,linear,Marginal-FR,Marginal,5.514544667652271
52,50,2,100,linear,Marginal-FR,Correlation,0.019707641270244523
52,50,2,100,linear,Gaussian-FR,Marginal,6.823712221547518
52,50,2,100,linear,Gaussian-FR,Correlation,0.006041138148149437
53,50,2,100,linear,NPT-FR,Marginal,6.26640092593271
53,50,2,100,linear,NPT-FR,Correlation,0.0051091462648526495
53,50,2,100,linear,Marginal-FR,Marginal,6.26640092593271
53,50,2,100,linear,Marginal-FR,Correlation,0.019313693997027134
53,50,2,100,linear,Gaussian-FR,Marginal,7.864703265965822
53,50,2,100,linear,Gaussian-FR,Correlation,0.00500688635867618
54,50,2,100,linear,NPT-FR,Marginal,6.51368621965348
54,50,2,100,linear,NPT-FR,Correlation,0.006034595724800965
54,50,2,100,linear,Marginal-FR,Marginal,6.51368621965348
54,50,2,100,linear,Marginal-FR,Correlation,0.020043283764632543
54,50,2,100,linear,Gaussian-FR,Marginal,8.138644335745447
54,50,2,100,linear,Gaussian-FR,Correlation,0.005775966442567833
55,50,2,100,linear,NPT-FR,Marginal,5.540870846507145
55,50,2,100,linear,NPT-FR,Correlation,0.005172837166414327
55,50,2,100,linear,Marginal-FR,Marginal,5.540870846507145
55,50,2,100,linear,Marginal-FR,Correlation,0.022164568280326244
55,50,2,100,linear,Gaussian-FR,Marginal,6.70725244140164
55,50,2,100,linear,Gaussian-FR,Correlation,0.005476054179325315
56,50,2,100,linear,NPT-FR,Marginal,5.8658280593249765
56,50,2,100,linear,NPT-FR,Correlation,0.006147915741121739
56,50,2,100,linear,Marginal-FR,Marginal,5.8658280593249765
56,50,2,100,linear,Marginal-FR,Correlation,0.019104924065492145
56,50,2,100,linear,Gaussian-FR,Marginal,7.1876903504021366
56,50,2,100,linear,Gaussian-FR,Correlation,0.005917443803212679
57,50,2,100,linear,NPT-FR,Marginal,5.7750634537061885
57,50,2,100,linear,NPT-FR,Correlation,0.006345993272739099
57,50,2,100,linear,Marginal-FR,Marginal,5.7750634537061885
57,50,2,100,linear,Marginal-FR,Correlation,0.02088754893131096
57,50,2,100,linear,Gaussian-FR,Marginal,7.1829011018635605
57,50,2,100,linear,Gaussian-FR,Correlation,0.007262609083458801
58,50,2,100,linear,NPT-FR,Marginal,6.07781934651716
58,50,2,100,linear,NPT-FR,Correlation,0.006100230762672752
58,50,2,100,linear,Marginal-FR,Marginal,6.07781934651716
58,50,2,100,linear,Marginal-FR,Correlation,0.020069209890454312
58,50,2,100,linear,Gaussian-FR,Marginal,7.509028742080293
58,50,2,100,linear,Gaussian-FR,Correlation,0.005838562060426646
59,50,2,100,linear,NPT-FR,Marginal,6.261333697923497
59,50,2,100,linear,NPT-FR,Correlation,0.005388655079236803
59,50,2,100,linear,Marginal-FR,Marginal,6.261333697923497
59,50,2,100,linear,Marginal-FR,Correlation,0.02082898045243038
59,50,2,100,linear,Gaussian-FR,Marginal,7.763177951306446
59,50,2,100,linear,Gaussian-FR,Correlation,0.00591660112392145
60,50,2,100,linear,NPT-FR,Marginal,5.558502826287291
60,50,2,100,linear,NPT-FR,Correlation,0.005534142071922687
60,50,2,100,linear,Marginal-FR,Marginal,5.558502826287291
60,50,2,100,linear,Marginal-FR,Correlation,0.02253535081763034
60,50,2,100,linear,Gaussian-FR,Marginal,6.96046220386531
60,50,2,100,linear,Gaussian-FR,Correlation,0.006586107538483087
61,50,2,100,linear,NPT-FR,Marginal,5.886590428114486
61,50,2,100,linear,NPT-FR,Correlation,0.0052180100284647014
61,50,2,100,linear,Marginal-FR,Marginal,5.886590428114486
61,50,2,100,linear,Marginal-FR,Correlation,0.021490491545513496
61,50,2,100,linear,Gaussian-FR,Marginal,7.484125836986532
61,50,2,100,linear,Gaussian-FR,Correlation,0.005169775461863065
62,50,2,100,linear,NPT-FR,Marginal,6.133644940734639
62,50,2,100,linear,NPT-FR,Correlation,0.005439371985639565
62,50,2,100,linear,Marginal-FR,Marginal,6.133644940734639
62,50,2,100,linear,Marginal-FR,Correlation,0.019124901003163653
62,50,2,100,linear,Gaussian-FR,Marginal,7.501105593111813
62,50,2,100,linear,Gaussian-FR,Correlation,0.006313643249626096
63,50,2,100,linear,NPT-FR,Marginal,5.6154059186171335
63,50,2,100,linear,NPT-FR,Correlation,0.005214935947791783
63,50,2,100,linear,Marginal-FR,Marginal,5.6154059186171335
63,50,2,100,linear,Marginal-FR,Correlation,0.02083841195634487
63,50,2,100,linear,Gaussian-FR,Marginal,7.11121635163609
63,50,2,100,linear,Gaussian-FR,Correlation,0.005600921677128957
64,50,2,100,linear,NPT-FR,Marginal,5.729973354826553
64,50,2,100,linear,NPT-FR,Correlation,0.0056660831782501305
64,50,2,100,linear,Marginal-FR,Marginal,5.729973354826553
64,50,2,100,linear,Marginal-FR,Correlation,0.022046718524561592
64,50,2,100,linear,Gaussian-FR,Marginal,7.116743703811318
64,50,2,100,linear,Gaussian-FR,Correlation,0.006073039054234598
65,50,2,100,linear,NPT-FR,Marginal,6.169476806869379
65,50,2,100,linear,NPT-FR,Correlation,0.00702771022202551
65,50,2,100,linear,Marginal-FR,Marginal,6.169476806869379
65,50,2,100,linear,Marginal-FR,Correlation,0.020075466118570078
65,50,2,100,linear,Gaussian-FR,Marginal,7.356301975545915
65,50,2,100,linear,Gaussian-FR,Correlation,0.006351219483128938
66,50,2,100,linear,NPT-FR,Marginal,5.4571548289601175
66,50,2,100,linear,NPT-FR,Correlation,0.005492925402136018
66,50,2,100,linear,Marginal-FR,Marginal,5.4571548289601175
66,50,2,100,linear,Marginal-FR,Correlation,0.021235896853085013
66,50,2,100,linear,Gaussian-FR,Marginal,6.9703324259702955
66,50,2,100,linear,Gaussian-FR,Correlation,0.006707798811794731
67,50,2,100,linear,NPT-FR,Marginal,6.31299505659371
67,50,2,100,linear,NPT-FR,Correlation,0.006227554154080881
67,50,2,100,linear,Marginal-FR,Marginal,6.31299505659371
67,50,2,100,linear,Marginal-FR,Correlation,0.021101810598328753
67,50,2,100,linear,Gaussian-FR,Marginal,7.7039354464625625
67,50,2,100,linear,Gaussian-FR,Correlation,0.006359641706627371
68,50,2,100,linear,NPT-FR,Marginal,7.191855035730342
68,50,2,100,linear,NPT-FR,Correlation,0.007378629413935185
68,50,2,100,linear,Marginal-FR,Marginal,7.191855035730342
68,50,2,100,linear,Marginal-FR,Correlation,0.022648504113373873
68,50,2,100,linear,Gaussian-FR,Marginal,8.431930097973535
68,50,2,100,linear,Gaussian-FR,Correlation,0.007178324029267618
69,50,2,100,linear,NPT-FR,Marginal,6.482034124410922
69,50,2,100,linear,NPT-FR,Correlation,0.006790447911150563
69,50,2,100,linear,Marginal-FR,Marginal,6.482034124410922
69,50,2,100,linear,Marginal-FR,Correlation,0.022433503832747725
69,50,2,100,linear,Gaussian-FR,Marginal,7.895036609588868
69,50,2,100,linear,Gaussian-FR,Correlation,0.007903891889303277
70,50,2,100,linear,NPT-FR,Marginal,5.674233396844352
70,50,2,100,linear,NPT-FR,Correlation,0.005402447627654096
70,50,2,100,linear,Marginal-FR,Marginal,5.674233396844352
70,50,2,100,linear,Marginal-FR,Correlation,0.01986515739481196
70,50,2,100,linear,Gaussian-FR,Marginal,7.103676884298448
70,50,2,100,linear,Gaussian-FR,Correlation,0.005766105858344143
71,50,2,100,linear,NPT-FR,Marginal,6.185118948884577
71,50,2,100,linear,NPT-FR,Correlation,0.00628863036900427
71,50,2,100,linear,Marginal-FR,Marginal,6.185118948884577
71,50,2,100,linear,Marginal-FR,Correlation,0.022116919088303474
71,50,2,100,linear,Gaussian-FR,Marginal,7.649327156766681
71,50,2,100,linear,Gaussian-FR,Correlation,0.006848860962514911
72,50,2,100,linear,NPT-FR,Marginal,6.1286224609254365
72,50,2,100,linear,NPT-FR,Correlation,0.006629294782737662
72,50,2,100,linear,Marginal-FR,Marginal,6.1286224609254365
72,50,2,100,linear,Marginal-FR,Correlation,0.019971488013200648
72,50,2,100,linear,Gaussian-FR,Marginal,7.32540616564682
72,50,2,100,linear,Gaussian-FR,Correlation,0.006259044858181578
73,50,2,100,linear,NPT-FR,Marginal,5.667214051595866
73,50,2,100,linear,NPT-FR,Correlation,0.007157530168262273
73,50,2,100,linear,Marginal-FR,Marginal,5.667214051595866
73,50,2,100,linear,Marginal-FR,Correlation,0.02192543610525291
73,50,2,100,linear,Gaussian-FR,Marginal,7.065109636328193
73,50,2,100,linear,Gaussian-FR,Correlation,0.0075742166968995744
74,50,2,100,linear,NPT-FR,Marginal,5.888954792610695
74,50,2,100,linear,NPT-FR,Correlation,0.006088970695206991
74,50,2,100,linear,Marginal-FR,Marginal,5.888954792610695
74,50,2,100,linear,Marginal-FR,Correlation,0.02027053076721849
74,50,2,100,linear,Gaussian-FR,Marginal,7.267332430935923
74,50,2,100,linear,Gaussian-FR,Correlation,0.007864755949204804
75,50,2,100,linear,NPT-FR,Marginal,5.811646792785958
75,50,2,100,linear,NPT-FR,Correlation,0.00526333887475784
75,50,2,100,linear,Marginal-FR,Marginal,5.811646792785958
75,50,2,100,linear,Marginal-FR,Correlation,0.021257290134971525
75,50,2,100,linear,Gaussian-FR,Marginal,7.300719059187033
75,50,2,100,linear,Gaussian-FR,Correlation,0.006895840143083958
76,50,2,100,linear,NPT-FR,Marginal,6.376087436500988
76,50,2,100,linear,NPT-FR,Correlation,0.0058189978254249335
76,50,2,100,linear,Marginal-FR,Marginal,6.376087436500988
76,50,2,100,linear,Marginal-FR,Correlation,0.02204639976840837
76,50,2,100,linear,Gaussian-FR,Marginal,7.507985204728132
76,50,2,100,linear,Gaussian-FR,Correlation,0.0064708799029886705
77,50,2,100,linear,NPT-FR,Marginal,5.938462764116893
77,50,2,100,linear,NPT-FR,Correlation,0.005496128725615322
77,50,2,100,linear,Marginal-FR,Marginal,5.938462764116893
77,50,2,100,linear,Marginal-FR,Correlation,0.02035279462773452
77,50,2,100,linear,Gaussian-FR,Marginal,7.241117892801098
77,50,2,100,linear,Gaussian-FR,Correlation,0.005991371900903697
78,50,2,100,linear,NPT-FR,Marginal,6.01665202061625
78,50,2,100,linear,NPT-FR,Correlation,0.004765421236591134
78,50,2,100,linear,Marginal-FR,Marginal,6.01665202061625
78,50,2,100,linear,Marginal-FR,Correlation,0.019586833604653284
78,50,2,100,linear,Gaussian-FR,Marginal,7.3194693453717505
78,50,2,100,linear,Gaussian-FR,Correlation,0.0051556335097500145
79,50,2,100,linear,NPT-FR,Marginal,5.396294074890452
79,50,2,100,linear,NPT-FR,Correlation,0.005806532992395599
79,50,2,100,linear,Marginal-FR,Marginal,5.396294074890452
79,50,2,100,linear,Marginal-FR,Correlation,0.02107615358378968
79,50,2,100,linear,Gaussian-FR,Marginal,6.693332873218148
79,50,2,100,linear,Gaussian-FR,Correlation,0.006427041265657682
80,50,2,100,linear,NPT-FR,Marginal,5.97757576935113
80,50,2,100,linear,NPT-FR,Correlation,0.005064374467842493
80,50,2,100,linear,Marginal-FR,Marginal,5.97757576935113
80,50,2,100,linear,Marginal-FR,Correlation,0.019067180241282018
80,50,2,100,linear,Gaussian-FR,Marginal,7.282331583057138
80,50,2,100,linear,Gaussian-FR,Correlation,0.005202698621969116
81,50,2,100,linear,NPT-FR,Marginal,5.734240898756168
81,50,2,100,linear,NPT-FR,Correlation,0.0062194049466202895
81,50,2,100,linear,Marginal-FR,Marginal,5.734240898756168
81,50,2,100,linear,Marginal-FR,Correlation,0.022637388612108903
81,50,2,100,linear,Gaussian-FR,Marginal,6.982111135113978
81,50,2,100,linear,Gaussian-FR,Correlation,0.006945676945666287
82,50,2,100,linear,NPT-FR,Marginal,5.516573663118207
82,50,2,100,linear,NPT-FR,Correlation,0.005508000277813173
82,50,2,100,linear,Marginal-FR,Marginal,5.516573663118207
82,50,2,100,linear,Marginal-FR,Correlation,0.020083508810280773
82,50,2,100,linear,Gaussian-FR,Marginal,6.934289494505737
82,50,2,100,linear,Gaussian-FR,Correlation,0.006442473947001863
83,50,2,100,linear,NPT-FR,Marginal,6.249292691024996
83,50,2,100,linear,NPT-FR,Correlation,0.00622057346295927
83,50,2,100,linear,Marginal-FR,Marginal,6.249292691024996
83,50,2,100,linear,Marginal-FR,Correlation,0.02032973293625155
83,50,2,100,linear,Gaussian-FR,Marginal,7.38355607391782
83,50,2,100,linear,Gaussian-FR,Correlation,0.00701718718210083
84,50,2,100,linear,NPT-FR,Marginal,6.863097737247252
84,50,2,100,linear,NPT-FR,Correlation,0.005650906846528162
84,50,2,100,linear,Marginal-FR,Marginal,6.863097737247252
84,50,2,100,linear,Marginal-FR,Correlation,0.020181842805091013
84,50,2,100,linear,Gaussian-FR,Marginal,7.948478436827736
84,50,2,100,linear,Gaussian-FR,Correlation,0.0058330973244846325
85,50,2,100,linear,NPT-FR,Marginal,6.035025816202996
85,50,2,100,linear,NPT-FR,Correlation,0.004869092526734359
85,50,2,100,linear,Marginal-FR,Marginal,6.035025816202996
85,50,2,100,linear,Marginal-FR,Correlation,0.019666305585805878
85,50,2,100,linear,Gaussian-FR,Marginal,7.498207116346418
85,50,2,100,linear,Gaussian-FR,Correlation,0.005337208112753928
86,50,2,100,linear,NPT-FR,Marginal,5.681123971081194
86,50,2,100,linear,NPT-FR,Correlation,0.005608611300596095
86,50,2,100,linear,Marginal-FR,Marginal,5.681123971081194
86,50,2,100,linear,Marginal-FR,Correlation,0.020836599642668013
86,50,2,100,linear,Gaussian-FR,Marginal,7.175104891030211
86,50,2,100,linear,Gaussian-FR,Correlation,0.005248798172578187
87,50,2,100,linear,NPT-FR,Marginal,6.810563047937954
87,50,2,100,linear,NPT-FR,Correlation,0.005641758942887558
87,50,2,100,linear,Marginal-FR,Marginal,6.810563047937954
87,50,2,100,linear,Marginal-FR,Correlation,0.021618605356167553
87,50,2,100,linear,Gaussian-FR,Marginal,8.039650029782237
87,50,2,100,linear,Gaussian-FR,Correlation,0.006268992344243369
88,50,2,100,linear,NPT-FR,Marginal,6.339434478966481
88,50,2,100,linear,NPT-FR,Correlation,0.006016125524814217
88,50,2,100,linear,Marginal-FR,Marginal,6.339434478966481
88,50,2,100,linear,Marginal-FR,Correlation,0.020402568880109412
88,50,2,100,linear,Gaussian-FR,Marginal,7.556995158369728
88,50,2,100,linear,Gaussian-FR,Correlation,0.007300868054121494
89,50,2,100,linear,NPT-FR,Marginal,6.6614390749531776
89,50,2,100,linear,NPT-FR,Correlation,0.005690883021052142
89,50,2,100,linear,Marginal-FR,Marginal,6.6614390749531776
89,50,2,100,linear,Marginal-FR,Correlation,0.017835050953755045
89,50,2,100,linear,Gaussian-FR,Marginal,8.296324538179558
89,50,2,100,linear,Gaussian-FR,Correlation,0.005869742020613573
90,50,2,100,linear,NPT-FR,Marginal,6.200417474762304
90,50,2,100,linear,NPT-FR,Correlation,0.006574004443963394
90,50,2,100,linear,Marginal-FR,Marginal,6.200417474762304
90,50,2,100,linear,Marginal-FR,Correlation,0.019615979729450218
90,50,2,100,linear,Gaussian-FR,Marginal,7.712066629131787
90,50,2,100,linear,Gaussian-FR,Correlation,0.005194152137732323
91,50,2,100,linear,NPT-FR,Marginal,6.08518609547499
91,50,2,100,linear,NPT-FR,Correlation,0.00522169230059125
91,50,2,100,linear,Marginal-FR,Marginal,6.08518609547499
91,50,2,100,linear,Marginal-FR,Correlation,0.02049755378090398
91,50,2,100,linear,Gaussian-FR,Marginal,7.497451260244823
91,50,2,100,linear,Gaussian-FR,Correlation,0.0053134140367371244
92,50,2,100,linear,NPT-FR,Marginal,6.143634283972487
92,50,2,100,linear,NPT-FR,Correlation,0.005240222704992662
92,50,2,100,linear,Marginal-FR,Marginal,6.143634283972487
92,50,2,100,linear,Marginal-FR,Correlation,0.021976322592254082
92,50,2,100,linear,Gaussian-FR,Marginal,7.377284775834687
92,50,2,100,linear,Gaussian-FR,Correlation,0.005608077210152493
93,50,2,100,linear,NPT-FR,Marginal,6.507537726729204
93,50,2,100,linear,NPT-FR,Correlation,0.00503216110909312
93,50,2,100,linear,Marginal-FR,Marginal,6.507537726729204
93,50,2,100,linear,Marginal-FR,Correlation,0.01945775017311331
93,50,2,100,linear,Gaussian-FR,Marginal,7.693065606025901
93,50,2,100,linear,Gaussian-FR,Correlation,0.005257418105362809
94,50,2,100,linear,NPT-FR,Marginal,5.978663198338513
94,50,2,100,linear,NPT-FR,Correlation,0.005222975051521821
94,50,2,100,linear,Marginal-FR,Marginal,5.978663198338513
94,50,2,100,linear,Marginal-FR,Correlation,0.021006429683028988
94,50,2,100,linear,Gaussian-FR,Marginal,7.117094854089451
94,50,2,100,linear,Gaussian-FR,Correlation,0.0053782760529484325
95,50,2,100,linear,NPT-FR,Marginal,6.031464492735477
95,50,2,100,linear,NPT-FR,Correlation,0.00541556773550911
95,50,2,100,linear,Marginal-FR,Marginal,6.031464492735477
95,50,2,100,linear,Marginal-FR,Correlation,0.020033334838826515
95,50,2,100,linear,Gaussian-FR,Marginal,7.1866800273791025
95,50,2,100,linear,Gaussian-FR,Correlation,0.005696512951517457
96,50,2,100,linear,NPT-FR,Marginal,6.1260456764014855
96,50,2,100,linear,NPT-FR,Correlation,0.006229692901679236
96,50,2,100,linear,Marginal-FR,Marginal,6.1260456764014855
96,50,2,100,linear,Marginal-FR,Correlation,0.02244656378719886
96,50,2,100,linear,Gaussian-FR,Marginal,7.519609754440177
96,50,2,100,linear,Gaussian-FR,Correlation,0.007405598792805479
97,50,2,100,linear,NPT-FR,Marginal,7.303293871465738
97,50,2,100,linear,NPT-FR,Correlation,0.004953461446129197
97,50,2,100,linear,Marginal-FR,Marginal,7.303293871465738
97,50,2,100,linear,Marginal-FR,Correlation,0.019368416444625492
97,50,2,100,linear,Gaussian-FR,Marginal,8.403905653468058
97,50,2,100,linear,Gaussian-FR,Correlation,0.005163210273757034
98,50,2,100,linear,NPT-FR,Marginal,6.356310763072175
98,50,2,100,linear,NPT-FR,Correlation,0.005201640297576228
98,50,2,100,linear,Marginal-FR,Marginal,6.356310763072175
98,50,2,100,linear,Marginal-FR,Correlation,0.020241966900070983
98,50,2,100,linear,Gaussian-FR,Marginal,7.768412181814795
98,50,2,100,linear,Gaussian-FR,Correlation,0.005216390205446894
99,50,2,100,linear,NPT-FR,Marginal,5.845865993044876
99,50,2,100,linear,NPT-FR,Correlation,0.0055741915351262385
99,50,2,100,linear,Marginal-FR,Marginal,5.845865993044876
99,50,2,100,linear,Marginal-FR,Correlation,0.02091496945410757
99,50,2,100,linear,Gaussian-FR,Marginal,7.046762485138287
99,50,2,100,linear,Gaussian-FR,Correlation,0.005771204310992538
0,50,2,100,nonlinear,NPT-FR,Marginal,5.301569809322049
0,50,2,100,nonlinear,NPT-FR,Correlation,0.0067991834789667615
0,50,2,100,nonlinear,Marginal-FR,Marginal,5.301569809322049
0,50,2,100,nonlinear,Marginal-FR,Correlation,0.37913705582614615
0,50,2,100,nonlinear,Gaussian-FR,Marginal,6.603992554920099
0,50,2,100,nonlinear,Gaussian-FR,Correlation,0.026512621181604894
1,50,2,100,nonlinear,NPT-FR,Marginal,5.892658478963006
1,50,2,100,nonlinear,NPT-FR,Correlation,0.004374658008775577
1,50,2,100,nonlinear,Marginal-FR,Marginal,5.892658478963006
1,50,2,100,nonlinear,Marginal-FR,Correlation,0.3506841355060884
1,50,2,100,nonlinear,Gaussian-FR,Marginal,7.284686669257076
1,50,2,100,nonlinear,Gaussian-FR,Correlation,0.02352894444198746
2,50,2,100,nonlinear,NPT-FR,Marginal,6.728831935972858
2,50,2,100,nonlinear,NPT-FR,Correlation,0.005239424852943775
2,50,2,100,nonlinear,Marginal-FR,Marginal,6.728831935972858
2,50,2,100,nonlinear,Marginal-FR,Correlation,0.38258696427355643
2,50,2,100,nonlinear,Gaussian-FR,Marginal,8.282004302539953
2,50,2,100,nonlinear,Gaussian-FR,Correlation,0.017489550233556084
3,50,2,100,nonlinear,NPT-FR,Marginal,6.793063150245155
3,50,2,100,nonlinear,NPT-FR,Correlation,0.005565176317874926
3,50,2,100,nonlinear,Marginal-FR,Marginal,6.793063150245155
3,50,2,100,nonlinear,Marginal-FR,Correlation,0.3711525847083309
3,50,2,100,nonlinear,Gaussian-FR,Marginal,7.918077020315329
3,50,2,100,nonlinear,Gaussian-FR,Correlation,0.026334223427140556
4,50,2,100,nonlinear,NPT-FR,Marginal,6.340040184294875
4,50,2,100,nonlinear,NPT-FR,Correlation,0.005912184389031819
4,50,2,100,nonlinear,Marginal-FR,Marginal,6.340040184294875
4,50,2,100,nonlinear,Marginal-FR,Correlation,0.35333029671971894
4,50,2,100,nonlinear,Gaussian-FR,Marginal,7.733228181412681
4,50,2,100,nonlinear,Gaussian-FR,Correlation,0.02624559598957539
5,50,2,100,nonlinear,NPT-FR,Marginal,5.964131564656954
5,50,2,100,nonlinear,NPT-FR,Correlation,0.005400182579109945
5,50,2,100,nonlinear,Marginal-FR,Marginal,5.964131564656954
5,50,2,100,nonlinear,Marginal-FR,Correlation,0.3798292875027505
5,50,2,100,nonlinear,Gaussian-FR,Marginal,7.327511768517127
5,50,2,100,nonlinear,Gaussian-FR,Correlation,0.016501404313898977
6,50,2,100,nonlinear,NPT-FR,Marginal,5.99724790326943
6,50,2,100,nonlinear,NPT-FR,Correlation,0.006097837597538351
6,50,2,100,nonlinear,Marginal-FR,Marginal,5.99724790326943
6,50,2,100,nonlinear,Marginal-FR,Correlation,0.3814264790737802
6,50,2,100,nonlinear,Gaussian-FR,Marginal,7.3548219825171905
6,50,2,100,nonlinear,Gaussian-FR,Correlation,0.02896792332136909
7,50,2,100,nonlinear,NPT-FR,Marginal,5.925840370102915
7,50,2,100,nonlinear,NPT-FR,Correlation,0.005357782282874694
7,50,2,100,nonlinear,Marginal-FR,Marginal,5.925840370102915
7,50,2,100,nonlinear,Marginal-FR,Correlation,0.37466760071475724
7,50,2,100,nonlinear,Gaussian-FR,Marginal,7.50161656990136
7,50,2,100,nonlinear,Gaussian-FR,Correlation,0.024495265632522755
8,50,2,100,nonlinear,NPT-FR,Marginal,5.612882861579179
8,50,2,100,nonlinear,NPT-FR,Correlation,0.005411641851136311
8,50,2,100,nonlinear,Marginal-FR,Marginal,5.612882861579179
8,50,2,100,nonlinear,Marginal-FR,Correlation,0.37812714972760675
8,50,2,100,nonlinear,Gaussian-FR,Marginal,6.937886333049759
8,50,2,100,nonlinear,Gaussian-FR,Correlation,0.019518105350873213
9,50,2,100,nonlinear,NPT-FR,Marginal,6.162364498479436
9,50,2,100,nonlinear,NPT-FR,Correlation,0.005327429737575984
9,50,2,100,nonlinear,Marginal-FR,Marginal,6.162364498479436
9,50,2,100,nonlinear,Marginal-FR,Correlation,0.38220498209131376
9,50,2,100,nonlinear,Gaussian-FR,Marginal,7.43260880311305
9,50,2,100,nonlinear,Gaussian-FR,Correlation,0.01686082380497524
10,50,2,100,nonlinear,NPT-FR,Marginal,5.773891260923312
10,50,2,100,nonlinear,NPT-FR,Correlation,0.006191348211375755
10,50,2,100,nonlinear,Marginal-FR,Marginal,5.773891260923312
10,50,2,100,nonlinear,Marginal-FR,Correlation,0.36495349871714844
10,50,2,100,nonlinear,Gaussian-FR,Marginal,7.3029219297546115
10,50,2,100,nonlinear,Gaussian-FR,Correlation,0.022575612322366417
11,50,2,100,nonlinear,NPT-FR,Marginal,5.9661802381263165
11,50,2,100,nonlinear,NPT-FR,Correlation,0.006096126461793372
11,50,2,100,nonlinear,Marginal-FR,Marginal,5.9661802381263165
11,50,2,100,nonlinear,Marginal-FR,Correlation,0.38710217389236773
11,50,2,100,nonlinear,Gaussian-FR,Marginal,7.353031203637576
11,50,2,100,nonlinear,Gaussian-FR,Correlation,0.030065869714845834
12,50,2,100,nonlinear,NPT-FR,Marginal,6.136429514936681
12,50,2,100,nonlinear,NPT-FR,Correlation,0.00816262542606278
12,50,2,100,nonlinear,Marginal-FR,Marginal,6.136429514936681
12,50,2,100,nonlinear,Marginal-FR,Correlation,0.3738726892902963
12,50,2,100,nonlinear,Gaussian-FR,Marginal,7.823749226856033
12,50,2,100,nonlinear,Gaussian-FR,Correlation,0.017930109510874266
13,50,2,100,nonlinear,NPT-FR,Marginal,5.679664884886616
13,50,2,100,nonlinear,NPT-FR,Correlation,0.005731508786395073
13,50,2,100,nonlinear,Marginal-FR,Marginal,5.679664884886616
13,50,2,100,nonlinear,Marginal-FR,Correlation,0.3897769493121896
13,50,2,100,nonlinear,Gaussian-FR,Marginal,7.095357544574966
13,50,2,100,nonlinear,Gaussian-FR,Correlation,0.02827569448496813
14,50,2,100,nonlinear,NPT-FR,Marginal,6.239717291601887
14,50,2,100,nonlinear,NPT-FR,Correlation,0.005471836169960142
14,50,2,100,nonlinear,Marginal-FR,Marginal,6.239717291601887
14,50,2,100,nonlinear,Marginal-FR,Correlation,0.3845354918109537
14,50,2,100,nonlinear,Gaussian-FR,Marginal,7.488082604589625
14,50,2,100,nonlinear,Gaussian-FR,Correlation,0.017760426750855297
15,50,2,100,nonlinear,NPT-FR,Marginal,6.0184379096996015
15,50,2,100,nonlinear,NPT-FR,Correlation,0.006037196812580823
15,50,2,100,nonlinear,Marginal-FR,Marginal,6.0184379096996015
15,50,2,100,nonlinear,Marginal-FR,Correlation,0.3722036058658775
15,50,2,100,nonlinear,Gaussian-FR,Marginal,7.037709131019962
15,50,2,100,nonlinear,Gaussian-FR,Correlation,0.016706295184341066
16,50,2,100,nonlinear,NPT-FR,Marginal,6.463355483176253
16,50,2,100,nonlinear,NPT-FR,Correlation,0.0052015279113893234
16,50,2,100,nonlinear,Marginal-FR,Marginal,6.463355483176253
16,50,2,100,nonlinear,Marginal-FR,Correlation,0.38324666258470164
16,50,2,100,nonlinear,Gaussian-FR,Marginal,8.083260290573913
16,50,2,100,nonlinear,Gaussian-FR,Correlation,0.022742292736263447
17,50,2,100,nonlinear,NPT-FR,Marginal,6.136999552345301
17,50,2,100,nonlinear,NPT-FR,Correlation,0.00751542842151467
17,50,2,100,nonlinear,Marginal-FR,Marginal,6.136999552345301
17,50,2,100,nonlinear,Marginal-FR,Correlation,0.37805281370713056
17,50,2,100,nonlinear,Gaussian-FR,Marginal,7.435929413707221
17,50,2,100,nonlinear,Gaussian-FR,Correlation,0.018022727639457184
18,50,2,100,nonlinear,NPT-FR,Marginal,5.60217083120169
18,50,2,100,nonlinear,NPT-FR,Correlation,0.006777887302701878
18,50,2,100,nonlinear,Marginal-FR,Marginal,5.60217083120169
18,50,2,100,nonlinear,Marginal-FR,Correlation,0.3818383293192003
18,50,2,100,nonlinear,Gaussian-FR,Marginal,6.754470795351812
18,50,2,100,nonlinear,Gaussian-FR,Correlation,0.02053301198818427
19,50,2,100,nonlinear,NPT-FR,Marginal,6.142578599612485
19,50,2,100,nonlinear,NPT-FR,Correlation,0.006568321742225993
19,50,2,100,nonlinear,Marginal-FR,Marginal,6.142578599612485
19,50,2,100,nonlinear,Marginal-FR,Correlation,0.35843563795392114
19,50,2,100,nonlinear,Gaussian-FR,Marginal,7.532522090823782
19,50,2,100,nonlinear,Gaussian-FR,Correlation,0.024767869995816733
20,50,2,100,nonlinear,NPT-FR,Marginal,5.992668862110989
20,50,2,100,nonlinear,NPT-FR,Correlation,0.004314937661084838
20,50,2,100,nonlinear,Marginal-FR,Marginal,5.992668862110989
20,50,2,100,nonlinear,Marginal-FR,Correlation,0.3775647814093396
20,50,2,100,nonlinear,Gaussian-FR,Marginal,7.5953930769389455
20,50,2,100,nonlinear,Gaussian-FR,Correlation,0.016105512005539037
21,50,2,100,nonlinear,NPT-FR,Marginal,5.8365920144517
21,50,2,100,nonlinear,NPT-FR,Correlation,0.005763246095975713
21,50,2,100,nonlinear,Marginal-FR,Marginal,5.8365920144517
21,50,2,100,nonlinear,Marginal-FR,Correlation,0.40269105759663254
21,50,2,100,nonlinear,Gaussian-FR,Marginal,7.452536123302554
21,50,2,100,nonlinear,Gaussian-FR,Correlation,0.01801484249017379
22,50,2,100,nonlinear,NPT-FR,Marginal,5.624582697323005
22,50,2,100,nonlinear,NPT-FR,Correlation,0.005748439791896985
22,50,2,100,nonlinear,Marginal-FR,Marginal,5.624582697323005
22,50,2,100,nonlinear,Marginal-FR,Correlation,0.36479878626829215
22,50,2,100,nonlinear,Gaussian-FR,Marginal,7.160652338121617
22,50,2,100,nonlinear,Gaussian-FR,Correlation,0.027294134603481474
23,50,2,100,nonlinear,NPT-FR,Marginal,6.386419892293338
23,50,2,100,nonlinear,NPT-FR,Correlation,0.006602143611012378
23,50,2,100,nonlinear,Marginal-FR,Marginal,6.386419892293338
23,50,2,100,nonlinear,Marginal-FR,Correlation,0.38010848663189856
23,50,2,100,nonlinear,Gaussian-FR,Marginal,7.770948261663092
23,50,2,100,nonlinear,Gaussian-FR,Correlation,0.024790447980738494
24,50,2,100,nonlinear,NPT-FR,Marginal,5.758514159958302
24,50,2,100,nonlinear,NPT-FR,Correlation,0.005622462307013871
24,50,2,100,nonlinear,Marginal-FR,Marginal,5.758514159958302
24,50,2,100,nonlinear,Marginal-FR,Correlation,0.3902038120160226
24,50,2,100,nonlinear,Gaussian-FR,Marginal,6.9786342221727455
24,50,2,100,nonlinear,Gaussian-FR,Correlation,0.027190103681444526
25,50,2,100,nonlinear,NPT-FR,Marginal,5.682361648398428
25,50,2,100,nonlinear,NPT-FR,Correlation,0.006652205565467183
25,50,2,100,nonlinear,Marginal-FR,Marginal,5.682361648398428
25,50,2,100,nonlinear,Marginal-FR,Correlation,0.3709764033763041
25,50,2,100,nonlinear,Gaussian-FR,Marginal,7.150557018826656
25,50,2,100,nonlinear,Gaussian-FR,Correlation,0.025821416662731852
26,50,2,100,nonlinear,NPT-FR,Marginal,5.759361421452503
26,50,2,100,nonlinear,NPT-FR,Correlation,0.004489625293937111
26,50,2,100,nonlinear,Marginal-FR,Marginal,5.759361421452503
26,50,2,100,nonlinear,Marginal-FR,Correlation,0.39170088554774546
26,50,2,100,nonlinear,Gaussian-FR,Marginal,7.168043915608097
26,50,2,100,nonlinear,Gaussian-FR,Correlation,0.01679133176354338
27,50,2,100,nonlinear,NPT-FR,Marginal,6.08945411494745
27,50,2,100,nonlinear,NPT-FR,Correlation,0.007550592243161853
27,50,2,100,nonlinear,Marginal-FR,Marginal,6.08945411494745
27,50,2,100,nonlinear,Marginal-FR,Correlation,0.3565954784270622
27,50,2,100,nonlinear,Gaussian-FR,Marginal,7.5680548188734775
27,50,2,100,nonlinear,Gaussian-FR,Correlation,0.022259978344244903
28,50,2,100,nonlinear,NPT-FR,Marginal,5.974223866820534
28,50,2,100,nonlinear,NPT-FR,Correlation,0.006425175552986634
28,50,2,100,nonlinear,Marginal-FR,Marginal,5.974223866820534
28,50,2,100,nonlinear,Marginal-FR,Correlation,0.3525999700008346
28,50,2,100,nonlinear,Gaussian-FR,Marginal,7.209405231813684
28,50,2,100,nonlinear,Gaussian-FR,Correlation,0.027619019976586754
29,50,2,100,nonlinear,NPT-FR,Marginal,5.852465796099148
29,50,2,100,nonlinear,NPT-FR,Correlation,0.005157850754427429
29,50,2,100,nonlinear,Marginal-FR,Marginal,5.852465796099148
29,50,2,100,nonlinear,Marginal-FR,Correlation,0.37180755813768745
29,50,2,100,nonlinear,Gaussian-FR,Marginal,7.1509115651398965
29,50,2,100,nonlinear,Gaussian-FR,Correlation,0.018629541710616624
30,50,2,100,nonlinear,NPT-FR,Marginal,5.970993141241349
30,50,2,100,nonlinear,NPT-FR,Correlation,0.007270743198025351
30,50,2,100,nonlinear,Marginal-FR,Marginal,5.970993141241349
30,50,2,100,nonlinear,Marginal-FR,Correlation,0.372850455169796
30,50,2,100,nonlinear,Gaussian-FR,Marginal,7.47029616153016
30,50,2,100,nonlinear,Gaussian-FR,Correlation,0.018642345775349685
31,50,2,100,nonlinear,NPT-FR,Marginal,6.771783919127431
31,50,2,100,nonlinear,NPT-FR,Correlation,0.00553892421747266
31,50,2,100,nonlinear,Marginal-FR,Marginal,6.771783919127431
31,50,2,100,nonlinear,Marginal-FR,Correlation,0.39003651181745835
31,50,2,100,nonlinear,Gaussian-FR,Marginal,8.309657785455242
31,50,2,100,nonlinear,Gaussian-FR,Correlation,0.021276076839369815
32,50,2,100,nonlinear,NPT-FR,Marginal,6.050749554563203
32,50,2,100,nonlinear,NPT-FR,Correlation,0.005624104151310995
32,50,2,100,nonlinear,Marginal-FR,Marginal,6.050749554563203
32,50,2,100,nonlinear,Marginal-FR,Correlation,0.3578763941121542
32,50,2,100,nonlinear,Gaussian-FR,Marginal,7.458760345840975
32,50,2,100,nonlinear,Gaussian-FR,Correlation,0.03178582204036158
33,50,2,100,nonlinear,NPT-FR,Marginal,6.317144276877757
33,50,2,100,nonlinear,NPT-FR,Correlation,0.005729742971312032
33,50,2,100,nonlinear,Marginal-FR,Marginal,6.317144276877757
33,50,2,100,nonlinear,Marginal-FR,Correlation,0.3739082565322696
33,50,2,100,nonlinear,Gaussian-FR,Marginal,7.801356520698054
33,50,2,100,nonlinear,Gaussian-FR,Correlation,0.018973472013245743
34,50,2,100,nonlinear,NPT-FR,Marginal,5.99603883685432
34,50,2,100,nonlinear,NPT-FR,Correlation,0.006387993570801938
34,50,2,100,nonlinear,Marginal-FR,Marginal,5.99603883685432
34,50,2,100,nonlinear,Marginal-FR,Correlation,0.37166100848234584
34,50,2,100,nonlinear,Gaussian-FR,Marginal,7.313711182499643
34,50,2,100,nonlinear,Gaussian-FR,Correlation,0.02354707584302549
35,50,2,100,nonlinear,NPT-FR,Marginal,6.100706367698948
35,50,2,100,nonlinear,NPT-FR,Correlation,0.00500724408824911
35,50,2,100,nonlinear,Marginal-FR,Marginal,6.100706367698948
35,50,2,100,nonlinear,Marginal-FR,Correlation,0.38025774173782717
35,50,2,100,nonlinear,Gaussian-FR,Marginal,7.342336157508383
35,50,2,100,nonlinear,Gaussian-FR,Correlation,0.015844578864438
36,50,2,100,nonlinear,NPT-FR,Marginal,6.696197346016014
36,50,2,100,nonlinear,NPT-FR,Correlation,0.0051005510174912064
36,50,2,100,nonlinear,Marginal-FR,Marginal,6.696197346016014
36,50,2,100,nonlinear,Marginal-FR,Correlation,0.366713717424015
36,50,2,100,nonlinear,Gaussian-FR,Marginal,8.16480863478304
36,50,2,100,nonlinear,Gaussian-FR,Correlation,0.025376886922224763
37,50,2,100,nonlinear,NPT-FR,Marginal,6.576061653194632
37,50,2,100,nonlinear,NPT-FR,Correlation,0.007839195176967743
37,50,2,100,nonlinear,Marginal-FR,Marginal,6.576061653194632
37,50,2,100,nonlinear,Marginal-FR,Correlation,0.3990566806915871
37,50,2,100,nonlinear,Gaussian-FR,Marginal,7.9110556133631
37,50,2,100,nonlinear,Gaussian-FR,Correlation,0.029443824064818633
38,50,2,100,nonlinear,NPT-FR,Marginal,6.228156002646247
38,50,2,100,nonlinear,NPT-FR,Correlation,0.005536974584403646
38,50,2,100,nonlinear,Marginal-FR,Marginal,6.228156002646247
38,50,2,100,nonlinear,Marginal-FR,Correlation,0.37551886109586846
38,50,2,100,nonlinear,Gaussian-FR,Marginal,7.565236657418031
38,50,2,100,nonlinear,Gaussian-FR,Correlation,0.023605976405746163
39,50,2,100,nonlinear,NPT-FR,Marginal,6.016734225859967
39,50,2,100,nonlinear,NPT-FR,Correlation,0.006038193448120083
39,50,2,100,nonlinear,Marginal-FR,Marginal,6.016734225859967
39,50,2,100,nonlinear,Marginal-FR,Correlation,0.396696314034374
39,50,2,100,nonlinear,Gaussian-FR,Marginal,7.458717146291018
39,50,2,100,nonlinear,Gaussian-FR,Correlation,0.017812219885219863
40,50,2,100,nonlinear,NPT-FR,Marginal,6.372042295734464
40,50,2,100,nonlinear,NPT-FR,Correlation,0.005968115674409959
40,50,2,100,nonlinear,Marginal-FR,Marginal,6.372042295734464
40,50,2,100,nonlinear,Marginal-FR,Correlation,0.38064553785975
40,50,2,100,nonlinear,Gaussian-FR,Marginal,7.974723828532919
40,50,2,100,nonlinear,Gaussian-FR,Correlation,0.021720076649165285
41,50,2,100,nonlinear,NPT-FR,Marginal,6.3699851893836055
41,50,2,100,nonlinear,NPT-FR,Correlation,0.006026399796108703
41,50,2,100,nonlinear,Marginal-FR,Marginal,6.3699851893836055
41,50,2,100,nonlinear,Marginal-FR,Correlation,0.3983941812366248
41,50,2,100,nonlinear,Gaussian-FR,Marginal,7.743002620605049
41,50,2,100,nonlinear,Gaussian-FR,Correlation,0.025923876737661288
42,50,2,100,nonlinear,NPT-FR,Marginal,5.735691226818363
42,50,2,100,nonlinear,NPT-FR,Correlation,0.008448069748085029
42,50,2,100,nonlinear,Marginal-FR,Marginal,5.735691226818363
42,50,2,100,nonlinear,Marginal-FR,Correlation,0.3672420344045225
42,50,2,100,nonlinear,Gaussian-FR,Marginal,6.890550292111764
42,50,2,100,nonlinear,Gaussian-FR,Correlation,0.03006280066662426
43,50,2,100,nonlinear,NPT-FR,Marginal,5.889193230168953
43,50,2,100,nonlinear,NPT-FR,Correlation,0.005250679574233281
43,50,2,100,nonlinear,Marginal-FR,Marginal,5.889193230168953
43,50,2,100,nonlinear,Marginal-FR,Correlation,0.3788683882213882
43,50,2,100,nonlinear,Gaussian-FR,Marginal,7.212425818936699
43,50,2,100,nonlinear,Gaussian-FR,Correlation,0.02361769200207757
44,50,2,100,nonlinear,NPT-FR,Marginal,5.918984222605328
44,50,2,100,nonlinear,NPT-FR,Correlation,0.005473122303150831
44,50,2,100,nonlinear,Marginal-FR,Marginal,5.918984222605328
44,50,2,100,nonlinear,Marginal-FR,Correlation,0.3552593762391751
44,50,2,100,nonlinear,Gaussian-FR,Marginal,7.578488290584367
44,50,2,100,nonlinear,Gaussian-FR,Correlation,0.017027184957503615
45,50,2,100,nonlinear,NPT-FR,Marginal,5.884778369563369
45,50,2,100,nonlinear,NPT-FR,Correlation,0.007506871214311783
45,50,2,100,nonlinear,Marginal-FR,Marginal,5.884778369563369
45,50,2,100,nonlinear,Marginal-FR,Correlation,0.3699850134033322
45,50,2,100,nonlinear,Gaussian-FR,Marginal,7.503187828295924
45,50,2,100,nonlinear,Gaussian-FR,Correlation,0.021820698125705616
46,50,2,100,nonlinear,NPT-FR,Marginal,5.98440955447361
46,50,2,100,nonlinear,NPT-FR,Correlation,0.004627248465855394
46,50,2,100,nonlinear,Marginal-FR,Marginal,5.98440955447361
46,50,2,100,nonlinear,Marginal-FR,Correlation,0.3809619081695054
46,50,2,100,nonlinear,Gaussian-FR,Marginal,7.48311546494117
46,50,2,100,nonlinear,Gaussian-FR,Correlation,0.019212731571160935
47,50,2,100,nonlinear,NPT-FR,Marginal,6.013401924978258
47,50,2,100,nonlinear,NPT-FR,Correlation,0.00557150964704025
47,50,2,100,nonlinear,Marginal-FR,Marginal,6.013401924978258
47,50,2,100,nonlinear,Marginal-FR,Correlation,0.3571297152528405
47,50,2,100,nonlinear,Gaussian-FR,Marginal,7.332476277492792
47,50,2,100,nonlinear,Gaussian-FR,Correlation,0.02766488768590412
48,50,2,100,nonlinear,NPT-FR,Marginal,6.155457736919038
48,50,2,100,nonlinear,NPT-FR,Correlation,0.007588469053598368
48,50,2,100,nonlinear,Marginal-FR,Marginal,6.155457736919038
48,50,2,100,nonlinear,Marginal-FR,Correlation,0.37366940031550616
48,50,2,100,nonlinear,Gaussian-FR,Marginal,7.530509823190691
48,50,2,100,nonlinear,Gaussian-FR,Correlation,0.022874069887992825
49,50,2,100,nonlinear,NPT-FR,Marginal,6.0618625321467166
49,50,2,100,nonlinear,NPT-FR,Correlation,0.004449640776452443
49,50,2,100,nonlinear,Marginal-FR,Marginal,6.0618625321467166
49,50,2,100,nonlinear,Marginal-FR,Correlation,0.36707982940732686
49,50,2,100,nonlinear,Gaussian-FR,Marginal,7.7947714056599455
49,50,2,100,nonlinear,Gaussian-FR,Correlation,0.017619061164549022
50,50,2,100,nonlinear,NPT-FR,Marginal,6.6048527075981704
50,50,2,100,nonlinear,NPT-FR,Correlation,0.007352112499050889
50,50,2,100,nonlinear,Marginal-FR,Marginal,6.6048527075981704
50,50,2,100,nonlinear,Marginal-FR,Correlation,0.38033332000461545
50,50,2,100,nonlinear,Gaussian-FR,Marginal,7.669648092596648
50,50,2,100,nonlinear,Gaussian-FR,Correlation,0.027579230730273786
51,50,2,100,nonlinear,NPT-FR,Marginal,5.7874767789169
51,50,2,100,nonlinear,NPT-FR,Correlation,0.005566208368580285
51,50,2,100,nonlinear,Marginal-FR,Marginal,5.7874767789169
51,50,2,100,nonlinear,Marginal-FR,Correlation,0.3763246168609242
51,50,2,100,nonlinear,Gaussian-FR,Marginal,7.130772353044156
51,50,2,100,nonlinear,Gaussian-FR,Correlation,0.025968596479584542
52,50,2,100,nonlinear,NPT-FR,Marginal,6.03802735625178
52,50,2,100,nonlinear,NPT-FR,Correlation,0.005505170682794965
52,50,2,100,nonlinear,Marginal-FR,Marginal,6.03802735625178
52,50,2,100,nonlinear,Marginal-FR,Correlation,0.370648919888045
52,50,2,100,nonlinear,Gaussian-FR,Marginal,7.140257839540577
52,50,2,100,nonlinear,Gaussian-FR,Correlation,0.027029687319007272
53,50,2,100,nonlinear,NPT-FR,Marginal,5.941873027084883
53,50,2,100,nonlinear,NPT-FR,Correlation,0.005047526142877535
53,50,2,100,nonlinear,Marginal-FR,Marginal,5.941873027084883
53,50,2,100,nonlinear,Marginal-FR,Correlation,0.38372229419345133
53,50,2,100,nonlinear,Gaussian-FR,Marginal,7.24477482325594
53,50,2,100,nonlinear,Gaussian-FR,Correlation,0.023716069859264974
54,50,2,100,nonlinear,NPT-FR,Marginal,6.095420308507524
54,50,2,100,nonlinear,NPT-FR,Correlation,0.006339682768334321
54,50,2,100,nonlinear,Marginal-FR,Marginal,6.095420308507524
54,50,2,100,nonlinear,Marginal-FR,Correlation,0.36718033750161033
54,50,2,100,nonlinear,Gaussian-FR,Marginal,7.349911258843127
54,50,2,100,nonlinear,Gaussian-FR,Correlation,0.029965552680525313
55,50,2,100,nonlinear,NPT-FR,Marginal,6.057823798369461
55,50,2,100,nonlinear,NPT-FR,Correlation,0.005156726348314195
55,50,2,100,nonlinear,Marginal-FR,Marginal,6.057823798369461
55,50,2,100,nonlinear,Marginal-FR,Correlation,0.36122613619437216
55,50,2,100,nonlinear,Gaussian-FR,Marginal,7.580941904208345
55,50,2,100,nonlinear,Gaussian-FR,Correlation,0.016211132932720168
56,50,2,100,nonlinear,NPT-FR,Marginal,6.7106310268916225
56,50,2,100,nonlinear,NPT-FR,Correlation,0.005988053599484145
56,50,2,100,nonlinear,Marginal-FR,Marginal,6.7106310268916225
56,50,2,100,nonlinear,Marginal-FR,Correlation,0.3633247731135354
56,50,2,100,nonlinear,Gaussian-FR,Marginal,7.855750794487537
56,50,2,100,nonlinear,Gaussian-FR,Correlation,0.028352738829793483
57,50,2,100,nonlinear,NPT-FR,Marginal,5.759363153206994
57,50,2,100,nonlinear,NPT-FR,Correlation,0.005590898972886452
57,50,2,100,nonlinear,Marginal-FR,Marginal,5.759363153206994
57,50,2,100,nonlinear,Marginal-FR,Correlation,0.3631666339033305
57,50,2,100,nonlinear,Gaussian-FR,Marginal,7.205005979187895
57,50,2,100,nonlinear,Gaussian-FR,Correlation,0.021475615189708537
58,50,2,100,nonlinear,NPT-FR,Marginal,5.880909436068186
58,50,2,100,nonlinear,NPT-FR,Correlation,0.004826558893113308
58,50,2,100,nonlinear,Marginal-FR,Marginal,5.880909436068186
58,50,2,100,nonlinear,Marginal-FR,Correlation,0.38403303785656495
58,50,2,100,nonlinear,Gaussian-FR,Marginal,7.2320279833136905
58,50,2,100,nonlinear,Gaussian-FR,Correlation,0.019620334187232996
59,50,2,100,nonlinear,NPT-FR,Marginal,6.084184690078782
59,50,2,100,nonlinear,NPT-FR,Correlation,0.007082305010834483
59,50,2,100,nonlinear,Marginal-FR,Marginal,6.084184690078782
59,50,2,100,nonlinear,Marginal-FR,Correlation,0.37030792836711146
59,50,2,100,nonlinear,Gaussian-FR,Marginal,7.497610301518467
59,50,2,100,nonlinear,Gaussian-FR,Correlation,0.0266011275792289
60,50,2,100,nonlinear,NPT-FR,Marginal,6.234908187372486
60,50,2,100,nonlinear,NPT-FR,Correlation,0.005938782469873903
60,50,2,100,nonlinear,Marginal-FR,Marginal,6.234908187372486
60,50,2,100,nonlinear,Marginal-FR,Correlation,0.3924727662443956
60,50,2,100,nonlinear,Gaussian-FR,Marginal,7.683684925548437
60,50,2,100,nonlinear,Gaussian-FR,Correlation,0.021037769451094045
61,50,2,100,nonlinear,NPT-FR,Marginal,5.603739989438051
61,50,2,100,nonlinear,NPT-FR,Correlation,0.005396175235145793
61,50,2,100,nonlinear,Marginal-FR,Marginal,5.603739989438051
61,50,2,100,nonlinear,Marginal-FR,Correlation,0.36175183285044055
61,50,2,100,nonlinear,Gaussian-FR,Marginal,6.938204380393163
61,50,2,100,nonlinear,Gaussian-FR,Correlation,0.022732411981912885
62,50,2,100,nonlinear,NPT-FR,Marginal,6.193123366011365
62,50,2,100,nonlinear,NPT-FR,Correlation,0.004707949239139661
62,50,2,100,nonlinear,Marginal-FR,Marginal,6.193123366011365
62,50,2,100,nonlinear,Marginal-FR,Correlation,0.3761011476321078
62,50,2,100,nonlinear,Gaussian-FR,Marginal,7.652550431912081
62,50,2,100,nonlinear,Gaussian-FR,Correlation,0.021415186617828035
63,50,2,100,nonlinear,NPT-FR,Marginal,6.000834157004327
63,50,2,100,nonlinear,NPT-FR,Correlation,0.004760803427345271
63,50,2,100,nonlinear,Marginal-FR,Marginal,6.000834157004327
63,50,2,100,nonlinear,Marginal-FR,Correlation,0.36915048614000895
63,50,2,100,nonlinear,Gaussian-FR,Marginal,7.5271248533823165
63,50,2,100,nonlinear,Gaussian-FR,Correlation,0.019062727254644904
64,50,2,100,nonlinear,NPT-FR,Marginal,5.410638509863847
64,50,2,100,nonlinear,NPT-FR,Correlation,0.006767460530985473
64,50,2,100,nonlinear,Marginal-FR,Marginal,5.410638509863847
64,50,2,100,nonlinear,Marginal-FR,Correlation,0.3913298448938915
64,50,2,100,nonlinear,Gaussian-FR,Marginal,6.703525390886227
64,50,2,100,nonlinear,Gaussian-FR,Correlation,0.025671467443936766
65,50,2,100,nonlinear,NPT-FR,Marginal,6.652616088985342
65,50,2,100,nonlinear,NPT-FR,Correlation,0.0071849813230316075
65,50,2,100,nonlinear,Marginal-FR,Marginal,6.652616088985342
65,50,2,100,nonlinear,Marginal-FR,Correlation,0.39239505872662306
65,50,2,100,nonlinear,Gaussian-FR,Marginal,8.236886662972877
65,50,2,100,nonlinear,Gaussian-FR,Correlation,0.02720520587734405
66,50,2,100,nonlinear,NPT-FR,Marginal,5.655535588453694
66,50,2,100,nonlinear,NPT-FR,Correlation,0.007296420262781572
66,50,2,100,nonlinear,Marginal-FR,Marginal,5.655535588453694
66,50,2,100,nonlinear,Marginal-FR,Correlation,0.37154480093136444
66,50,2,100,nonlinear,Gaussian-FR,Marginal,7.199924651581766
66,50,2,100,nonlinear,Gaussian-FR,Correlation,0.025812910699276017
67,50,2,100,nonlinear,NPT-FR,Marginal,6.159206276448725
67,50,2,100,nonlinear,NPT-FR,Correlation,0.005209067413816949
67,50,2,100,nonlinear,Marginal-FR,Marginal,6.159206276448725
67,50,2,100,nonlinear,Marginal-FR,Correlation,0.3552955984064642
67,50,2,100,nonlinear,Gaussian-FR,Marginal,7.59157051625398
67,50,2,100,nonlinear,Gaussian-FR,Correlation,0.03159789576376355
68,50,2,100,nonlinear,NPT-FR,Marginal,5.898894593488859
68,50,2,100,nonlinear,NPT-FR,Correlation,0.008038805073728441
68,50,2,100,nonlinear,Marginal-FR,Marginal,5.898894593488859
68,50,2,100,nonlinear,Marginal-FR,Correlation,0.38819776155840874
68,50,2,100,nonlinear,Gaussian-FR,Marginal,7.554683369648034
68,50,2,100,nonlinear,Gaussian-FR,Correlation,0.02916751004781546
69,50,2,100,nonlinear,NPT-FR,Marginal,6.67984460135088
69,50,2,100,nonlinear,NPT-FR,Correlation,0.004192408931352578
69,50,2,100,nonlinear,Marginal-FR,Marginal,6.67984460135088
69,50,2,100,nonlinear,Marginal-FR,Correlation,0.3853828836564405
69,50,2,100,nonlinear,Gaussian-FR,Marginal,8.17143951059424
69,50,2,100,nonlinear,Gaussian-FR,Correlation,0.022365777166965948
70,50,2,100,nonlinear,NPT-FR,Marginal,5.482220072195335
70,50,2,100,nonlinear,NPT-FR,Correlation,0.005488545655684615
70,50,2,100,nonlinear,Marginal-FR,Marginal,5.482220072195335
70,50,2,100,nonlinear,Marginal-FR,Correlation,0.3687403141326685
70,50,2,100,nonlinear,Gaussian-FR,Marginal,6.684862317712849
70,50,2,100,nonlinear,Gaussian-FR,Correlation,0.021347400773432584
71,50,2,100,nonlinear,NPT-FR,Marginal,5.709399552745346
71,50,2,100,nonlinear,NPT-FR,Correlation,0.005521264962989223
71,50,2,100,nonlinear,Marginal-FR,Marginal,5.709399552745346
71,50,2,100,nonlinear,Marginal-FR,Correlation,0.3815901092832334
71,50,2,100,nonlinear,Gaussian-FR,Marginal,6.926176059358143
71,50,2,100,nonlinear,Gaussian-FR,Correlation,0.03292925025034533
72,50,2,100,nonlinear,NPT-FR,Marginal,6.576640076680591
72,50,2,100,nonlinear,NPT-FR,Correlation,0.006159930728889254
72,50,2,100,nonlinear,Marginal-FR,Marginal,6.576640076680591
72,50,2,100,nonlinear,Marginal-FR,Correlation,0.3864873272093339
72,50,2,100,nonlinear,Gaussian-FR,Marginal,7.949070184738719
72,50,2,100,nonlinear,Gaussian-FR,Correlation,0.028560822904160357
73,50,2,100,nonlinear,NPT-FR,Marginal,5.875970210775311
73,50,2,100,nonlinear,NPT-FR,Correlation,0.0056477334530143095
73,50,2,100,nonlinear,Marginal-FR,Marginal,5.875970210775311
73,50,2,100,nonlinear,Marginal-FR,Correlation,0.3856919951489401
73,50,2,100,nonlinear,Gaussian-FR,Marginal,7.215841669073406
73,50,2,100,nonlinear,Gaussian-FR,Correlation,0.026102090070575148
74,50,2,100,nonlinear,NPT-FR,Marginal,6.1922430925155965
74,50,2,100,nonlinear,NPT-FR,Correlation,0.007126767798207861
74,50,2,100,nonlinear,Marginal-FR,Marginal,6.1922430925155965
74,50,2,100,nonlinear,Marginal-FR,Correlation,0.3632981388566776
74,50,2,100,nonlinear,Gaussian-FR,Marginal,7.376409276539565
74,50,2,100,nonlinear,Gaussian-FR,Correlation,0.016818045017873696
75,50,2,100,nonlinear,NPT-FR,Marginal,7.081266760120876
75,50,2,100,nonlinear,NPT-FR,Correlation,0.004539626864863677
75,50,2,100,nonlinear,Marginal-FR,Marginal,7.081266760120876
75,50,2,100,nonlinear,Marginal-FR,Correlation,0.3749784413853141
75,50,2,100,nonlinear,Gaussian-FR,Marginal,8.474450053729608
75,50,2,100,nonlinear,Gaussian-FR,Correlation,0.014065653165109982
76,50,2,100,nonlinear,NPT-FR,Marginal,5.9894686112936855
76,50,2,100,nonlinear,NPT-FR,Correlation,0.005538267720961614
76,50,2,100,nonlinear,Marginal-FR,Marginal,5.9894686112936855
76,50,2,100,nonlinear,Marginal-FR,Correlation,0.3754989367804662
76,50,2,100,nonlinear,Gaussian-FR,Marginal,7.374582725756495
76,50,2,100,nonlinear,Gaussian-FR,Correlation,0.025828248523053224
77,50,2,100,nonlinear,NPT-FR,Marginal,5.847218452832175
77,50,2,100,nonlinear,NPT-FR,Correlation,0.004680734514435815
77,50,2,100,nonlinear,Marginal-FR,Marginal,5.847218452832175
77,50,2,100,nonlinear,Marginal-FR,Correlation,0.3686835922645945
77,50,2,100,nonlinear,Gaussian-FR,Marginal,7.250274710307567
77,50,2,100,nonlinear,Gaussian-FR,Correlation,0.014162455812794688
78,50,2,100,nonlinear,NPT-FR,Marginal,7.400433719140663
78,50,2,100,nonlinear,NPT-FR,Correlation,0.005442049944182734
78,50,2,100,nonlinear,Marginal-FR,Marginal,7.400433719140663
78,50,2,100,nonlinear,Marginal-FR,Correlation,0.3804598293026444
78,50,2,100,nonlinear,Gaussian-FR,Marginal,9.047136612861753
78,50,2,100,nonlinear,Gaussian-FR,Correlation,0.03720545115424825
79,50,2,100,nonlinear,NPT-FR,Marginal,6.197447368628966
79,50,2,100,nonlinear,NPT-FR,Correlation,0.006288087542944318
79,50,2,100,nonlinear,Marginal-FR,Marginal,6.197447368628966
79,50,2,100,nonlinear,Marginal-FR,Correlation,0.36692114702974904
79,50,2,100,nonlinear,Gaussian-FR,Marginal,7.423411806988687
79,50,2,100,nonlinear,Gaussian-FR,Correlation,0.01637263861417134
80,50,2,100,nonlinear,NPT-FR,Marginal,5.608147731727177
80,50,2,100,nonlinear,NPT-FR,Correlation,0.006454183541495109
80,50,2,100,nonlinear,Marginal-FR,Marginal,5.608147731727177
80,50,2,100,nonlinear,Marginal-FR,Correlation,0.37689004360600403
80,50,2,100,nonlinear,Gaussian-FR,Marginal,7.053540020902042
80,50,2,100,nonlinear,Gaussian-FR,Correlation,0.031665214671018946
81,50,2,100,nonlinear,NPT-FR,Marginal,5.943789794835711
81,50,2,100,nonlinear,NPT-FR,Correlation,0.005960248489796939
81,50,2,100,nonlinear,Marginal-FR,Marginal,5.943789794835711
81,50,2,100,nonlinear,Marginal-FR,Correlation,0.35949556563770774
81,50,2,100,nonlinear,Gaussian-FR,Marginal,7.213418282940749
81,50,2,100,nonlinear,Gaussian-FR,Correlation,0.01901674514748787
82,50,2,100,nonlinear,NPT-FR,Marginal,5.8313285878255865
82,50,2,100,nonlinear,NPT-FR,Correlation,0.007238678987562839
82,50,2,100,nonlinear,Marginal-FR,Marginal,5.8313285878255865
82,50,2,100,nonlinear,Marginal-FR,Correlation,0.38857804503968957
82,50,2,100,nonlinear,Gaussian-FR,Marginal,7.109687431841773
82,50,2,100,nonlinear,Gaussian-FR,Correlation,0.029684750976443162
83,50,2,100,nonlinear,NPT-FR,Marginal,5.710221104360924
83,50,2,100,nonlinear,NPT-FR,Correlation,0.006825311282906449
83,50,2,100,nonlinear,Marginal-FR,Marginal,5.710221104360924
83,50,2,100,nonlinear,Marginal-FR,Correlation,0.36630247252471626
83,50,2,100,nonlinear,Gaussian-FR,Marginal,7.020819313455664
83,50,2,100,nonlinear,Gaussian-FR,Correlation,0.02415738762926026
84,50,2,100,nonlinear,NPT-FR,Marginal,5.83757774833172
84,50,2,100,nonlinear,NPT-FR,Correlation,0.006301757819521986
84,50,2,100,nonlinear,Marginal-FR,Marginal,5.83757774833172
84,50,2,100,nonlinear,Marginal-FR,Correlation,0.37430403593219425
84,50,2,100,nonlinear,Gaussian-FR,Marginal,7.344685667135911
84,50,2,100,nonlinear,Gaussian-FR,Correlation,0.01379656231631434
85,50,2,100,nonlinear,NPT-FR,Marginal,5.827823303268624
85,50,2,100,nonlinear,NPT-FR,Correlation,0.0053580180207011135
85,50,2,100,nonlinear,Marginal-FR,Marginal,5.827823303268624
85,50,2,100,nonlinear,Marginal-FR,Correlation,0.3569070401222808
85,50,2,100,nonlinear,Gaussian-FR,Marginal,7.2506543580733975
85,50,2,100,nonlinear,Gaussian-FR,Correlation,0.023550316782149323
86,50,2,100,nonlinear,NPT-FR,Marginal,6.504598877320731
86,50,2,100,nonlinear,NPT-FR,Correlation,0.0035135472148523734
86,50,2,100,nonlinear,Marginal-FR,Marginal,6.504598877320731
86,50,2,100,nonlinear,Marginal-FR,Correlation,0.4028490596174377
86,50,2,100,nonlinear,Gaussian-FR,Marginal,7.941726204782835
86,50,2,100,nonlinear,Gaussian-FR,Correlation,0.014581279913122506
87,50,2,100,nonlinear,NPT-FR,Marginal,6.178109865772356
87,50,2,100,nonlinear,NPT-FR,Correlation,0.005156528455013106
87,50,2,100,nonlinear,Marginal-FR,Marginal,6.178109865772356
87,50,2,100,nonlinear,Marginal-FR,Correlation,0.3744941998481027
87,50,2,100,nonlinear,Gaussian-FR,Marginal,7.397541605923642
87,50,2,100,nonlinear,Gaussian-FR,Correlation,0.02232220543596692
88,50,2,100,nonlinear,NPT-FR,Marginal,5.886019668471864
88,50,2,100,nonlinear,NPT-FR,Correlation,0.005279304907220666
88,50,2,100,nonlinear,Marginal-FR,Marginal,5.886019668471864
88,50,2,100,nonlinear,Marginal-FR,Correlation,0.3703733023533358
88,50,2,100,nonlinear,Gaussian-FR,Marginal,7.097976485642496
88,50,2,100,nonlinear,Gaussian-FR,Correlation,0.023345950279920653
89,50,2,100,nonlinear,NPT-FR,Marginal,5.6457786288586025
89,50,2,100,nonlinear,NPT-FR,Correlation,0.006822891309925794
89,50,2,100,nonlinear,Marginal-FR,Marginal,5.6457786288586025
89,50,2,100,nonlinear,Marginal-FR,Correlation,0.37255341125430436
89,50,2,100,nonlinear,Gaussian-FR,Marginal,7.190329476149627
89,50,2,100,nonlinear,Gaussian-FR,Correlation,0.02014248087737815
90,50,2,100,nonlinear,NPT-FR,Marginal,6.566617109620331
90,50,2,100,nonlinear,NPT-FR,Correlation,0.005516658583923934
90,50,2,100,nonlinear,Marginal-FR,Marginal,6.566617109620331
90,50,2,100,nonlinear,Marginal-FR,Correlation,0.3823031477822071
90,50,2,100,nonlinear,Gaussian-FR,Marginal,7.954955251686065
90,50,2,100,nonlinear,Gaussian-FR,Correlation,0.021968427824256558
91,50,2,100,nonlinear,NPT-FR,Marginal,6.777653402223773
91,50,2,100,nonlinear,NPT-FR,Correlation,0.004694913947617814
91,50,2,100,nonlinear,Marginal-FR,Marginal,6.777653402223773
91,50,2,100,nonlinear,Marginal-FR,Correlation,0.37914007967733926
91,50,2,100,nonlinear,Gaussian-FR,Marginal,8.370808065353708
91,50,2,100,nonlinear,Gaussian-FR,Correlation,0.022895621353934012
92,50,2,100,nonlinear,NPT-FR,Marginal,6.099871092078478
92,50,2,100,nonlinear,NPT-FR,Correlation,0.007698287435136613
92,50,2,100,nonlinear,Marginal-FR,Marginal,6.099871092078478
92,50,2,100,nonlinear,Marginal-FR,Correlation,0.39222677498912906
92,50,2,100,nonlinear,Gaussian-FR,Marginal,7.493628782012241
92,50,2,100,nonlinear,Gaussian-FR,Correlation,0.033899116766844005
93,50,2,100,nonlinear,NPT-FR,Marginal,6.270648710635054
93,50,2,100,nonlinear,NPT-FR,Correlation,0.005841411563742483
93,50,2,100,nonlinear,Marginal-FR,Marginal,6.270648710635054
93,50,2,100,nonlinear,Marginal-FR,Correlation,0.38944099012649186
93,50,2,100,nonlinear,Gaussian-FR,Marginal,7.677233008518392
93,50,2,100,nonlinear,Gaussian-FR,Correlation,0.017629921503457945
94,50,2,100,nonlinear,NPT-FR,Marginal,6.050204307801421
94,50,2,100,nonlinear,NPT-FR,Correlation,0.007995714358497767
94,50,2,100,nonlinear,Marginal-FR,Marginal,6.050204307801421
94,50,2,100,nonlinear,Marginal-FR,Correlation,0.36140209696762476
94,50,2,100,nonlinear,Gaussian-FR,Marginal,7.189572957205749
94,50,2,100,nonlinear,Gaussian-FR,Correlation,0.023643450694483172
95,50,2,100,nonlinear,NPT-FR,Marginal,5.882219562846636
95,50,2,100,nonlinear,NPT-FR,Correlation,0.006030368774064426
95,50,2,100,nonlinear,Marginal-FR,Marginal,5.882219562846636
95,50,2,100,nonlinear,Marginal-FR,Correlation,0.37481470843140285
95,50,2,100,nonlinear,Gaussian-FR,Marginal,7.493081703804517
95,50,2,100,nonlinear,Gaussian-FR,Correlation,0.02391026044098566
96,50,2,100,nonlinear,NPT-FR,Marginal,6.14089121120999
96,50,2,100,nonlinear,NPT-FR,Correlation,0.004960639671358187
96,50,2,100,nonlinear,Marginal-FR,Marginal,6.14089121120999
96,50,2,100,nonlinear,Marginal-FR,Correlation,0.35862652005821954
96,50,2,100,nonlinear,Gaussian-FR,Marginal,7.4367168481003105
96,50,2,100,nonlinear,Gaussian-FR,Correlation,0.02279420251953416
97,50,2,100,nonlinear,NPT-FR,Marginal,6.253831638006849
97,50,2,100,nonlinear,NPT-FR,Correlation,0.006251585884110352
97,50,2,100,nonlinear,Marginal-FR,Marginal,6.253831638006849
97,50,2,100,nonlinear,Marginal-FR,Correlation,0.36616760793867364
97,50,2,100,nonlinear,Gaussian-FR,Marginal,7.48293531075263
97,50,2,100,nonlinear,Gaussian-FR,Correlation,0.01965612047194849
98,50,2,100,nonlinear,NPT-FR,Marginal,5.630630683893758
98,50,2,100,nonlinear,NPT-FR,Correlation,0.00824198366324158
98,50,2,100,nonlinear,Marginal-FR,Marginal,5.630630683893758
98,50,2,100,nonlinear,Marginal-FR,Correlation,0.39731678845378676
98,50,2,100,nonlinear,Gaussian-FR,Marginal,7.205618766555741
98,50,2,100,nonlinear,Gaussian-FR,Correlation,0.024868974207819937
99,50,2,100,nonlinear,NPT-FR,Marginal,6.473644753766462
99,50,2,100,nonlinear,NPT-FR,Correlation,0.004100463824030103
99,50,2,100,nonlinear,Marginal-FR,Marginal,6.473644753766462
99,50,2,100,nonlinear,Marginal-FR,Correlation,0.38277627290857175
99,50,2,100,nonlinear,Gaussian-FR,Marginal,7.946594803503707
99,50,2,100,nonlinear,Gaussian-FR,Correlation,0.015433071610057752
0,50,2,1000,linear,NPT-FR,Marginal,6.116188544147816
0,50,2,1000,linear,NPT-FR,Correlation,0.005323251280598723
0,50,2,1000,linear,Marginal-FR,Marginal,6.116188544147816
0,50,2,1000,linear,Marginal-FR,Correlation,0.020439005282474946
0,50,2,1000,linear,Gaussian-FR,Marginal,7.444015720134008
0,50,2,1000,linear,Gaussian-FR,Correlation,0.006038363049752643
1,50,2,1000,linear,NPT-FR,Marginal,5.554048989870628
1,50,2,1000,linear,NPT-FR,Correlation,0.005712760138531958
1,50,2,1000,linear,Marginal-FR,Marginal,5.554048989870628
1,50,2,1000,linear,Marginal-FR,Correlation,0.020781221483262096
1,50,2,1000,linear,Gaussian-FR,Marginal,6.741048178246086
1,50,2,1000,linear,Gaussian-FR,Correlation,0.005777544834668707
2,50,2,1000,linear,NPT-FR,Marginal,5.881293064936774
2,50,2,1000,linear,NPT-FR,Correlation,0.006533584664826927
2,50,2,1000,linear,Marginal-FR,Marginal,5.881293064936774
2,50,2,1000,linear,Marginal-FR,Correlation,0.019892930103480623
2,50,2,1000,linear,Gaussian-FR,Marginal,7.32813619954842
2,50,2,1000,linear,Gaussian-FR,Correlation,0.006525024572133542
3,50,2,1000,linear,NPT-FR,Marginal,5.663830803044224
3,50,2,1000,linear,NPT-FR,Correlation,0.005091147520220918
3,50,2,1000,linear,Marginal-FR,Marginal,5.663830803044224
3,50,2,1000,linear,Marginal-FR,Correlation,0.021079412315565097
3,50,2,1000,linear,Gaussian-FR,Marginal,7.024601413117929
3,50,2,1000,linear,Gaussian-FR,Correlation,0.005443204825959708
4,50,2,1000,linear,NPT-FR,Marginal,5.6663937871461325
4,50,2,1000,linear,NPT-FR,Correlation,0.006220411346847549
4,50,2,1000,linear,Marginal-FR,Marginal,5.6663937871461325
4,50,2,1000,linear,Marginal-FR,Correlation,0.020729179794951157
4,50,2,1000,linear,Gaussian-FR,Marginal,7.009842529442983
4,50,2,1000,linear,Gaussian-FR,Correlation,0.0058363037176321735
5,50,2,1000,linear,NPT-FR,Marginal,5.914219384587918
5,50,2,1000,linear,NPT-FR,Correlation,0.005287027372599919
5,50,2,1000,linear,Marginal-FR,Marginal,5.914219384587918
5,50,2,1000,linear,Marginal-FR,Correlation,0.019807834049115767
5,50,2,1000,linear,Gaussian-FR,Marginal,7.244290923187505
5,50,2,1000,linear,Gaussian-FR,Correlation,0.005757002480905817
6,50,2,1000,linear,NPT-FR,Marginal,5.970311987800482
6,50,2,1000,linear,NPT-FR,Correlation,0.004820870497499101
6,50,2,1000,linear,Marginal-FR,Marginal,5.970311987800482
6,50,2,1000,linear,Marginal-FR,Correlation,0.019995841879915703
6,50,2,1000,linear,Gaussian-FR,Marginal,7.36721966730585
6,50,2,1000,linear,Gaussian-FR,Correlation,0.005059169819235855
7,50,2,1000,linear,NPT-FR,Marginal,5.7962692242779035
7,50,2,1000,linear,NPT-FR,Correlation,0.005424256385934779
7,50,2,1000,linear,Marginal-FR,Marginal,5.7962692242779035
7,50,2,1000,linear,Marginal-FR,Correlation,0.020251229080162015
7,50,2,1000,linear,Gaussian-FR,Marginal,7.202421677391856
7,50,2,1000,linear,Gaussian-FR,Correlation,0.005571926283420575
8,50,2,1000,linear,NPT-FR,Marginal,6.3181776175181525
8,50,2,1000,linear,NPT-FR,Correlation,0.005606082866808528
8,50,2,1000,linear,Marginal-FR,Marginal,6.3181776175181525
8,50,2,1000,linear,Marginal-FR,Correlation,0.02043215658923056
8,50,2,1000,linear,Gaussian-FR,Marginal,7.72576678449196
8,50,2,1000,linear,Gaussian-FR,Correlation,0.005888988045494827
9,50,2,1000,linear,NPT-FR,Marginal,6.137457138664658
9,50,2,1000,linear,NPT-FR,Correlation,0.005698773478024525
9,50,2,1000,linear,Marginal-FR,Marginal,6.137457138664658
9,50,2,1000,linear,Marginal-FR,Correlation,0.023000110683216952
9,50,2,1000,linear,Gaussian-FR,Marginal,7.6443561964836535
9,50,2,1000,linear,Gaussian-FR,Correlation,0.005789562047146655
10,50,2,1000,linear,NPT-FR,Marginal,6.228983875279505
10,50,2,1000,linear,NPT-FR,Correlation,0.006400014496731951
10,50,2,1000,linear,Marginal-FR,Marginal,6.228983875279505
10,50,2,1000,linear,Marginal-FR,Correlation,0.022280195769097177
10,50,2,1000,linear,Gaussian-FR,Marginal,7.458747517408778
10,50,2,1000,linear,Gaussian-FR,Correlation,0.007023612729577884
11,50,2,1000,linear,NPT-FR,Marginal,6.490032112683798
11,50,2,1000,linear,NPT-FR,Correlation,0.006121069699309651
11,50,2,1000,linear,Marginal-FR,Marginal,6.490032112683798
11,50,2,1000,linear,Marginal-FR,Correlation,0.020806353498091186
11,50,2,1000,linear,Gaussian-FR,Marginal,7.976967051243625
11,50,2,1000,linear,Gaussian-FR,Correlation,0.006317260486206343
12,50,2,1000,linear,NPT-FR,Marginal,5.991838634559765
12,50,2,1000,linear,NPT-FR,Correlation,0.005584275389848271
12,50,2,1000,linear,Marginal-FR,Marginal,5.991838634559765
12,50,2,1000,linear,Marginal-FR,Correlation,0.0188281099980341
12,50,2,1000,linear,Gaussian-FR,Marginal,7.5696936081264035
12,50,2,1000,linear,Gaussian-FR,Correlation,0.005522361117746288
13,50,2,1000,linear,NPT-FR,Marginal,5.814022080248634
13,50,2,1000,linear,NPT-FR,Correlation,0.005062236683581418
13,50,2,1000,linear,Marginal-FR,Marginal,5.814022080248634
13,50,2,1000,linear,Marginal-FR,Correlation,0.020135705899504273
13,50,2,1000,linear,Gaussian-FR,Marginal,7.195508926425889
13,50,2,1000,linear,Gaussian-FR,Correlation,0.005979416320474369
14,50,2,1000,linear,NPT-FR,Marginal,5.957608392253693
14,50,2,1000,linear,NPT-FR,Correlation,0.006199156460534181
14,50,2,1000,linear,Marginal-FR,Marginal,5.957608392253693
14,50,2,1000,linear,Marginal-FR,Correlation,0.020419584310641052
14,50,2,1000,linear,Gaussian-FR,Marginal,7.43976693601722
14,50,2,1000,linear,Gaussian-FR,Correlation,0.006417596178127382
15,50,2,1000,linear,NPT-FR,Marginal,6.0128268961173506
15,50,2,1000,linear,NPT-FR,Correlation,0.006187093531705745
15,50,2,1000,linear,Marginal-FR,Marginal,6.0128268961173506
15,50,2,1000,linear,Marginal-FR,Correlation,0.01961923996713652
15,50,2,1000,linear,Gaussian-FR,Marginal,7.364153553936861
15,50,2,1000,linear,Gaussian-FR,Correlation,0.00695470920983679
16,50,2,1000,linear,NPT-FR,Marginal,6.062457415727572
16,50,2,1000,linear,NPT-FR,Correlation,0.005226928278271279
16,50,2,1000,linear,Marginal-FR,Marginal,6.062457415727572
16,50,2,1000,linear,Marginal-FR,Correlation,0.02108292005805666
16,50,2,1000,linear,Gaussian-FR,Marginal,7.62592862392321
16,50,2,1000,linear,Gaussian-FR,Correlation,0.00540820737590424
17,50,2,1000,linear,NPT-FR,Marginal,5.807853019146881
17,50,2,1000,linear,NPT-FR,Correlation,0.005878606639417331
17,50,2,1000,linear,Marginal-FR,Marginal,5.807853019146881
17,50,2,1000,linear,Marginal-FR,Correlation,0.019725799531220174
17,50,2,1000,linear,Gaussian-FR,Marginal,7.188340492393306
17,50,2,1000,linear,Gaussian-FR,Correlation,0.0059731210899602975
18,50,2,1000,linear,NPT-FR,Marginal,6.079386903582978
18,50,2,1000,linear,NPT-FR,Correlation,0.005813432648098906
18,50,2,1000,linear,Marginal-FR,Marginal,6.079386903582978
18,50,2,1000,linear,Marginal-FR,Correlation,0.020806103927407407
18,50,2,1000,linear,Gaussian-FR,Marginal,7.537382700285995
18,50,2,1000,linear,Gaussian-FR,Correlation,0.006160408765146509
19,50,2,1000,linear,NPT-FR,Marginal,6.191636788702434
19,50,2,1000,linear,NPT-FR,Correlation,0.005738212339181806
19,50,2,1000,linear,Marginal-FR,Marginal,6.191636788702434
19,50,2,1000,linear,Marginal-FR,Correlation,0.020757339205176084
19,50,2,1000,linear,Gaussian-FR,Marginal,7.407441049933427
19,50,2,1000,linear,Gaussian-FR,Correlation,0.005812134839002005
20,50,2,1000,linear,NPT-FR,Marginal,5.931927052545778
20,50,2,1000,linear,NPT-FR,Correlation,0.005224750995627275
20,50,2,1000,linear,Marginal-FR,Marginal,5.931927052545778
20,50,2,1000,linear,Marginal-FR,Correlation,0.019211751175190542
20,50,2,1000,linear,Gaussian-FR,Marginal,7.457608742410444
20,50,2,1000,linear,Gaussian-FR,Correlation,0.005992010433444626
21,50,2,1000,linear,NPT-FR,Marginal,6.220585144874677
21,50,2,1000,linear,NPT-FR,Correlation,0.005302879958990118
21,50,2,1000,linear,Marginal-FR,Marginal,6.220585144874677
21,50,2,1000,linear,Marginal-FR,Correlation,0.019749892682441563
21,50,2,1000,linear,Gaussian-FR,Marginal,7.674994206255493
21,50,2,1000,linear,Gaussian-FR,Correlation,0.00547955517017554
22,50,2,1000,linear,NPT-FR,Marginal,6.34066931495687
22,50,2,1000,linear,NPT-FR,Correlation,0.005805788014963225
22,50,2,1000,linear,Marginal-FR,Marginal,6.34066931495687
22,50,2,1000,linear,Marginal-FR,Correlation,0.021021382815131013
22,50,2,1000,linear,Gaussian-FR,Marginal,7.934133701864975
22,50,2,1000,linear,Gaussian-FR,Correlation,0.007280923935627787
23,50,2,1000,linear,NPT-FR,Marginal,5.94986921669693
23,50,2,1000,linear,NPT-FR,Correlation,0.005711758492656338
23,50,2,1000,linear,Marginal-FR,Marginal,5.94986921669693
23,50,2,1000,linear,Marginal-FR,Correlation,0.0195981083254097
23,50,2,1000,linear,Gaussian-FR,Marginal,7.384303252674293
23,50,2,1000,linear,Gaussian-FR,Correlation,0.00538909415665803
24,50,2,1000,linear,NPT-FR,Marginal,5.6240544607729435
24,50,2,1000,linear,NPT-FR,Correlation,0.005892827173962837
24,50,2,1000,linear,Marginal-FR,Marginal,5.6240544607729435
24,50,2,1000,linear,Marginal-FR,Correlation,0.019524658175920622
24,50,2,1000,linear,Gaussian-FR,Marginal,7.055386231119119
24,50,2,1000,linear,Gaussian-FR,Correlation,0.0055811519444828
25,50,2,1000,linear,NPT-FR,Marginal,5.903231212332814
25,50,2,1000,linear,NPT-FR,Correlation,0.0054461122254096895
25,50,2,1000,linear,Marginal-FR,Marginal,5.903231212332814
25,50,2,1000,linear,Marginal-FR,Correlation,0.021363335777451958
25,50,2,1000,linear,Gaussian-FR,Marginal,7.4153698866128535
25,50,2,1000,linear,Gaussian-FR,Correlation,0.005373810629913713
26,50,2,1000,linear,NPT-FR,Marginal,5.993771224442419
26,50,2,1000,linear,NPT-FR,Correlation,0.005532725862447232
26,50,2,1000,linear,Marginal-FR,Marginal,5.993771224442419
26,50,2,1000,linear,Marginal-FR,Correlation,0.02091763572674241
26,50,2,1000,linear,Gaussian-FR,Marginal,7.330950529615791
26,50,2,1000,linear,Gaussian-FR,Correlation,0.006146215952671381
27,50,2,1000,linear,NPT-FR,Marginal,5.879994900959556
27,50,2,1000,linear,NPT-FR,Correlation,0.005479129975253111
27,50,2,1000,linear,Marginal-FR,Marginal,5.879994900959556
27,50,2,1000,linear,Marginal-FR,Correlation,0.020685662856590764
27,50,2,1000,linear,Gaussian-FR,Marginal,7.260230297055278
27,50,2,1000,linear,Gaussian-FR,Correlation,0.005427993825225693
28,50,2,1000,linear,NPT-FR,Marginal,6.272034160170813
28,50,2,1000,linear,NPT-FR,Correlation,0.0055503681629219745
28,50,2,1000,linear,Marginal-FR,Marginal,6.272034160170813
28,50,2,1000,linear,Marginal-FR,Correlation,0.02072968946219097
28,50,2,1000,linear,Gaussian-FR,Marginal,7.625926750350283
28,50,2,1000,linear,Gaussian-FR,Correlation,0.005384772093183766
29,50,2,1000,linear,NPT-FR,Marginal,6.059151540595246
29,50,2,1000,linear,NPT-FR,Correlation,0.005524667203249132
29,50,2,1000,linear,Marginal-FR,Marginal,6.059151540595246
29,50,2,1000,linear,Marginal-FR,Correlation,0.022286919008783202
29,50,2,1000,linear,Gaussian-FR,Marginal,7.326290007843468
29,50,2,1000,linear,Gaussian-FR,Correlation,0.0059821870137251425
30,50,2,1000,linear,NPT-FR,Marginal,6.335111599505467
30,50,2,1000,linear,NPT-FR,Correlation,0.005332082416324959
30,50,2,1000,linear,Marginal-FR,Marginal,6.335111599505467
30,50,2,1000,linear,Marginal-FR,Correlation,0.020207837989023245
30,50,2,1000,linear,Gaussian-FR,Marginal,7.849234535812882
30,50,2,1000,linear,Gaussian-FR,Correlation,0.0055536445380871
31,50,2,1000,linear,NPT-FR,Marginal,6.1267210877248015
31,50,2,1000,linear,NPT-FR,Correlation,0.005831011917691414
31,50,2,1000,linear,Marginal-FR,Marginal,6.1267210877248015
31,50,2,1000,linear,Marginal-FR,Correlation,0.021566648758645796
31,50,2,1000,linear,Gaussian-FR,Marginal,7.61151963423025
31,50,2,1000,linear,Gaussian-FR,Correlation,0.00623722957171123
32,50,2,1000,linear,NPT-FR,Marginal,6.373876083019549
32,50,2,1000,linear,NPT-FR,Correlation,0.006462254553611019
32,50,2,1000,linear,Marginal-FR,Marginal,6.373876083019549
32,50,2,1000,linear,Marginal-FR,Correlation,0.020734120030620817
32,50,2,1000,linear,Gaussian-FR,Marginal,7.8072775812717
32,50,2,1000,linear,Gaussian-FR,Correlation,0.006780180631158336
33,50,2,1000,linear,NPT-FR,Marginal,5.824586642106487
33,50,2,1000,linear,NPT-FR,Correlation,0.005886246452809567
33,50,2,1000,linear,Marginal-FR,Marginal,5.824586642106487
33,50,2,1000,linear,Marginal-FR,Correlation,0.019769281218054813
33,50,2,1000,linear,Gaussian-FR,Marginal,7.293031619321139
33,50,2,1000,linear,Gaussian-FR,Correlation,0.006006345341620737
34,50,2,1000,linear,NPT-FR,Marginal,5.89332385089028
34,50,2,1000,linear,NPT-FR,Correlation,0.005432670966276627
34,50,2,1000,linear,Marginal-FR,Marginal,5.89332385089028
34,50,2,1000,linear,Marginal-FR,Correlation,0.01848917821675775
34,50,2,1000,linear,Gaussian-FR,Marginal,7.412620187965384
34,50,2,1000,linear,Gaussian-FR,Correlation,0.00563264369913416
35,50,2,1000,linear,NPT-FR,Marginal,6.054067062997142
35,50,2,1000,linear,NPT-FR,Correlation,0.005666293428907112
35,50,2,1000,linear,Marginal-FR,Marginal,6.054067062997142
35,50,2,1000,linear,Marginal-FR,Correlation,0.02181322718288369
35,50,2,1000,linear,Gaussian-FR,Marginal,7.47708811987429
35,50,2,1000,linear,Gaussian-FR,Correlation,0.005879246273148571
36,50,2,1000,linear,NPT-FR,Marginal,5.848925360630165
36,50,2,1000,linear,NPT-FR,Correlation,0.005096714243698891
36,50,2,1000,linear,Marginal-FR,Marginal,5.848925360630165
36,50,2,1000,linear,Marginal-FR,Correlation,0.02047461792256575
36,50,2,1000,linear,Gaussian-FR,Marginal,7.157769155828168
36,50,2,1000,linear,Gaussian-FR,Correlation,0.005029285646336988
37,50,2,1000,linear,NPT-FR,Marginal,6.122410847559894
37,50,2,1000,linear,NPT-FR,Correlation,0.005265679909626905
37,50,2,1000,linear,Marginal-FR,Marginal,6.122410847559894
37,50,2,1000,linear,Marginal-FR,Correlation,0.02264523499967507
37,50,2,1000,linear,Gaussian-FR,Marginal,7.536112782105999
37,50,2,1000,linear,Gaussian-FR,Correlation,0.006029345602286139
38,50,2,1000,linear,NPT-FR,Marginal,5.426377844102557
38,50,2,1000,linear,NPT-FR,Correlation,0.005363415962870293
38,50,2,1000,linear,Marginal-FR,Marginal,5.426377844102557
38,50,2,1000,linear,Marginal-FR,Correlation,0.01993697316077043
38,50,2,1000,linear,Gaussian-FR,Marginal,6.8784728770896475
38,50,2,1000,linear,Gaussian-FR,Correlation,0.0053320481730528835
39,50,2,1000,linear,NPT-FR,Marginal,6.185712095223375
39,50,2,1000,linear,NPT-FR,Correlation,0.00575171945139139
39,50,2,1000,linear,Marginal-FR,Marginal,6.185712095223375
39,50,2,1000,linear,Marginal-FR,Correlation,0.020529780132585017
39,50,2,1000,linear,Gaussian-FR,Marginal,7.425205992445839
39,50,2,1000,linear,Gaussian-FR,Correlation,0.00572110234366858
40,50,2,1000,linear,NPT-FR,Marginal,6.719809114331547
40,50,2,1000,linear,NPT-FR,Correlation,0.00516875148476062
40,50,2,1000,linear,Marginal-FR,Marginal,6.719809114331547
40,50,2,1000,linear,Marginal-FR,Correlation,0.02022983855811423
40,50,2,1000,linear,Gaussian-FR,Marginal,7.966369822255091
40,50,2,1000,linear,Gaussian-FR,Correlation,0.005337686946022211
41,50,2,1000,linear,NPT-FR,Marginal,5.293819955515151
41,50,2,1000,linear,NPT-FR,Correlation,0.005261038214025788
41,50,2,1000,linear,Marginal-FR,Marginal,5.293819955515151
41,50,2,1000,linear,Marginal-FR,Correlation,0.022093556130208622
41,50,2,1000,linear,Gaussian-FR,Marginal,6.521123855287351
41,50,2,1000,linear,Gaussian-FR,Correlation,0.00607116085675747
42,50,2,1000,linear,NPT-FR,Marginal,5.846359479014453
42,50,2,1000,linear,NPT-FR,Correlation,0.0057656338124721365
42,50,2,1000,linear,Marginal-FR,Marginal,5.846359479014453
42,50,2,1000,linear,Marginal-FR,Correlation,0.02238046647461177
42,50,2,1000,linear,Gaussian-FR,Marginal,7.206478242287236
42,50,2,1000,linear,Gaussian-FR,Correlation,0.00627149183645658
43,50,2,1000,linear,NPT-FR,Marginal,5.754833316392199
43,50,2,1000,linear,NPT-FR,Correlation,0.005270358997542097
43,50,2,1000,linear,Marginal-FR,Marginal,5.754833316392199
43,50,2,1000,linear,Marginal-FR,Correlation,0.020617722672491828
43,50,2,1000,linear,Gaussian-FR,Marginal,7.050645150956979
43,50,2,1000,linear,Gaussian-FR,Correlation,0.005696550936955293
44,50,2,1000,linear,NPT-FR,Marginal,6.14400390796837
44,50,2,1000,linear,NPT-FR,Correlation,0.005116128203398187
44,50,2,1000,linear,Marginal-FR,Marginal,6.14400390796837
44,50,2,1000,linear,Marginal-FR,Correlation,0.02191069058241097
44,50,2,1000,linear,Gaussian-FR,Marginal,7.419186608410672
44,50,2,1000,linear,Gaussian-FR,Correlation,0.0052647239514064924
45,50,2,1000,linear,NPT-FR,Marginal,6.097211309918258
45,50,2,1000,linear,NPT-FR,Correlation,0.004884719985924573
45,50,2,1000,linear,Marginal-FR,Marginal,6.097211309918258
45,50,2,1000,linear,Marginal-FR,Correlation,0.020305861262966796
45,50,2,1000,linear,Gaussian-FR,Marginal,7.449979673218062
45,50,2,1000,linear,Gaussian-FR,Correlation,0.0051968453348043685
46,50,2,1000,linear,NPT-FR,Marginal,5.690985358171721
46,50,2,1000,linear,NPT-FR,Correlation,0.005553046760310192
46,50,2,1000,linear,Marginal-FR,Marginal,5.690985358171721
46,50,2,1000,linear,Marginal-FR,Correlation,0.02080596832675701
46,50,2,1000,linear,Gaussian-FR,Marginal,7.093621567129664
46,50,2,1000,linear,Gaussian-FR,Correlation,0.005682595609842649
47,50,2,1000,linear,NPT-FR,Marginal,5.757138534577223
47,50,2,1000,linear,NPT-FR,Correlation,0.006300528050299363
47,50,2,1000,linear,Marginal-FR,Marginal,5.757138534577223
47,50,2,1000,linear,Marginal-FR,Correlation,0.02079370929593308
47,50,2,1000,linear,Gaussian-FR,Marginal,7.308636891353204
47,50,2,1000,linear,Gaussian-FR,Correlation,0.0065971551346726285
48,50,2,1000,linear,NPT-FR,Marginal,5.766873869718213
48,50,2,1000,linear,NPT-FR,Correlation,0.005284629224480428
48,50,2,1000,linear,Marginal-FR,Marginal,5.766873869718213
48,50,2,1000,linear,Marginal-FR,Correlation,0.019739126490847116
48,50,2,1000,linear,Gaussian-FR,Marginal,6.968992782592226
48,50,2,1000,linear,Gaussian-FR,Correlation,0.00558698405902022
49,50,2,1000,linear,NPT-FR,Marginal,6.229987210135858
49,50,2,1000,linear,NPT-FR,Correlation,0.005576514296986393
49,50,2,1000,linear,Marginal-FR,Marginal,6.229987210135858
49,50,2,1000,linear,Marginal-FR,Correlation,0.022186390993276926
49,50,2,1000,linear,Gaussian-FR,Marginal,7.644077196805343
49,50,2,1000,linear,Gaussian-FR,Correlation,0.006045882212436624
50,50,2,1000,linear,NPT-FR,Marginal,5.622419601371463
50,50,2,1000,linear,NPT-FR,Correlation,0.005857036643869645
50,50,2,1000,linear,Marginal-FR,Marginal,5.622419601371463
50,50,2,1000,linear,Marginal-FR,Correlation,0.021425603246729576
50,50,2,1000,linear,Gaussian-FR,Marginal,7.058714222984721
50,50,2,1000,linear,Gaussian-FR,Correlation,0.00657282022447108
51,50,2,1000,linear,NPT-FR,Marginal,6.6317658514087094
51,50,2,1000,linear,NPT-FR,Correlation,0.006709836280815113
51,50,2,1000,linear,Marginal-FR,Marginal,6.6317658514087094
51,50,2,1000,linear,Marginal-FR,Correlation,0.02086928983997082
51,50,2,1000,linear,Gaussian-FR,Marginal,8.100615189430135
51,50,2,1000,linear,Gaussian-FR,Correlation,0.006390540905250396
52,50,2,1000,linear,NPT-FR,Marginal,6.306974159731269
52,50,2,1000,linear,NPT-FR,Correlation,0.005470154114810821
52,50,2,1000,linear,Marginal-FR,Marginal,6.306974159731269
52,50,2,1000,linear,Marginal-FR,Correlation,0.02036457412560102
52,50,2,1000,linear,Gaussian-FR,Marginal,7.8347860643167895
52,50,2,1000,linear,Gaussian-FR,Correlation,0.006086408228587276
53,50,2,1000,linear,NPT-FR,Marginal,6.061184489640974
53,50,2,1000,linear,NPT-FR,Correlation,0.005737362090302196
53,50,2,1000,linear,Marginal-FR,Marginal,6.061184489640974
53,50,2,1000,linear,Marginal-FR,Correlation,0.020298753422625215
53,50,2,1000,linear,Gaussian-FR,Marginal,7.526343986326957
53,50,2,1000,linear,Gaussian-FR,Correlation,0.006324285549589787
54,50,2,1000,linear,NPT-FR,Marginal,5.958549469489508
54,50,2,1000,linear,NPT-FR,Correlation,0.005745718868483575
54,50,2,1000,linear,Marginal-FR,Marginal,5.958549469489508
54,50,2,1000,linear,Marginal-FR,Correlation,0.020454305741488182
54,50,2,1000,linear,Gaussian-FR,Marginal,7.563857613031195
54,50,2,1000,linear,Gaussian-FR,Correlation,0.006795654203056912
55,50,2,1000,linear,NPT-FR,Marginal,5.8997977898567715
55,50,2,1000,linear,NPT-FR,Correlation,0.006275928657857224
55,50,2,1000,linear,Marginal-FR,Marginal,5.8997977898567715
55,50,2,1000,linear,Marginal-FR,Correlation,0.021418818358691215
55,50,2,1000,linear,Gaussian-FR,Marginal,7.428469652296518
55,50,2,1000,linear,Gaussian-FR,Correlation,0.006518062634877103
56,50,2,1000,linear,NPT-FR,Marginal,6.264324299229733
56,50,2,1000,linear,NPT-FR,Correlation,0.005707652541510103
56,50,2,1000,linear,Marginal-FR,Marginal,6.264324299229733
56,50,2,1000,linear,Marginal-FR,Correlation,0.018419878660809075
56,50,2,1000,linear,Gaussian-FR,Marginal,7.475147778933872
56,50,2,1000,linear,Gaussian-FR,Correlation,0.0056315055757166785
57,50,2,1000,linear,NPT-FR,Marginal,5.9564473574207
57,50,2,1000,linear,NPT-FR,Correlation,0.005566750672048633
57,50,2,1000,linear,Marginal-FR,Marginal,5.9564473574207
57,50,2,1000,linear,Marginal-FR,Correlation,0.02070455685876933
57,50,2,1000,linear,Gaussian-FR,Marginal,7.479723268161152
57,50,2,1000,linear,Gaussian-FR,Correlation,0.005917419622925351
58,50,2,1000,linear,NPT-FR,Marginal,5.617627715954196
58,50,2,1000,linear,NPT-FR,Correlation,0.0059452006433938775
58,50,2,1000,linear,Marginal-FR,Marginal,5.617627715954196
58,50,2,1000,linear,Marginal-FR,Correlation,0.021779104950865956
58,50,2,1000,linear,Gaussian-FR,Marginal,6.992096267779353
58,50,2,1000,linear,Gaussian-FR,Correlation,0.006227961173258072
59,50,2,1000,linear,NPT-FR,Marginal,5.648155561549192
59,50,2,1000,linear,NPT-FR,Correlation,0.005780638074902512
59,50,2,1000,linear,Marginal-FR,Marginal,5.648155561549192
59,50,2,1000,linear,Marginal-FR,Correlation,0.021862661425762348
59,50,2,1000,linear,Gaussian-FR,Marginal,7.07381559309733
59,50,2,1000,linear,Gaussian-FR,Correlation,0.0062665692749228185
60,50,2,1000,linear,NPT-FR,Marginal,5.939267231783344
60,50,2,1000,linear,NPT-FR,Correlation,0.005317972854373271
60,50,2,1000,linear,Marginal-FR,Marginal,5.939267231783344
60,50,2,1000,linear,Marginal-FR,Correlation,0.020071747045520155
60,50,2,1000,linear,Gaussian-FR,Marginal,7.478684350755625
60,50,2,1000,linear,Gaussian-FR,Correlation,0.005576144332312095
61,50,2,1000,linear,NPT-FR,Marginal,6.024660085906935
61,50,2,1000,linear,NPT-FR,Correlation,0.005313370106244437
61,50,2,1000,linear,Marginal-FR,Marginal,6.024660085906935
61,50,2,1000,linear,Marginal-FR,Correlation,0.020862930354122476
61,50,2,1000,linear,Gaussian-FR,Marginal,7.356911175260912
61,50,2,1000,linear,Gaussian-FR,Correlation,0.005915305648845605
62,50,2,1000,linear,NPT-FR,Marginal,6.288954414959475
62,50,2,1000,linear,NPT-FR,Correlation,0.006275120868257065
62,50,2,1000,linear,Marginal-FR,Marginal,6.288954414959475
62,50,2,1000,linear,Marginal-FR,Correlation,0.0195102421422403
62,50,2,1000,linear,Gaussian-FR,Marginal,7.612266130132311
62,50,2,1000,linear,Gaussian-FR,Correlation,0.006111352437477277
63,50,2,1000,linear,NPT-FR,Marginal,5.682800308607125
63,50,2,1000,linear,NPT-FR,Correlation,0.006083514318321854
63,50,2,1000,linear,Marginal-FR,Marginal,5.682800308607125
63,50,2,1000,linear,Marginal-FR,Correlation,0.022230457745051432
63,50,2,1000,linear,Gaussian-FR,Marginal,7.027342954433992
63,50,2,1000,linear,Gaussian-FR,Correlation,0.005989983688537189
64,50,2,1000,linear,NPT-FR,Marginal,5.875081508750059
64,50,2,1000,linear,NPT-FR,Correlation,0.005622124282589846
64,50,2,1000,linear,Marginal-FR,Marginal,5.875081508750059
64,50,2,1000,linear,Marginal-FR,Correlation,0.020282887534761457
64,50,2,1000,linear,Gaussian-FR,Marginal,7.267217602096771
64,50,2,1000,linear,Gaussian-FR,Correlation,0.005710743340497941
65,50,2,1000,linear,NPT-FR,Marginal,5.308893389990519
65,50,2,1000,linear,NPT-FR,Correlation,0.007982631512359185
65,50,2,1000,linear,Marginal-FR,Marginal,5.308893389990519
65,50,2,1000,linear,Marginal-FR,Correlation,0.020705683980311605
65,50,2,1000,linear,Gaussian-FR,Marginal,6.772529021764779
65,50,2,1000,linear,Gaussian-FR,Correlation,0.006955496843935714
66,50,2,1000,linear,NPT-FR,Marginal,5.763631704950702
66,50,2,1000,linear,NPT-FR,Correlation,0.005787114187805283
66,50,2,1000,linear,Marginal-FR,Marginal,5.763631704950702
66,50,2,1000,linear,Marginal-FR,Correlation,0.02015200755543933
66,50,2,1000,linear,Gaussian-FR,Marginal,7.137762709991142
66,50,2,1000,linear,Gaussian-FR,Correlation,0.006201783136249928
67,50,2,1000,linear,NPT-FR,Marginal,6.265155175785191
67,50,2,1000,linear,NPT-FR,Correlation,0.005595119434958363
67,50,2,1000,linear,Marginal-FR,Marginal,6.265155175785191
67,50,2,1000,linear,Marginal-FR,Correlation,0.02209063755676631
67,50,2,1000,linear,Gaussian-FR,Marginal,7.846094027542975
67,50,2,1000,linear,Gaussian-FR,Correlation,0.006518808644506764
68,50,2,1000,linear,NPT-FR,Marginal,5.573923854190285
68,50,2,1000,linear,NPT-FR,Correlation,0.0053692888515234505
68,50,2,1000,linear,Marginal-FR,Marginal,5.573923854190285
68,50,2,1000,linear,Marginal-FR,Correlation,0.01952648876160857
68,50,2,1000,linear,Gaussian-FR,Marginal,6.95697530832931
68,50,2,1000,linear,Gaussian-FR,Correlation,0.005365064907576748
69,50,2,1000,linear,NPT-FR,Marginal,6.350024845389104
69,50,2,1000,linear,NPT-FR,Correlation,0.005081371806338573
69,50,2,1000,linear,Marginal-FR,Marginal,6.350024845389104
69,50,2,1000,linear,Marginal-FR,Correlation,0.0205822797635228
69,50,2,1000,linear,Gaussian-FR,Marginal,7.817460274306315
69,50,2,1000,linear,Gaussian-FR,Correlation,0.005208152321218414
70,50,2,1000,linear,NPT-FR,Marginal,5.775879030387345
70,50,2,1000,linear,NPT-FR,Correlation,0.005478178946659273
70,50,2,1000,linear,Marginal-FR,Marginal,5.775879030387345
70,50,2,1000,linear,Marginal-FR,Correlation,0.020959968374331308
70,50,2,1000,linear,Gaussian-FR,Marginal,7.206557857727062
70,50,2,1000,linear,Gaussian-FR,Correlation,0.005709016853993397
71,50,2,1000,linear,NPT-FR,Marginal,6.164757352213746
71,50,2,1000,linear,NPT-FR,Correlation,0.005162436946918073
71,50,2,1000,linear,Marginal-FR,Marginal,6.164757352213746
71,50,2,1000,linear,Marginal-FR,Correlation,0.019029567609232828
71,50,2,1000,linear,Gaussian-FR,Marginal,7.5468757126516985
71,50,2,1000,linear,Gaussian-FR,Correlation,0.005425009322500348
72,50,2,1000,linear,NPT-FR,Marginal,6.447693799852912
72,50,2,1000,linear,NPT-FR,Correlation,0.005814931617715405
72,50,2,1000,linear,Marginal-FR,Marginal,6.447693799852912
72,50,2,1000,linear,Marginal-FR,Correlation,0.020684892441785598
72,50,2,1000,linear,Gaussian-FR,Marginal,7.962288955613318
72,50,2,1000,linear,Gaussian-FR,Correlation,0.006294735263000273
73,50,2,1000,linear,NPT-FR,Marginal,5.738355913026368
73,50,2,1000,linear,NPT-FR,Correlation,0.005307911612137379
73,50,2,1000,linear,Marginal-FR,Marginal,5.738355913026368
73,50,2,1000,linear,Marginal-FR,Correlation,0.020808933548333342
73,50,2,1000,linear,Gaussian-FR,Marginal,7.073973004516112
73,50,2,1000,linear,Gaussian-FR,Correlation,0.0059016330908234944
74,50,2,1000,linear,NPT-FR,Marginal,6.0546888825154594
74,50,2,1000,linear,NPT-FR,Correlation,0.005285376966371386
74,50,2,1000,linear,Marginal-FR,Marginal,6.0546888825154594
74,50,2,1000,linear,Marginal-FR,Correlation,0.021635924831273766
74,50,2,1000,linear,Gaussian-FR,Marginal,7.316513180592668
74,50,2,1000,linear,Gaussian-FR,Correlation,0.0058357740425867225
75,50,2,1000,linear,NPT-FR,Marginal,6.367965659020802
75,50,2,1000,linear,NPT-FR,Correlation,0.00528150623759746
75,50,2,1000,linear,Marginal-FR,Marginal,6.367965659020802
75,50,2,1000,linear,Marginal-FR,Correlation,0.021199148199587674
75,50,2,1000,linear,Gaussian-FR,Marginal,7.648043824051319
75,50,2,1000,linear,Gaussian-FR,Correlation,0.0054551786690671174
76,50,2,1000,linear,NPT-FR,Marginal,5.321239249715477
76,50,2,1000,linear,NPT-FR,Correlation,0.004778549251153422
76,50,2,1000,linear,Marginal-FR,Marginal,5.321239249715477
76,50,2,1000,linear,Marginal-FR,Correlation,0.02114386378387842
76,50,2,1000,linear,Gaussian-FR,Marginal,6.658135469009752
76,50,2,1000,linear,Gaussian-FR,Correlation,0.005024163073545306
77,50,2,1000,linear,NPT-FR,Marginal,6.169994754733013
77,50,2,1000,linear,NPT-FR,Correlation,0.005286144594004133
77,50,2,1000,linear,Marginal-FR,Marginal,6.169994754733013
77,50,2,1000,linear,Marginal-FR,Correlation,0.02152903099252597
77,50,2,1000,linear,Gaussian-FR,Marginal,7.612721082029713
77,50,2,1000,linear,Gaussian-FR,Correlation,0.005642879173011931
78,50,2,1000,linear,NPT-FR,Marginal,5.923396070411734
78,50,2,1000,linear,NPT-FR,Correlation,0.005344318750094773
78,50,2,1000,linear,Marginal-FR,Marginal,5.923396070411734
78,50,2,1000,linear,Marginal-FR,Correlation,0.01969062560116844
78,50,2,1000,linear,Gaussian-FR,Marginal,7.263821688712927
78,50,2,1000,linear,Gaussian-FR,Correlation,0.005437968971567664
79,50,2,1000,linear,NPT-FR,Marginal,6.5034164737817335
79,50,2,1000,linear,NPT-FR,Correlation,0.0046411360773340226
79,50,2,1000,linear,Marginal-FR,Marginal,6.5034164737817335
79,50,2,1000,linear,Marginal-FR,Correlation,0.020418044391221336
79,50,2,1000,linear,Gaussian-FR,Marginal,7.88586950148016
79,50,2,1000,linear,Gaussian-FR,Correlation,0.005039949049237107
80,50,2,1000,linear,NPT-FR,Marginal,5.774255839550608
80,50,2,1000,linear,NPT-FR,Correlation,0.00612123829120187
80,50,2,1000,linear,Marginal-FR,Marginal,5.774255839550608
80,50,2,1000,linear,Marginal-FR,Correlation,0.022615900612862255
80,50,2,1000,linear,Gaussian-FR,Marginal,7.068337308446281
80,50,2,1000,linear,Gaussian-FR,Correlation,0.0063075115650484395
81,50,2,1000,linear,NPT-FR,Marginal,5.932138573518484
81,50,2,1000,linear,NPT-FR,Correlation,0.0053318684240973606
81,50,2,1000,linear,Marginal-FR,Marginal,5.932138573518484
81,50,2,1000,linear,Marginal-FR,Correlation,0.02078786356791729
81,50,2,1000,linear,Gaussian-FR,Marginal,7.298681790505384
81,50,2,1000,linear,Gaussian-FR,Correlation,0.005253639447360063
82,50,2,1000,linear,NPT-FR,Marginal,6.480696611435716
82,50,2,1000,linear,NPT-FR,Correlation,0.005310641930237951
82,50,2,1000,linear,Marginal-FR,Marginal,6.480696611435716
82,50,2,1000,linear,Marginal-FR,Correlation,0.020968796148455454
82,50,2,1000,linear,Gaussian-FR,Marginal,7.894230899192403
82,50,2,1000,linear,Gaussian-FR,Correlation,0.006071660275612082
83,50,2,1000,linear,NPT-FR,Marginal,6.0477781082149065
83,50,2,1000,linear,NPT-FR,Correlation,0.006363554987333582
83,50,2,1000,linear,Marginal-FR,Marginal,6.0477781082149065
83,50,2,1000,linear,Marginal-FR,Correlation,0.021105202700527945
83,50,2,1000,linear,Gaussian-FR,Marginal,7.498483894175366
83,50,2,1000,linear,Gaussian-FR,Correlation,0.007039163670069347
84,50,2,1000,linear,NPT-FR,Marginal,5.592709789681303
84,50,2,1000,linear,NPT-FR,Correlation,0.005315171555421224
84,50,2,1000,linear,Marginal-FR,Marginal,5.592709789681303
84,50,2,1000,linear,Marginal-FR,Correlation,0.020012323846185117
84,50,2,1000,linear,Gaussian-FR,Marginal,6.958741566162258
84,50,2,1000,linear,Gaussian-FR,Correlation,0.005098118094730697
85,50,2,1000,linear,NPT-FR,Marginal,5.653232267214211
85,50,2,1000,linear,NPT-FR,Correlation,0.0050611805301488105
85,50,2,1000,linear,Marginal-FR,Marginal,5.653232267214211
85,50,2,1000,linear,Marginal-FR,Correlation,0.020302202245909753
85,50,2,1000,linear,Gaussian-FR,Marginal,6.994045731251158
85,50,2,1000,linear,Gaussian-FR,Correlation,0.00513371728081219
86,50,2,1000,linear,NPT-FR,Marginal,5.840666399493788
86,50,2,1000,linear,NPT-FR,Correlation,0.0054337698852683506
86,50,2,1000,linear,Marginal-FR,Marginal,5.840666399493788
86,50,2,1000,linear,Marginal-FR,Correlation,0.020401390177577187
86,50,2,1000,linear,Gaussian-FR,Marginal,7.177257079916172
86,50,2,1000,linear,Gaussian-FR,Correlation,0.005159386204268933
87,50,2,1000,linear,NPT-FR,Marginal,6.60944213647509
87,50,2,1000,linear,NPT-FR,Correlation,0.004701345010100738
87,50,2,1000,linear,Marginal-FR,Marginal,6.60944213647509
87,50,2,1000,linear,Marginal-FR,Correlation,0.022296890571008456
87,50,2,1000,linear,Gaussian-FR,Marginal,7.930052964304591
87,50,2,1000,linear,Gaussian-FR,Correlation,0.005643413773715967
88,50,2,1000,linear,NPT-FR,Marginal,6.000433415694509
88,50,2,1000,linear,NPT-FR,Correlation,0.006383611607938074
88,50,2,1000,linear,Marginal-FR,Marginal,6.000433415694509
88,50,2,1000,linear,Marginal-FR,Correlation,0.023073507943402884
88,50,2,1000,linear,Gaussian-FR,Marginal,7.40539355525085
88,50,2,1000,linear,Gaussian-FR,Correlation,0.006473297442289525
89,50,2,1000,linear,NPT-FR,Marginal,5.919998307750221
89,50,2,1000,linear,NPT-FR,Correlation,0.00506022472899667
89,50,2,1000,linear,Marginal-FR,Marginal,5.919998307750221
89,50,2,1000,linear,Marginal-FR,Correlation,0.018822267387246752
89,50,2,1000,linear,Gaussian-FR,Marginal,7.234236689651489
89,50,2,1000,linear,Gaussian-FR,Correlation,0.004752983886801847
90,50,2,1000,linear,NPT-FR,Marginal,5.8617982664869865
90,50,2,1000,linear,NPT-FR,Correlation,0.0061484872617932
90,50,2,1000,linear,Marginal-FR,Marginal,5.8617982664869865
90,50,2,1000,linear,Marginal-FR,Correlation,0.02347527423216601
90,50,2,1000,linear,Gaussian-FR,Marginal,7.430046538340091
90,50,2,1000,linear,Gaussian-FR,Correlation,0.006428821997039664
91,50,2,1000,linear,NPT-FR,Marginal,6.074206010515262
91,50,2,1000,linear,NPT-FR,Correlation,0.005938556124979249
91,50,2,1000,linear,Marginal-FR,Marginal,6.074206010515262
91,50,2,1000,linear,Marginal-FR,Correlation,0.021436487084859103
91,50,2,1000,linear,Gaussian-FR,Marginal,7.30717612959811
91,50,2,1000,linear,Gaussian-FR,Correlation,0.006408210781292594
92,50,2,1000,linear,NPT-FR,Marginal,5.98534104661535
92,50,2,1000,linear,NPT-FR,Correlation,0.005810545722430562
92,50,2,1000,linear,Marginal-FR,Marginal,5.98534104661535
92,50,2,1000,linear,Marginal-FR,Correlation,0.021976322592254082
92,50,2,1000,linear,Gaussian-FR,Marginal,7.327396228644833
92,50,2,1000,linear,Gaussian-FR,Correlation,0.006114277145216558
93,50,2,1000,linear,NPT-FR,Marginal,5.529421697435994
93,50,2,1000,linear,NPT-FR,Correlation,0.0054820579758322946
93,50,2,1000,linear,Marginal-FR,Marginal,5.529421697435994
93,50,2,1000,linear,Marginal-FR,Correlation,0.020389075776702903
93,50,2,1000,linear,Gaussian-FR,Marginal,6.877264513777909
93,50,2,1000,linear,Gaussian-FR,Correlation,0.005826043027180321
94,50,2,1000,linear,NPT-FR,Marginal,5.868891496030038
94,50,2,1000,linear,NPT-FR,Correlation,0.005604641554629888
94,50,2,1000,linear,Marginal-FR,Marginal,5.868891496030038
94,50,2,1000,linear,Marginal-FR,Correlation,0.02004757351102738
94,50,2,1000,linear,Gaussian-FR,Marginal,7.22740399210012
94,50,2,1000,linear,Gaussian-FR,Correlation,0.0051540081990400265
95,50,2,1000,linear,NPT-FR,Marginal,5.969945389029865
95,50,2,1000,linear,NPT-FR,Correlation,0.005279407022609937
95,50,2,1000,linear,Marginal-FR,Marginal,5.969945389029865
95,50,2,1000,linear,Marginal-FR,Correlation,0.020033334838826515
95,50,2,1000,linear,Gaussian-FR,Marginal,7.232663066062042
95,50,2,1000,linear,Gaussian-FR,Correlation,0.005474072225707903
96,50,2,1000,linear,NPT-FR,Marginal,5.684583976611135
96,50,2,1000,linear,NPT-FR,Correlation,0.006274275801538009
96,50,2,1000,linear,Marginal-FR,Marginal,5.684583976611135
96,50,2,1000,linear,Marginal-FR,Correlation,0.021363901149887406
96,50,2,1000,linear,Gaussian-FR,Marginal,7.052936194192556
96,50,2,1000,linear,Gaussian-FR,Correlation,0.007433394579548786
97,50,2,1000,linear,NPT-FR,Marginal,6.09213639881143
97,50,2,1000,linear,NPT-FR,Correlation,0.0060896642919805125
97,50,2,1000,linear,Marginal-FR,Marginal,6.09213639881143
97,50,2,1000,linear,Marginal-FR,Correlation,0.019253171775505642
97,50,2,1000,linear,Gaussian-FR,Marginal,7.393807293496026
97,50,2,1000,linear,Gaussian-FR,Correlation,0.006262099215618943
98,50,2,1000,linear,NPT-FR,Marginal,6.220003546127653
98,50,2,1000,linear,NPT-FR,Correlation,0.005851126087166198
98,50,2,1000,linear,Marginal-FR,Marginal,6.220003546127653
98,50,2,1000,linear,Marginal-FR,Correlation,0.01905135635000282
98,50,2,1000,linear,Gaussian-FR,Marginal,7.530664792249713
98,50,2,1000,linear,Gaussian-FR,Correlation,0.006692813576860361
99,50,2,1000,linear,NPT-FR,Marginal,6.83692312508925
99,50,2,1000,linear,NPT-FR,Correlation,0.005957333158226689
99,50,2,1000,linear,Marginal-FR,Marginal,6.83692312508925
99,50,2,1000,linear,Marginal-FR,Correlation,0.023149021317533033
99,50,2,1000,linear,Gaussian-FR,Marginal,8.187456602157788
99,50,2,1000,linear,Gaussian-FR,Correlation,0.006683590044809861
0,50,2,1000,nonlinear,NPT-FR,Marginal,5.326388706876318
0,50,2,1000,nonlinear,NPT-FR,Correlation,0.0049851472461998805
0,50,2,1000,nonlinear,Marginal-FR,Marginal,5.326388706876318
0,50,2,1000,nonlinear,Marginal-FR,Correlation,0.38129228843009433
0,50,2,1000,nonlinear,Gaussian-FR,Marginal,6.705075513323458
0,50,2,1000,nonlinear,Gaussian-FR,Correlation,0.029179588142356237
1,50,2,1000,nonlinear,NPT-FR,Marginal,5.103900000456579
1,50,2,1000,nonlinear,NPT-FR,Correlation,0.007807325955652232
1,50,2,1000,nonlinear,Marginal-FR,Marginal,5.103900000456579
1,50,2,1000,nonlinear,Marginal-FR,Correlation,0.3701986528215957
1,50,2,1000,nonlinear,Gaussian-FR,Marginal,6.452725675017824
1,50,2,1000,nonlinear,Gaussian-FR,Correlation,0.03280880287209358
2,50,2,1000,nonlinear,NPT-FR,Marginal,5.797421100309313
2,50,2,1000,nonlinear,NPT-FR,Correlation,0.005640760203479831
2,50,2,1000,nonlinear,Marginal-FR,Marginal,5.797421100309313
2,50,2,1000,nonlinear,Marginal-FR,Correlation,0.39334921544009666
2,50,2,1000,nonlinear,Gaussian-FR,Marginal,7.222871977858375
2,50,2,1000,nonlinear,Gaussian-FR,Correlation,0.024140257703844255
3,50,2,1000,nonlinear,NPT-FR,Marginal,6.258728860094536
3,50,2,1000,nonlinear,NPT-FR,Correlation,0.006604005482253705
3,50,2,1000,nonlinear,Marginal-FR,Marginal,6.258728860094536
3,50,2,1000,nonlinear,Marginal-FR,Correlation,0.37341267047121596
3,50,2,1000,nonlinear,Gaussian-FR,Marginal,7.643991447044204
3,50,2,1000,nonlinear,Gaussian-FR,Correlation,0.035467983056944444
4,50,2,1000,nonlinear,NPT-FR,Marginal,5.903298948631924
4,50,2,1000,nonlinear,NPT-FR,Correlation,0.006596980509904592
4,50,2,1000,nonlinear,Marginal-FR,Marginal,5.903298948631924
4,50,2,1000,nonlinear,Marginal-FR,Correlation,0.35641070068436975
4,50,2,1000,nonlinear,Gaussian-FR,Marginal,7.365846176283775
4,50,2,1000,nonlinear,Gaussian-FR,Correlation,0.025974986123269952
5,50,2,1000,nonlinear,NPT-FR,Marginal,5.617374054478102
5,50,2,1000,nonlinear,NPT-FR,Correlation,0.004818198551159183
5,50,2,1000,nonlinear,Marginal-FR,Marginal,5.617374054478102
5,50,2,1000,nonlinear,Marginal-FR,Correlation,0.38458746561181006
5,50,2,1000,nonlinear,Gaussian-FR,Marginal,6.934091043499754
5,50,2,1000,nonlinear,Gaussian-FR,Correlation,0.025382025372813873
6,50,2,1000,nonlinear,NPT-FR,Marginal,5.996980283472392
6,50,2,1000,nonlinear,NPT-FR,Correlation,0.005180886888436899
6,50,2,1000,nonlinear,Marginal-FR,Marginal,5.996980283472392
6,50,2,1000,nonlinear,Marginal-FR,Correlation,0.3789086361604242
6,50,2,1000,nonlinear,Gaussian-FR,Marginal,7.4850612359854445
6,50,2,1000,nonlinear,Gaussian-FR,Correlation,0.02413904352002534
7,50,2,1000,nonlinear,NPT-FR,Marginal,6.181009024406437
7,50,2,1000,nonlinear,NPT-FR,Correlation,0.005698522365150391
7,50,2,1000,nonlinear,Marginal-FR,Marginal,6.181009024406437
7,50,2,1000,nonlinear,Marginal-FR,Correlation,0.3824003055138277
7,50,2,1000,nonlinear,Gaussian-FR,Marginal,7.551121823368096
7,50,2,1000,nonlinear,Gaussian-FR,Correlation,0.032199989687255126
8,50,2,1000,nonlinear,NPT-FR,Marginal,6.221137626025055
8,50,2,1000,nonlinear,NPT-FR,Correlation,0.0054126548188960484
8,50,2,1000,nonlinear,Marginal-FR,Marginal,6.221137626025055
8,50,2,1000,nonlinear,Marginal-FR,Correlation,0.3821693022228913
8,50,2,1000,nonlinear,Gaussian-FR,Marginal,7.772302565166788
8,50,2,1000,nonlinear,Gaussian-FR,Correlation,0.031027740057166707
9,50,2,1000,nonlinear,NPT-FR,Marginal,5.850990046071079
9,50,2,1000,nonlinear,NPT-FR,Correlation,0.005787512208452593
9,50,2,1000,nonlinear,Marginal-FR,Marginal,5.850990046071079
9,50,2,1000,nonlinear,Marginal-FR,Correlation,0.3685377730804597
9,50,2,1000,nonlinear,Gaussian-FR,Marginal,7.359906245510009
9,50,2,1000,nonlinear,Gaussian-FR,Correlation,0.024029627875628984
10,50,2,1000,nonlinear,NPT-FR,Marginal,5.9295282857654446
10,50,2,1000,nonlinear,NPT-FR,Correlation,0.003925966607256361
10,50,2,1000,nonlinear,Marginal-FR,Marginal,5.9295282857654446
10,50,2,1000,nonlinear,Marginal-FR,Correlation,0.39488158515924915
10,50,2,1000,nonlinear,Gaussian-FR,Marginal,7.397390627253873
10,50,2,1000,nonlinear,Gaussian-FR,Correlation,0.022494626270392535
11,50,2,1000,nonlinear,NPT-FR,Marginal,5.520167169001581
11,50,2,1000,nonlinear,NPT-FR,Correlation,0.006506911423881168
11,50,2,1000,nonlinear,Marginal-FR,Marginal,5.520167169001581
11,50,2,1000,nonlinear,Marginal-FR,Correlation,0.36222475953923716
11,50,2,1000,nonlinear,Gaussian-FR,Marginal,6.955304506218963
11,50,2,1000,nonlinear,Gaussian-FR,Correlation,0.025162366590768336
12,50,2,1000,nonlinear,NPT-FR,Marginal,6.781293340791308
12,50,2,1000,nonlinear,NPT-FR,Correlation,0.0045481957535039004
12,50,2,1000,nonlinear,Marginal-FR,Marginal,6.781293340791308
12,50,2,1000,nonlinear,Marginal-FR,Correlation,0.37701792060545025
12,50,2,1000,nonlinear,Gaussian-FR,Marginal,8.298665688281627
12,50,2,1000,nonlinear,Gaussian-FR,Correlation,0.018481164040311825
13,50,2,1000,nonlinear,NPT-FR,Marginal,6.161390740629596
13,50,2,1000,nonlinear,NPT-FR,Correlation,0.006577898310838975
13,50,2,1000,nonlinear,Marginal-FR,Marginal,6.161390740629596
13,50,2,1000,nonlinear,Marginal-FR,Correlation,0.3895127804419319
13,50,2,1000,nonlinear,Gaussian-FR,Marginal,7.55608384476491
13,50,2,1000,nonlinear,Gaussian-FR,Correlation,0.028558051146511783
14,50,2,1000,nonlinear,NPT-FR,Marginal,6.175660515439392
14,50,2,1000,nonlinear,NPT-FR,Correlation,0.004858188497083408
14,50,2,1000,nonlinear,Marginal-FR,Marginal,6.175660515439392
14,50,2,1000,nonlinear,Marginal-FR,Correlation,0.3845354918109537
14,50,2,1000,nonlinear,Gaussian-FR,Marginal,7.46545113156757
14,50,2,1000,nonlinear,Gaussian-FR,Correlation,0.020148316989117666
15,50,2,1000,nonlinear,NPT-FR,Marginal,6.280903825437366
15,50,2,1000,nonlinear,NPT-FR,Correlation,0.0075312067316777
15,50,2,1000,nonlinear,Marginal-FR,Marginal,6.280903825437366
15,50,2,1000,nonlinear,Marginal-FR,Correlation,0.36533649443808
15,50,2,1000,nonlinear,Gaussian-FR,Marginal,7.8203877298717845
15,50,2,1000,nonlinear,Gaussian-FR,Correlation,0.01497450504880347
16,50,2,1000,nonlinear,NPT-FR,Marginal,5.109385314399768
16,50,2,1000,nonlinear,NPT-FR,Correlation,0.004897908006833762
16,50,2,1000,nonlinear,Marginal-FR,Marginal,5.109385314399768
16,50,2,1000,nonlinear,Marginal-FR,Correlation,0.389144620970501
16,50,2,1000,nonlinear,Gaussian-FR,Marginal,6.620355292298438
16,50,2,1000,nonlinear,Gaussian-FR,Correlation,0.02166425818976184
17,50,2,1000,nonlinear,NPT-FR,Marginal,6.764305649988151
17,50,2,1000,nonlinear,NPT-FR,Correlation,0.005387054470733236
17,50,2,1000,nonlinear,Marginal-FR,Marginal,6.764305649988151
17,50,2,1000,nonlinear,Marginal-FR,Correlation,0.37719545654915365
17,50,2,1000,nonlinear,Gaussian-FR,Marginal,7.983942152560052
17,50,2,1000,nonlinear,Gaussian-FR,Correlation,0.03360488358309264
18,50,2,1000,nonlinear,NPT-FR,Marginal,5.842575122710537
18,50,2,1000,nonlinear,NPT-FR,Correlation,0.004647272896188309
18,50,2,1000,nonlinear,Marginal-FR,Marginal,5.842575122710537
18,50,2,1000,nonlinear,Marginal-FR,Correlation,0.38506449695434897
18,50,2,1000,nonlinear,Gaussian-FR,Marginal,7.488559021222006
18,50,2,1000,nonlinear,Gaussian-FR,Correlation,0.024404520799393238
19,50,2,1000,nonlinear,NPT-FR,Marginal,5.918027025126053
19,50,2,1000,nonlinear,NPT-FR,Correlation,0.005412093585588414
19,50,2,1000,nonlinear,Marginal-FR,Marginal,5.918027025126053
19,50,2,1000,nonlinear,Marginal-FR,Correlation,0.39004907177843556
19,50,2,1000,nonlinear,Gaussian-FR,Marginal,7.268761295999633
19,50,2,1000,nonlinear,Gaussian-FR,Correlation,0.0127116740247479
20,50,2,1000,nonlinear,NPT-FR,Marginal,5.958600907956236
20,50,2,1000,nonlinear,NPT-FR,Correlation,0.005795524832304491
20,50,2,1000,nonlinear,Marginal-FR,Marginal,5.958600907956236
20,50,2,1000,nonlinear,Marginal-FR,Correlation,0.3799401902516886
20,50,2,1000,nonlinear,Gaussian-FR,Marginal,7.42842356904426
20,50,2,1000,nonlinear,Gaussian-FR,Correlation,0.03898120140090408
21,50,2,1000,nonlinear,NPT-FR,Marginal,6.136181535350376
21,50,2,1000,nonlinear,NPT-FR,Correlation,0.007449101333116342
21,50,2,1000,nonlinear,Marginal-FR,Marginal,6.136181535350376
21,50,2,1000,nonlinear,Marginal-FR,Correlation,0.37545492007338793
21,50,2,1000,nonlinear,Gaussian-FR,Marginal,7.847970678645812
21,50,2,1000,nonlinear,Gaussian-FR,Correlation,0.021881452032619528
22,50,2,1000,nonlinear,NPT-FR,Marginal,6.066063266763877
22,50,2,1000,nonlinear,NPT-FR,Correlation,0.0059765935720113355
22,50,2,1000,nonlinear,Marginal-FR,Marginal,6.066063266763877
22,50,2,1000,nonlinear,Marginal-FR,Correlation,0.3700969778697948
22,50,2,1000,nonlinear,Gaussian-FR,Marginal,7.454690186953254
22,50,2,1000,nonlinear,Gaussian-FR,Correlation,0.030262090513203478
23,50,2,1000,nonlinear,NPT-FR,Marginal,6.120267174958199
23,50,2,1000,nonlinear,NPT-FR,Correlation,0.005298862060578968
23,50,2,1000,nonlinear,Marginal-FR,Marginal,6.120267174958199
23,50,2,1000,nonlinear,Marginal-FR,Correlation,0.35580050176467365
23,50,2,1000,nonlinear,Gaussian-FR,Marginal,7.6635986349726455
23,50,2,1000,nonlinear,Gaussian-FR,Correlation,0.014782684293970397
24,50,2,1000,nonlinear,NPT-FR,Marginal,6.2381375151613305
24,50,2,1000,nonlinear,NPT-FR,Correlation,0.0051786910562643205
24,50,2,1000,nonlinear,Marginal-FR,Marginal,6.2381375151613305
24,50,2,1000,nonlinear,Marginal-FR,Correlation,0.37910010510683395
24,50,2,1000,nonlinear,Gaussian-FR,Marginal,7.7155335732558985
24,50,2,1000,nonlinear,Gaussian-FR,Correlation,0.017173235987414253
25,50,2,1000,nonlinear,NPT-FR,Marginal,5.48378532413981
25,50,2,1000,nonlinear,NPT-FR,Correlation,0.007252594296465324
25,50,2,1000,nonlinear,Marginal-FR,Marginal,5.48378532413981
25,50,2,1000,nonlinear,Marginal-FR,Correlation,0.3796585282080312
25,50,2,1000,nonlinear,Gaussian-FR,Marginal,6.939130414463234
25,50,2,1000,nonlinear,Gaussian-FR,Correlation,0.0251931297802241
26,50,2,1000,nonlinear,NPT-FR,Marginal,5.927165022952539
26,50,2,1000,nonlinear,NPT-FR,Correlation,0.007728259468858863
26,50,2,1000,nonlinear,Marginal-FR,Marginal,5.927165022952539
26,50,2,1000,nonlinear,Marginal-FR,Correlation,0.37543029615349444
26,50,2,1000,nonlinear,Gaussian-FR,Marginal,7.393809846805443
26,50,2,1000,nonlinear,Gaussian-FR,Correlation,0.030499939289555456
27,50,2,1000,nonlinear,NPT-FR,Marginal,6.355572660257552
27,50,2,1000,nonlinear,NPT-FR,Correlation,0.006894701135595946
27,50,2,1000,nonlinear,Marginal-FR,Marginal,6.355572660257552
27,50,2,1000,nonlinear,Marginal-FR,Correlation,0.38855688131587224
27,50,2,1000,nonlinear,Gaussian-FR,Marginal,7.877970796817111
27,50,2,1000,nonlinear,Gaussian-FR,Correlation,0.037241596317128395
28,50,2,1000,nonlinear,NPT-FR,Marginal,6.049501758518012
28,50,2,1000,nonlinear,NPT-FR,Correlation,0.005651340752317596
28,50,2,1000,nonlinear,Marginal-FR,Marginal,6.049501758518012
28,50,2,1000,nonlinear,Marginal-FR,Correlation,0.3678985232880875
28,50,2,1000,nonlinear,Gaussian-FR,Marginal,7.510843033671433
28,50,2,1000,nonlinear,Gaussian-FR,Correlation,0.02567705831782271
29,50,2,1000,nonlinear,NPT-FR,Marginal,6.250627096361685
29,50,2,1000,nonlinear,NPT-FR,Correlation,0.0056469314273828635
29,50,2,1000,nonlinear,Marginal-FR,Marginal,6.250627096361685
29,50,2,1000,nonlinear,Marginal-FR,Correlation,0.37655354214918724
29,50,2,1000,nonlinear,Gaussian-FR,Marginal,7.7278356222235915
29,50,2,1000,nonlinear,Gaussian-FR,Correlation,0.01436233037420841
30,50,2,1000,nonlinear,NPT-FR,Marginal,6.089410377259734
30,50,2,1000,nonlinear,NPT-FR,Correlation,0.00627154375972335
30,50,2,1000,nonlinear,Marginal-FR,Marginal,6.089410377259734
30,50,2,1000,nonlinear,Marginal-FR,Correlation,0.36159899888471564
30,50,2,1000,nonlinear,Gaussian-FR,Marginal,7.6095337666848435
30,50,2,1000,nonlinear,Gaussian-FR,Correlation,0.01737520576843371
31,50,2,1000,nonlinear,NPT-FR,Marginal,6.297996113649026
31,50,2,1000,nonlinear,NPT-FR,Correlation,0.005920541309027721
31,50,2,1000,nonlinear,Marginal-FR,Marginal,6.297996113649026
31,50,2,1000,nonlinear,Marginal-FR,Correlation,0.3721088517280661
31,50,2,1000,nonlinear,Gaussian-FR,Marginal,7.757203719740528
31,50,2,1000,nonlinear,Gaussian-FR,Correlation,0.029671310553073614
32,50,2,1000,nonlinear,NPT-FR,Marginal,5.920316665183471
32,50,2,1000,nonlinear,NPT-FR,Correlation,0.007441591883507096
32,50,2,1000,nonlinear,Marginal-FR,Marginal,5.920316665183471
32,50,2,1000,nonlinear,Marginal-FR,Correlation,0.3494955561795708
32,50,2,1000,nonlinear,Gaussian-FR,Marginal,7.390007347480935
32,50,2,1000,nonlinear,Gaussian-FR,Correlation,0.024017903914616223
33,50,2,1000,nonlinear,NPT-FR,Marginal,5.7306593213401396
33,50,2,1000,nonlinear,NPT-FR,Correlation,0.004836569730027609
33,50,2,1000,nonlinear,Marginal-FR,Marginal,5.7306593213401396
33,50,2,1000,nonlinear,Marginal-FR,Correlation,0.3579750748171634
33,50,2,1000,nonlinear,Gaussian-FR,Marginal,7.192146867353051
33,50,2,1000,nonlinear,Gaussian-FR,Correlation,0.021397039678510157
34,50,2,1000,nonlinear,NPT-FR,Marginal,5.884774518408207
34,50,2,1000,nonlinear,NPT-FR,Correlation,0.006079727871269393
34,50,2,1000,nonlinear,Marginal-FR,Marginal,5.884774518408207
34,50,2,1000,nonlinear,Marginal-FR,Correlation,0.37166100848234584
34,50,2,1000,nonlinear,Gaussian-FR,Marginal,7.266491665634824
34,50,2,1000,nonlinear,Gaussian-FR,Correlation,0.023119715254570627
35,50,2,1000,nonlinear,NPT-FR,Marginal,5.799224303698685
35,50,2,1000,nonlinear,NPT-FR,Correlation,0.004844089942664834
35,50,2,1000,nonlinear,Marginal-FR,Marginal,5.799224303698685
35,50,2,1000,nonlinear,Marginal-FR,Correlation,0.36838656313037976
35,50,2,1000,nonlinear,Gaussian-FR,Marginal,7.372964950760102
35,50,2,1000,nonlinear,Gaussian-FR,Correlation,0.016949584125225414
36,50,2,1000,nonlinear,NPT-FR,Marginal,6.125934277366802
36,50,2,1000,nonlinear,NPT-FR,Correlation,0.006001757104035383
36,50,2,1000,nonlinear,Marginal-FR,Marginal,6.125934277366802
36,50,2,1000,nonlinear,Marginal-FR,Correlation,0.3661437110398626
36,50,2,1000,nonlinear,Gaussian-FR,Marginal,7.442083368825962
36,50,2,1000,nonlinear,Gaussian-FR,Correlation,0.022446226231827692
37,50,2,1000,nonlinear,NPT-FR,Marginal,5.572393935003851
37,50,2,1000,nonlinear,NPT-FR,Correlation,0.004697117802363111
37,50,2,1000,nonlinear,Marginal-FR,Marginal,5.572393935003851
37,50,2,1000,nonlinear,Marginal-FR,Correlation,0.36955288177923357
37,50,2,1000,nonlinear,Gaussian-FR,Marginal,7.075523140657189
37,50,2,1000,nonlinear,Gaussian-FR,Correlation,0.02138041869104317
38,50,2,1000,nonlinear,NPT-FR,Marginal,5.86192791209109
38,50,2,1000,nonlinear,NPT-FR,Correlation,0.006508532358534701
38,50,2,1000,nonlinear,Marginal-FR,Marginal,5.86192791209109
38,50,2,1000,nonlinear,Marginal-FR,Correlation,0.37936337725165514
38,50,2,1000,nonlinear,Gaussian-FR,Marginal,7.295421292834114
38,50,2,1000,nonlinear,Gaussian-FR,Correlation,0.016281941335358204
39,50,2,1000,nonlinear,NPT-FR,Marginal,5.756754381392456
39,50,2,1000,nonlinear,NPT-FR,Correlation,0.005796991805507642
39,50,2,1000,nonlinear,Marginal-FR,Marginal,5.756754381392456
39,50,2,1000,nonlinear,Marginal-FR,Correlation,0.3628596347450282
39,50,2,1000,nonlinear,Gaussian-FR,Marginal,7.320860941218344
39,50,2,1000,nonlinear,Gaussian-FR,Correlation,0.027428147200748716
40,50,2,1000,nonlinear,NPT-FR,Marginal,5.649489086225076
40,50,2,1000,nonlinear,NPT-FR,Correlation,0.005842533398063435
40,50,2,1000,nonlinear,Marginal-FR,Marginal,5.649489086225076
40,50,2,1000,nonlinear,Marginal-FR,Correlation,0.3890236748704866
40,50,2,1000,nonlinear,Gaussian-FR,Marginal,7.112217577071135
40,50,2,1000,nonlinear,Gaussian-FR,Correlation,0.018807931629219937
41,50,2,1000,nonlinear,NPT-FR,Marginal,6.6049683567194215
41,50,2,1000,nonlinear,NPT-FR,Correlation,0.005753325502956736
41,50,2,1000,nonlinear,Marginal-FR,Marginal,6.6049683567194215
41,50,2,1000,nonlinear,Marginal-FR,Correlation,0.3678616958985902
41,50,2,1000,nonlinear,Gaussian-FR,Marginal,8.021071720477208
41,50,2,1000,nonlinear,Gaussian-FR,Correlation,0.02098579541355239
42,50,2,1000,nonlinear,NPT-FR,Marginal,5.894418588076711
42,50,2,1000,nonlinear,NPT-FR,Correlation,0.005270086830949533
42,50,2,1000,nonlinear,Marginal-FR,Marginal,5.894418588076711
42,50,2,1000,nonlinear,Marginal-FR,Correlation,0.3688242094284546
42,50,2,1000,nonlinear,Gaussian-FR,Marginal,7.255925959418448
42,50,2,1000,nonlinear,Gaussian-FR,Correlation,0.024526965665232655
43,50,2,1000,nonlinear,NPT-FR,Marginal,5.623062486268533
43,50,2,1000,nonlinear,NPT-FR,Correlation,0.0072667727727413435
43,50,2,1000,nonlinear,Marginal-FR,Marginal,5.623062486268533
43,50,2,1000,nonlinear,Marginal-FR,Correlation,0.3757327609317713
43,50,2,1000,nonlinear,Gaussian-FR,Marginal,7.072432967648898
43,50,2,1000,nonlinear,Gaussian-FR,Correlation,0.037037383912154144
44,50,2,1000,nonlinear,NPT-FR,Marginal,6.299972337732089
44,50,2,1000,nonlinear,NPT-FR,Correlation,0.005918685133763558
44,50,2,1000,nonlinear,Marginal-FR,Marginal,6.299972337732089
44,50,2,1000,nonlinear,Marginal-FR,Correlation,0.3611187893254476
44,50,2,1000,nonlinear,Gaussian-FR,Marginal,7.801042773301278
44,50,2,1000,nonlinear,Gaussian-FR,Correlation,0.022331982129579316
45,50,2,1000,nonlinear,NPT-FR,Marginal,5.684558891106663
45,50,2,1000,nonlinear,NPT-FR,Correlation,0.005341054630363615
45,50,2,1000,nonlinear,Marginal-FR,Marginal,5.684558891106663
45,50,2,1000,nonlinear,Marginal-FR,Correlation,0.3660220115424289
45,50,2,1000,nonlinear,Gaussian-FR,Marginal,7.259016917507278
45,50,2,1000,nonlinear,Gaussian-FR,Correlation,0.02177826149064087
46,50,2,1000,nonlinear,NPT-FR,Marginal,5.824483533496309
46,50,2,1000,nonlinear,NPT-FR,Correlation,0.005299301849324237
46,50,2,1000,nonlinear,Marginal-FR,Marginal,5.824483533496309
46,50,2,1000,nonlinear,Marginal-FR,Correlation,0.3929630013311624
46,50,2,1000,nonlinear,Gaussian-FR,Marginal,7.305166137729659
46,50,2,1000,nonlinear,Gaussian-FR,Correlation,0.02545703750083369
47,50,2,1000,nonlinear,NPT-FR,Marginal,5.922253208833656
47,50,2,1000,nonlinear,NPT-FR,Correlation,0.006241387951924371
47,50,2,1000,nonlinear,Marginal-FR,Marginal,5.922253208833656
47,50,2,1000,nonlinear,Marginal-FR,Correlation,0.36918572749699025
47,50,2,1000,nonlinear,Gaussian-FR,Marginal,7.396656963398522
47,50,2,1000,nonlinear,Gaussian-FR,Correlation,0.02148872146078766
48,50,2,1000,nonlinear,NPT-FR,Marginal,6.066927210312716
48,50,2,1000,nonlinear,NPT-FR,Correlation,0.004668087545846163
48,50,2,1000,nonlinear,Marginal-FR,Marginal,6.066927210312716
48,50,2,1000,nonlinear,Marginal-FR,Correlation,0.36997322378072844
48,50,2,1000,nonlinear,Gaussian-FR,Marginal,7.535840953040726
48,50,2,1000,nonlinear,Gaussian-FR,Correlation,0.00975955782588374
49,50,2,1000,nonlinear,NPT-FR,Marginal,5.828190025953893
49,50,2,1000,nonlinear,NPT-FR,Correlation,0.006915431635271111
49,50,2,1000,nonlinear,Marginal-FR,Marginal,5.828190025953893
49,50,2,1000,nonlinear,Marginal-FR,Correlation,0.3640524711454121
49,50,2,1000,nonlinear,Gaussian-FR,Marginal,7.166893986678907
49,50,2,1000,nonlinear,Gaussian-FR,Correlation,0.035362398967750515
50,50,2,1000,nonlinear,NPT-FR,Marginal,6.31273879483807
50,50,2,1000,nonlinear,NPT-FR,Correlation,0.005316086265387683
50,50,2,1000,nonlinear,Marginal-FR,Marginal,6.31273879483807
50,50,2,1000,nonlinear,Marginal-FR,Correlation,0.3765262202952922
50,50,2,1000,nonlinear,Gaussian-FR,Marginal,7.829278925180675
50,50,2,1000,nonlinear,Gaussian-FR,Correlation,0.031520289542014246
51,50,2,1000,nonlinear,NPT-FR,Marginal,5.791927531325158
51,50,2,1000,nonlinear,NPT-FR,Correlation,0.004661431639773742
51,50,2,1000,nonlinear,Marginal-FR,Marginal,5.791927531325158
51,50,2,1000,nonlinear,Marginal-FR,Correlation,0.37832819074122737
51,50,2,1000,nonlinear,Gaussian-FR,Marginal,7.239985731686758
51,50,2,1000,nonlinear,Gaussian-FR,Correlation,0.015344812395944906
52,50,2,1000,nonlinear,NPT-FR,Marginal,6.751194535705993
52,50,2,1000,nonlinear,NPT-FR,Correlation,0.005518714997782286
52,50,2,1000,nonlinear,Marginal-FR,Marginal,6.751194535705993
52,50,2,1000,nonlinear,Marginal-FR,Correlation,0.370343937521092
52,50,2,1000,nonlinear,Gaussian-FR,Marginal,8.454032313329343
52,50,2,1000,nonlinear,Gaussian-FR,Correlation,0.03279082897214866
53,50,2,1000,nonlinear,NPT-FR,Marginal,6.127249670167242
53,50,2,1000,nonlinear,NPT-FR,Correlation,0.005766790638914611
53,50,2,1000,nonlinear,Marginal-FR,Marginal,6.127249670167242
53,50,2,1000,nonlinear,Marginal-FR,Correlation,0.36498509758380865
53,50,2,1000,nonlinear,Gaussian-FR,Marginal,7.4884976707019515
53,50,2,1000,nonlinear,Gaussian-FR,Correlation,0.03299432364614904
54,50,2,1000,nonlinear,NPT-FR,Marginal,6.044753128848656
54,50,2,1000,nonlinear,NPT-FR,Correlation,0.0054627775652248325
54,50,2,1000,nonlinear,Marginal-FR,Marginal,6.044753128848656
54,50,2,1000,nonlinear,Marginal-FR,Correlation,0.39383439673558696
54,50,2,1000,nonlinear,Gaussian-FR,Marginal,7.3738601498910015
54,50,2,1000,nonlinear,Gaussian-FR,Correlation,0.024038108028241086
55,50,2,1000,nonlinear,NPT-FR,Marginal,6.162866233741201
55,50,2,1000,nonlinear,NPT-FR,Correlation,0.00791841777312061
55,50,2,1000,nonlinear,Marginal-FR,Marginal,6.162866233741201
55,50,2,1000,nonlinear,Marginal-FR,Correlation,0.3811592709660232
55,50,2,1000,nonlinear,Gaussian-FR,Marginal,7.67070003503808
55,50,2,1000,nonlinear,Gaussian-FR,Correlation,0.017754374514450222
56,50,2,1000,nonlinear,NPT-FR,Marginal,6.047386627437875
56,50,2,1000,nonlinear,NPT-FR,Correlation,0.005487500904552906
56,50,2,1000,nonlinear,Marginal-FR,Marginal,6.047386627437875
56,50,2,1000,nonlinear,Marginal-FR,Correlation,0.3839920738379103
56,50,2,1000,nonlinear,Gaussian-FR,Marginal,7.447031968327973
56,50,2,1000,nonlinear,Gaussian-FR,Correlation,0.0419575648467567
57,50,2,1000,nonlinear,NPT-FR,Marginal,5.560029160412222
57,50,2,1000,nonlinear,NPT-FR,Correlation,0.006481409596537945
57,50,2,1000,nonlinear,Marginal-FR,Marginal,5.560029160412222
57,50,2,1000,nonlinear,Marginal-FR,Correlation,0.37341628805407073
57,50,2,1000,nonlinear,Gaussian-FR,Marginal,7.106942820323127
57,50,2,1000,nonlinear,Gaussian-FR,Correlation,0.023849022888167228
58,50,2,1000,nonlinear,NPT-FR,Marginal,6.225215501229224
58,50,2,1000,nonlinear,NPT-FR,Correlation,0.006195795145721397
58,50,2,1000,nonlinear,Marginal-FR,Marginal,6.225215501229224
58,50,2,1000,nonlinear,Marginal-FR,Correlation,0.3801734455525867
58,50,2,1000,nonlinear,Gaussian-FR,Marginal,7.85645855299447
58,50,2,1000,nonlinear,Gaussian-FR,Correlation,0.026690255475004185
59,50,2,1000,nonlinear,NPT-FR,Marginal,6.173288323554664
59,50,2,1000,nonlinear,NPT-FR,Correlation,0.005926810995636411
59,50,2,1000,nonlinear,Marginal-FR,Marginal,6.173288323554664
59,50,2,1000,nonlinear,Marginal-FR,Correlation,0.36712312301673894
59,50,2,1000,nonlinear,Gaussian-FR,Marginal,7.722299507816533
59,50,2,1000,nonlinear,Gaussian-FR,Correlation,0.021628794969659627
60,50,2,1000,nonlinear,NPT-FR,Marginal,6.163210529515691
60,50,2,1000,nonlinear,NPT-FR,Correlation,0.0058492462551534875
60,50,2,1000,nonlinear,Marginal-FR,Marginal,6.163210529515691
60,50,2,1000,nonlinear,Marginal-FR,Correlation,0.3854730810527459
60,50,2,1000,nonlinear,Gaussian-FR,Marginal,7.439357126983947
60,50,2,1000,nonlinear,Gaussian-FR,Correlation,0.02174763172863583
61,50,2,1000,nonlinear,NPT-FR,Marginal,6.158969835591974
61,50,2,1000,nonlinear,NPT-FR,Correlation,0.0058583268044862845
61,50,2,1000,nonlinear,Marginal-FR,Marginal,6.158969835591974
61,50,2,1000,nonlinear,Marginal-FR,Correlation,0.3697413665398999
61,50,2,1000,nonlinear,Gaussian-FR,Marginal,7.542613319894322
61,50,2,1000,nonlinear,Gaussian-FR,Correlation,0.019551647563502698
62,50,2,1000,nonlinear,NPT-FR,Marginal,5.447224991925566
62,50,2,1000,nonlinear,NPT-FR,Correlation,0.005652004839800171
62,50,2,1000,nonlinear,Marginal-FR,Marginal,5.447224991925566
62,50,2,1000,nonlinear,Marginal-FR,Correlation,0.36393655283741516
62,50,2,1000,nonlinear,Gaussian-FR,Marginal,6.90204731541899
62,50,2,1000,nonlinear,Gaussian-FR,Correlation,0.02544008031089992
63,50,2,1000,nonlinear,NPT-FR,Marginal,5.712889226152871
63,50,2,1000,nonlinear,NPT-FR,Correlation,0.006549797714813482
63,50,2,1000,nonlinear,Marginal-FR,Marginal,5.712889226152871
63,50,2,1000,nonlinear,Marginal-FR,Correlation,0.39738800493873105
63,50,2,1000,nonlinear,Gaussian-FR,Marginal,6.939656309363315
63,50,2,1000,nonlinear,Gaussian-FR,Correlation,0.024824253793059765
64,50,2,1000,nonlinear,NPT-FR,Marginal,5.966217287330531
64,50,2,1000,nonlinear,NPT-FR,Correlation,0.003943444406911168
64,50,2,1000,nonlinear,Marginal-FR,Marginal,5.966217287330531
64,50,2,1000,nonlinear,Marginal-FR,Correlation,0.3595070468143257
64,50,2,1000,nonlinear,Gaussian-FR,Marginal,7.377349174384582
64,50,2,1000,nonlinear,Gaussian-FR,Correlation,0.01967286439023695
65,50,2,1000,nonlinear,NPT-FR,Marginal,6.528837670873395
65,50,2,1000,nonlinear,NPT-FR,Correlation,0.006312661607056397
65,50,2,1000,nonlinear,Marginal-FR,Marginal,6.528837670873395
65,50,2,1000,nonlinear,Marginal-FR,Correlation,0.39239505872662306
65,50,2,1000,nonlinear,Gaussian-FR,Marginal,8.086895657788064
65,50,2,1000,nonlinear,Gaussian-FR,Correlation,0.02944067787089642
66,50,2,1000,nonlinear,NPT-FR,Marginal,5.592689974859722
66,50,2,1000,nonlinear,NPT-FR,Correlation,0.0048103551740395
66,50,2,1000,nonlinear,Marginal-FR,Marginal,5.592689974859722
66,50,2,1000,nonlinear,Marginal-FR,Correlation,0.36830382232714454
66,50,2,1000,nonlinear,Gaussian-FR,Marginal,7.044745900738938
66,50,2,1000,nonlinear,Gaussian-FR,Correlation,0.025433186096517697
67,50,2,1000,nonlinear,NPT-FR,Marginal,6.2818823113059965
67,50,2,1000,nonlinear,NPT-FR,Correlation,0.00464110842544723
67,50,2,1000,nonlinear,Marginal-FR,Marginal,6.2818823113059965
67,50,2,1000,nonlinear,Marginal-FR,Correlation,0.3727708917921468
67,50,2,1000,nonlinear,Gaussian-FR,Marginal,7.833091187859944
67,50,2,1000,nonlinear,Gaussian-FR,Correlation,0.018085707990515527
68,50,2,1000,nonlinear,NPT-FR,Marginal,5.585449662777412
68,50,2,1000,nonlinear,NPT-FR,Correlation,0.004211611728434978
68,50,2,1000,nonlinear,Marginal-FR,Marginal,5.585449662777412
68,50,2,1000,nonlinear,Marginal-FR,Correlation,0.3848527134785364
68,50,2,1000,nonlinear,Gaussian-FR,Marginal,7.036212136285016
68,50,2,1000,nonlinear,Gaussian-FR,Correlation,0.01632294662179759
69,50,2,1000,nonlinear,NPT-FR,Marginal,6.264562589549012
69,50,2,1000,nonlinear,NPT-FR,Correlation,0.006330855541031236
69,50,2,1000,nonlinear,Marginal-FR,Marginal,6.264562589549012
69,50,2,1000,nonlinear,Marginal-FR,Correlation,0.3764733110603403
69,50,2,1000,nonlinear,Gaussian-FR,Marginal,7.718026757829621
69,50,2,1000,nonlinear,Gaussian-FR,Correlation,0.017593828895736616
70,50,2,1000,nonlinear,NPT-FR,Marginal,5.94207434027911
70,50,2,1000,nonlinear,NPT-FR,Correlation,0.004900229221093601
70,50,2,1000,nonlinear,Marginal-FR,Marginal,5.94207434027911
70,50,2,1000,nonlinear,Marginal-FR,Correlation,0.3635897923004884
70,50,2,1000,nonlinear,Gaussian-FR,Marginal,7.265578633418263
70,50,2,1000,nonlinear,Gaussian-FR,Correlation,0.017329081129141926
71,50,2,1000,nonlinear,NPT-FR,Marginal,5.646259806823524
71,50,2,1000,nonlinear,NPT-FR,Correlation,0.006052900840500218
71,50,2,1000,nonlinear,Marginal-FR,Marginal,5.646259806823524
71,50,2,1000,nonlinear,Marginal-FR,Correlation,0.3746328829044441
71,50,2,1000,nonlinear,Gaussian-FR,Marginal,7.084566715583618
71,50,2,1000,nonlinear,Gaussian-FR,Correlation,0.024263420920105836
72,50,2,1000,nonlinear,NPT-FR,Marginal,5.943813674372166
72,50,2,1000,nonlinear,NPT-FR,Correlation,0.0056755081785831
72,50,2,1000,nonlinear,Marginal-FR,Marginal,5.943813674372166
72,50,2,1000,nonlinear,Marginal-FR,Correlation,0.38297004722693745
72,50,2,1000,nonlinear,Gaussian-FR,Marginal,7.356446234217495
72,50,2,1000,nonlinear,Gaussian-FR,Correlation,0.02133733413475065
73,50,2,1000,nonlinear,NPT-FR,Marginal,5.4523189073850595
73,50,2,1000,nonlinear,NPT-FR,Correlation,0.0044020743253265745
73,50,2,1000,nonlinear,Marginal-FR,Marginal,5.4523189073850595
73,50,2,1000,nonlinear,Marginal-FR,Correlation,0.3698937540798321
73,50,2,1000,nonlinear,Gaussian-FR,Marginal,6.901826505778928
73,50,2,1000,nonlinear,Gaussian-FR,Correlation,0.021891887908999538
74,50,2,1000,nonlinear,NPT-FR,Marginal,5.047070042545099
74,50,2,1000,nonlinear,NPT-FR,Correlation,0.006295273683605685
74,50,2,1000,nonlinear,Marginal-FR,Marginal,5.047070042545099
74,50,2,1000,nonlinear,Marginal-FR,Correlation,0.3793800746325554
74,50,2,1000,nonlinear,Gaussian-FR,Marginal,6.434098267989263
74,50,2,1000,nonlinear,Gaussian-FR,Correlation,0.014483044663949904
75,50,2,1000,nonlinear,NPT-FR,Marginal,7.252859225384325
75,50,2,1000,nonlinear,NPT-FR,Correlation,0.004866263310358099
75,50,2,1000,nonlinear,Marginal-FR,Marginal,7.252859225384325
75,50,2,1000,nonlinear,Marginal-FR,Correlation,0.40063405491268295
75,50,2,1000,nonlinear,Gaussian-FR,Marginal,8.57133988169295
75,50,2,1000,nonlinear,Gaussian-FR,Correlation,0.02091521590437396
76,50,2,1000,nonlinear,NPT-FR,Marginal,6.18120555401172
76,50,2,1000,nonlinear,NPT-FR,Correlation,0.004686543722486599
76,50,2,1000,nonlinear,Marginal-FR,Marginal,6.18120555401172
76,50,2,1000,nonlinear,Marginal-FR,Correlation,0.3827723240261312
76,50,2,1000,nonlinear,Gaussian-FR,Marginal,7.524402211050091
76,50,2,1000,nonlinear,Gaussian-FR,Correlation,0.020792499423483688
77,50,2,1000,nonlinear,NPT-FR,Marginal,5.43928007058008
77,50,2,1000,nonlinear,NPT-FR,Correlation,0.005443125581364541
77,50,2,1000,nonlinear,Marginal-FR,Marginal,5.43928007058008
77,50,2,1000,nonlinear,Marginal-FR,Correlation,0.3810013217470318
77,50,2,1000,nonlinear,Gaussian-FR,Marginal,6.887184053481656
77,50,2,1000,nonlinear,Gaussian-FR,Correlation,0.024653217520308385
78,50,2,1000,nonlinear,NPT-FR,Marginal,5.616546533031876
78,50,2,1000,nonlinear,NPT-FR,Correlation,0.005467208513378479
78,50,2,1000,nonlinear,Marginal-FR,Marginal,5.616546533031876
78,50,2,1000,nonlinear,Marginal-FR,Correlation,0.39925657567950945
78,50,2,1000,nonlinear,Gaussian-FR,Marginal,7.025194447993284
78,50,2,1000,nonlinear,Gaussian-FR,Correlation,0.024485798482543158
79,50,2,1000,nonlinear,NPT-FR,Marginal,5.9127216968765826
79,50,2,1000,nonlinear,NPT-FR,Correlation,0.006198502273748124
79,50,2,1000,nonlinear,Marginal-FR,Marginal,5.9127216968765826
79,50,2,1000,nonlinear,Marginal-FR,Correlation,0.3765449581709416
79,50,2,1000,nonlinear,Gaussian-FR,Marginal,7.3215666316549575
79,50,2,1000,nonlinear,Gaussian-FR,Correlation,0.02598719002465953
80,50,2,1000,nonlinear,NPT-FR,Marginal,6.242678390302643
80,50,2,1000,nonlinear,NPT-FR,Correlation,0.0049375692352199
80,50,2,1000,nonlinear,Marginal-FR,Marginal,6.242678390302643
80,50,2,1000,nonlinear,Marginal-FR,Correlation,0.3879999604919471
80,50,2,1000,nonlinear,Gaussian-FR,Marginal,7.6957274136126195
80,50,2,1000,nonlinear,Gaussian-FR,Correlation,0.016362705334300856
81,50,2,1000,nonlinear,NPT-FR,Marginal,6.436894391996964
81,50,2,1000,nonlinear,NPT-FR,Correlation,0.006003238086592437
81,50,2,1000,nonlinear,Marginal-FR,Marginal,6.436894391996964
81,50,2,1000,nonlinear,Marginal-FR,Correlation,0.3929349270353325
81,50,2,1000,nonlinear,Gaussian-FR,Marginal,7.905136384456609
81,50,2,1000,nonlinear,Gaussian-FR,Correlation,0.021884654664724817
82,50,2,1000,nonlinear,NPT-FR,Marginal,6.132048050388839
82,50,2,1000,nonlinear,NPT-FR,Correlation,0.00559352133607074
82,50,2,1000,nonlinear,Marginal-FR,Marginal,6.132048050388839
82,50,2,1000,nonlinear,Marginal-FR,Correlation,0.3705463872794308
82,50,2,1000,nonlinear,Gaussian-FR,Marginal,7.416051459850715
82,50,2,1000,nonlinear,Gaussian-FR,Correlation,0.031700320612106245
83,50,2,1000,nonlinear,NPT-FR,Marginal,5.864821952188132
83,50,2,1000,nonlinear,NPT-FR,Correlation,0.005938177510939188
83,50,2,1000,nonlinear,Marginal-FR,Marginal,5.864821952188132
83,50,2,1000,nonlinear,Marginal-FR,Correlation,0.3875000594895803
83,50,2,1000,nonlinear,Gaussian-FR,Marginal,7.471927573961485
83,50,2,1000,nonlinear,Gaussian-FR,Correlation,0.02361801823185172
84,50,2,1000,nonlinear,NPT-FR,Marginal,5.4991807073141405
84,50,2,1000,nonlinear,NPT-FR,Correlation,0.005688803131126075
84,50,2,1000,nonlinear,Marginal-FR,Marginal,5.4991807073141405
84,50,2,1000,nonlinear,Marginal-FR,Correlation,0.3674244596514457
84,50,2,1000,nonlinear,Gaussian-FR,Marginal,6.974221748646457
84,50,2,1000,nonlinear,Gaussian-FR,Correlation,0.026236619670213873
85,50,2,1000,nonlinear,NPT-FR,Marginal,5.831617851447126
85,50,2,1000,nonlinear,NPT-FR,Correlation,0.006260392683862389
85,50,2,1000,nonlinear,Marginal-FR,Marginal,5.831617851447126
85,50,2,1000,nonlinear,Marginal-FR,Correlation,0.36611645802946624
85,50,2,1000,nonlinear,Gaussian-FR,Marginal,7.193452235725104
85,50,2,1000,nonlinear,Gaussian-FR,Correlation,0.02549153335920059
86,50,2,1000,nonlinear,NPT-FR,Marginal,5.675072859270699
86,50,2,1000,nonlinear,NPT-FR,Correlation,0.005147846308916276
86,50,2,1000,nonlinear,Marginal-FR,Marginal,5.675072859270699
86,50,2,1000,nonlinear,Marginal-FR,Correlation,0.35778049909813203
86,50,2,1000,nonlinear,Gaussian-FR,Marginal,6.940219568178444
86,50,2,1000,nonlinear,Gaussian-FR,Correlation,0.020489881798775852
87,50,2,1000,nonlinear,NPT-FR,Marginal,5.757020666542971
87,50,2,1000,nonlinear,NPT-FR,Correlation,0.004570090150002172
87,50,2,1000,nonlinear,Marginal-FR,Marginal,5.757020666542971
87,50,2,1000,nonlinear,Marginal-FR,Correlation,0.36470123370486
87,50,2,1000,nonlinear,Gaussian-FR,Marginal,7.201536394722451
87,50,2,1000,nonlinear,Gaussian-FR,Correlation,0.020268159866330175
88,50,2,1000,nonlinear,NPT-FR,Marginal,5.837927981490505
88,50,2,1000,nonlinear,NPT-FR,Correlation,0.005454454112409236
88,50,2,1000,nonlinear,Marginal-FR,Marginal,5.837927981490505
88,50,2,1000,nonlinear,Marginal-FR,Correlation,0.3703733023533358
88,50,2,1000,nonlinear,Gaussian-FR,Marginal,7.116241142623688
88,50,2,1000,nonlinear,Gaussian-FR,Correlation,0.02690501862835617
89,50,2,1000,nonlinear,NPT-FR,Marginal,5.6247024556757275
89,50,2,1000,nonlinear,NPT-FR,Correlation,0.005439567678853189
89,50,2,1000,nonlinear,Marginal-FR,Marginal,5.6247024556757275
89,50,2,1000,nonlinear,Marginal-FR,Correlation,0.3692151900924931
89,50,2,1000,nonlinear,Gaussian-FR,Marginal,6.963090634169893
89,50,2,1000,nonlinear,Gaussian-FR,Correlation,0.028788414455960358
90,50,2,1000,nonlinear,NPT-FR,Marginal,6.4084938181750815
90,50,2,1000,nonlinear,NPT-FR,Correlation,0.005753742180280842
90,50,2,1000,nonlinear,Marginal-FR,Marginal,6.4084938181750815
90,50,2,1000,nonlinear,Marginal-FR,Correlation,0.3823031477822071
90,50,2,1000,nonlinear,Gaussian-FR,Marginal,7.850300671479015
90,50,2,1000,nonlinear,Gaussian-FR,Correlation,0.021614774663843987
91,50,2,1000,nonlinear,NPT-FR,Marginal,5.427023664743652
91,50,2,1000,nonlinear,NPT-FR,Correlation,0.0058456318898716456
91,50,2,1000,nonlinear,Marginal-FR,Marginal,5.427023664743652
91,50,2,1000,nonlinear,Marginal-FR,Correlation,0.37746846122126504
91,50,2,1000,nonlinear,Gaussian-FR,Marginal,6.7841786313805414
91,50,2,1000,nonlinear,Gaussian-FR,Correlation,0.02341646062398118
92,50,2,1000,nonlinear,NPT-FR,Marginal,6.213040936529256
92,50,2,1000,nonlinear,NPT-FR,Correlation,0.006017349622688058
92,50,2,1000,nonlinear,Marginal-FR,Marginal,6.213040936529256
92,50,2,1000,nonlinear,Marginal-FR,Correlation,0.37966581234888286
92,50,2,1000,nonlinear,Gaussian-FR,Marginal,7.660222995419197
92,50,2,1000,nonlinear,Gaussian-FR,Correlation,0.018860837304631745
93,50,2,1000,nonlinear,NPT-FR,Marginal,5.980773631283535
93,50,2,1000,nonlinear,NPT-FR,Correlation,0.01022396223558401
93,50,2,1000,nonlinear,Marginal-FR,Marginal,5.980773631283535
93,50,2,1000,nonlinear,Marginal-FR,Correlation,0.3662934501170541
93,50,2,1000,nonlinear,Gaussian-FR,Marginal,7.355059018982121
93,50,2,1000,nonlinear,Gaussian-FR,Correlation,0.03151061678681441
94,50,2,1000,nonlinear,NPT-FR,Marginal,6.228653245805924
94,50,2,1000,nonlinear,NPT-FR,Correlation,0.005965967458496028
94,50,2,1000,nonlinear,Marginal-FR,Marginal,6.228653245805924
94,50,2,1000,nonlinear,Marginal-FR,Correlation,0.36750673591763866
94,50,2,1000,nonlinear,Gaussian-FR,Marginal,7.718051657927561
94,50,2,1000,nonlinear,Gaussian-FR,Correlation,0.022434531426124723
95,50,2,1000,nonlinear,NPT-FR,Marginal,5.722308852653233
95,50,2,1000,nonlinear,NPT-FR,Correlation,0.005887842788674088
95,50,2,1000,nonlinear,Marginal-FR,Marginal,5.722308852653233
95,50,2,1000,nonlinear,Marginal-FR,Correlation,0.3798302106878178
95,50,2,1000,nonlinear,Gaussian-FR,Marginal,7.104579222978002
95,50,2,1000,nonlinear,Gaussian-FR,Correlation,0.028005079580721258
96,50,2,1000,nonlinear,NPT-FR,Marginal,6.343117195113427
96,50,2,1000,nonlinear,NPT-FR,Correlation,0.005718793294214085
96,50,2,1000,nonlinear,Marginal-FR,Marginal,6.343117195113427
96,50,2,1000,nonlinear,Marginal-FR,Correlation,0.3645802926789122
96,50,2,1000,nonlinear,Gaussian-FR,Marginal,7.728895229012618
96,50,2,1000,nonlinear,Gaussian-FR,Correlation,0.02580572910171238
97,50,2,1000,nonlinear,NPT-FR,Marginal,5.898383403353977
97,50,2,1000,nonlinear,NPT-FR,Correlation,0.006959167555080884
97,50,2,1000,nonlinear,Marginal-FR,Marginal,5.898383403353977
97,50,2,1000,nonlinear,Marginal-FR,Correlation,0.377846599454528
97,50,2,1000,nonlinear,Gaussian-FR,Marginal,7.275142322229925
97,50,2,1000,nonlinear,Gaussian-FR,Correlation,0.02866453868710225
98,50,2,1000,nonlinear,NPT-FR,Marginal,5.852490513534201
98,50,2,1000,nonlinear,NPT-FR,Correlation,0.00519789282461415
98,50,2,1000,nonlinear,Marginal-FR,Marginal,5.852490513534201
98,50,2,1000,nonlinear,Marginal-FR,Correlation,0.37626909635450356
98,50,2,1000,nonlinear,Gaussian-FR,Marginal,7.253225084660267
98,50,2,1000,nonlinear,Gaussian-FR,Correlation,0.02009552398992077
99,50,2,1000,nonlinear,NPT-FR,Marginal,5.453539419150408
99,50,2,1000,nonlinear,NPT-FR,Correlation,0.004905779537625525
99,50,2,1000,nonlinear,Marginal-FR,Marginal,5.453539419150408
99,50,2,1000,nonlinear,Marginal-FR,Correlation,0.38541537746442583
99,50,2,1000,nonlinear,Gaussian-FR,Marginal,6.945478152362445
99,50,2,1000,nonlinear,Gaussian-FR,Correlation,0.023416094479407318
0,100,2,100,linear,NPT-FR,Marginal,6.390432715469462
0,100,2,100,linear,NPT-FR,Correlation,0.005773380296212071
0,100,2,100,linear,Marginal-FR,Marginal,6.390432715469462
0,100,2,100,linear,Marginal-FR,Correlation,0.021805151315462
0,100,2,100,linear,Gaussian-FR,Marginal,7.990447600997221
0,100,2,100,linear,Gaussian-FR,Correlation,0.006108532648748758
1,100,2,100,linear,NPT-FR,Marginal,5.81907013828853
1,100,2,100,linear,NPT-FR,Correlation,0.005543580719646103
1,100,2,100,linear,Marginal-FR,Marginal,5.81907013828853
1,100,2,100,linear,Marginal-FR,Correlation,0.02045863544995067
1,100,2,100,linear,Gaussian-FR,Marginal,7.209981780928989
1,100,2,100,linear,Gaussian-FR,Correlation,0.006386467152902728
2,100,2,100,linear,NPT-FR,Marginal,5.688873939482033
2,100,2,100,linear,NPT-FR,Correlation,0.00526745061235026
2,100,2,100,linear,Marginal-FR,Marginal,5.688873939482033
2,100,2,100,linear,Marginal-FR,Correlation,0.02036457412560102
2,100,2,100,linear,Gaussian-FR,Marginal,7.2579298525542715
2,100,2,100,linear,Gaussian-FR,Correlation,0.005427375643715616
3,100,2,100,linear,NPT-FR,Marginal,5.4199111236842015
3,100,2,100,linear,NPT-FR,Correlation,0.005851419926017849
3,100,2,100,linear,Marginal-FR,Marginal,5.4199111236842015
3,100,2,100,linear,Marginal-FR,Correlation,0.019330392409624676
3,100,2,100,linear,Gaussian-FR,Marginal,6.757943629322207
3,100,2,100,linear,Gaussian-FR,Correlation,0.006475100095167341
4,100,2,100,linear,NPT-FR,Marginal,5.67229916293698
4,100,2,100,linear,NPT-FR,Correlation,0.005031016054100701
4,100,2,100,linear,Marginal-FR,Marginal,5.67229916293698
4,100,2,100,linear,Marginal-FR,Correlation,0.02131376585047309
4,100,2,100,linear,Gaussian-FR,Marginal,6.909995925085095
4,100,2,100,linear,Gaussian-FR,Correlation,0.005702966589743962
5,100,2,100,linear,NPT-FR,Marginal,5.725272460458872
5,100,2,100,linear,NPT-FR,Correlation,0.005222123156804667
5,100,2,100,linear,Marginal-FR,Marginal,5.725272460458872
5,100,2,100,linear,Marginal-FR,Correlation,0.020625940846053823
5,100,2,100,linear,Gaussian-FR,Marginal,7.0463153805711904
5,100,2,100,linear,Gaussian-FR,Correlation,0.005483575119693914
6,100,2,100,linear,NPT-FR,Marginal,5.729744338278113
6,100,2,100,linear,NPT-FR,Correlation,0.005128622342893438
6,100,2,100,linear,Marginal-FR,Marginal,5.729744338278113
6,100,2,100,linear,Marginal-FR,Correlation,0.01897379010904124
6,100,2,100,linear,Gaussian-FR,Marginal,6.949078427922155
6,100,2,100,linear,Gaussian-FR,Correlation,0.005442419125092778
7,100,2,100,linear,NPT-FR,Marginal,5.682192359038162
7,100,2,100,linear,NPT-FR,Correlation,0.005437762792573144
7,100,2,100,linear,Marginal-FR,Marginal,5.682192359038162
7,100,2,100,linear,Marginal-FR,Correlation,0.020198489866982354
7,100,2,100,linear,Gaussian-FR,Marginal,7.073800632117537
7,100,2,100,linear,Gaussian-FR,Correlation,0.005505169668907211
8,100,2,100,linear,NPT-FR,Marginal,6.405893029488641
8,100,2,100,linear,NPT-FR,Correlation,0.005562683619215422
8,100,2,100,linear,Marginal-FR,Marginal,6.405893029488641
8,100,2,100,linear,Marginal-FR,Correlation,0.020124126825356612
8,100,2,100,linear,Gaussian-FR,Marginal,7.58851303663281
8,100,2,100,linear,Gaussian-FR,Correlation,0.005630148948833557
9,100,2,100,linear,NPT-FR,Marginal,6.352768465087996
9,100,2,100,linear,NPT-FR,Correlation,0.005537127306337075
9,100,2,100,linear,Marginal-FR,Marginal,6.352768465087996
9,100,2,100,linear,Marginal-FR,Correlation,0.020583294256917375
9,100,2,100,linear,Gaussian-FR,Marginal,7.634026471993989
9,100,2,100,linear,Gaussian-FR,Correlation,0.005941979573674151
10,100,2,100,linear,NPT-FR,Marginal,6.3086158586687695
10,100,2,100,linear,NPT-FR,Correlation,0.005413668963004029
10,100,2,100,linear,Marginal-FR,Marginal,6.3086158586687695
10,100,2,100,linear,Marginal-FR,Correlation,0.01935392975451666
10,100,2,100,linear,Gaussian-FR,Marginal,7.672104059646726
10,100,2,100,linear,Gaussian-FR,Correlation,0.0063401819701099085
11,100,2,100,linear,NPT-FR,Marginal,6.123024396263048
11,100,2,100,linear,NPT-FR,Correlation,0.005598574411113414
11,100,2,100,linear,Marginal-FR,Marginal,6.123024396263048
11,100,2,100,linear,Marginal-FR,Correlation,0.020743785843973038
11,100,2,100,linear,Gaussian-FR,Marginal,7.6200825818203315
11,100,2,100,linear,Gaussian-FR,Correlation,0.006026781838907582
12,100,2,100,linear,NPT-FR,Marginal,5.750687004773635
12,100,2,100,linear,NPT-FR,Correlation,0.005841578275588748
12,100,2,100,linear,Marginal-FR,Marginal,5.750687004773635
12,100,2,100,linear,Marginal-FR,Correlation,0.0202728673953271
12,100,2,100,linear,Gaussian-FR,Marginal,7.016376842127775
12,100,2,100,linear,Gaussian-FR,Correlation,0.005925668762958354
13,100,2,100,linear,NPT-FR,Marginal,5.350909645623879
13,100,2,100,linear,NPT-FR,Correlation,0.0050048257761320155
13,100,2,100,linear,Marginal-FR,Marginal,5.350909645623879
13,100,2,100,linear,Marginal-FR,Correlation,0.02082009809416939
13,100,2,100,linear,Gaussian-FR,Marginal,6.779310460601538
13,100,2,100,linear,Gaussian-FR,Correlation,0.00530319272962895
14,100,2,100,linear,NPT-FR,Marginal,7.129872549529205
14,100,2,100,linear,NPT-FR,Correlation,0.00468479818577103
14,100,2,100,linear,Marginal-FR,Marginal,7.129872549529205
14,100,2,100,linear,Marginal-FR,Correlation,0.02048070398896817
14,100,2,100,linear,Gaussian-FR,Marginal,8.208058649517138
14,100,2,100,linear,Gaussian-FR,Correlation,0.005225634443880195
15,100,2,100,linear,NPT-FR,Marginal,5.371811192618403
15,100,2,100,linear,NPT-FR,Correlation,0.005715812977277805
15,100,2,100,linear,Marginal-FR,Marginal,5.371811192618403
15,100,2,100,linear,Marginal-FR,Correlation,0.02205769597521892
15,100,2,100,linear,Gaussian-FR,Marginal,6.599700105855893
15,100,2,100,linear,Gaussian-FR,Correlation,0.005748650189757365
16,100,2,100,linear,NPT-FR,Marginal,5.8072055730200685
16,100,2,100,linear,NPT-FR,Correlation,0.005522363365226206
16,100,2,100,linear,Marginal-FR,Marginal,5.8072055730200685
16,100,2,100,linear,Marginal-FR,Correlation,0.019083057998000474
16,100,2,100,linear,Gaussian-FR,Marginal,7.336986775990584
16,100,2,100,linear,Gaussian-FR,Correlation,0.005801090264662102
17,100,2,100,linear,NPT-FR,Marginal,5.388856944995588
17,100,2,100,linear,NPT-FR,Correlation,0.004935383752074044
17,100,2,100,linear,Marginal-FR,Marginal,5.388856944995588
17,100,2,100,linear,Marginal-FR,Correlation,0.021164874676160274
17,100,2,100,linear,Gaussian-FR,Marginal,6.719414706026033
17,100,2,100,linear,Gaussian-FR,Correlation,0.0052012254279004255
18,100,2,100,linear,NPT-FR,Marginal,5.553906098577125
18,100,2,100,linear,NPT-FR,Correlation,0.005514108249725625
18,100,2,100,linear,Marginal-FR,Marginal,5.553906098577125
18,100,2,100,linear,Marginal-FR,Correlation,0.021078103572025657
18,100,2,100,linear,Gaussian-FR,Marginal,6.831603893215375
18,100,2,100,linear,Gaussian-FR,Correlation,0.0059187049801699455
19,100,2,100,linear,NPT-FR,Marginal,5.9231233394016956
19,100,2,100,linear,NPT-FR,Correlation,0.005672053694302422
19,100,2,100,linear,Marginal-FR,Marginal,5.9231233394016956
19,100,2,100,linear,Marginal-FR,Correlation,0.021138995305920866
19,100,2,100,linear,Gaussian-FR,Marginal,7.33444368254295
19,100,2,100,linear,Gaussian-FR,Correlation,0.005620284435226345
20,100,2,100,linear,NPT-FR,Marginal,5.862638458877709
20,100,2,100,linear,NPT-FR,Correlation,0.0053070425097188866
20,100,2,100,linear,Marginal-FR,Marginal,5.862638458877709
20,100,2,100,linear,Marginal-FR,Correlation,0.021844929969211023
20,100,2,100,linear,Gaussian-FR,Marginal,7.169317811122979
20,100,2,100,linear,Gaussian-FR,Correlation,0.005423423931460387
21,100,2,100,linear,NPT-FR,Marginal,5.785108384523385
21,100,2,100,linear,NPT-FR,Correlation,0.005549003995161571
21,100,2,100,linear,Marginal-FR,Marginal,5.785108384523385
21,100,2,100,linear,Marginal-FR,Correlation,0.021264786455720715
21,100,2,100,linear,Gaussian-FR,Marginal,7.021885120358951
21,100,2,100,linear,Gaussian-FR,Correlation,0.005613848077978222
22,100,2,100,linear,NPT-FR,Marginal,6.114744765063316
22,100,2,100,linear,NPT-FR,Correlation,0.005943558425502051
22,100,2,100,linear,Marginal-FR,Marginal,6.114744765063316
22,100,2,100,linear,Marginal-FR,Correlation,0.023002109898258107
22,100,2,100,linear,Gaussian-FR,Marginal,7.352217785259359
22,100,2,100,linear,Gaussian-FR,Correlation,0.006352497232734304
23,100,2,100,linear,NPT-FR,Marginal,5.991428668944774
23,100,2,100,linear,NPT-FR,Correlation,0.0046719658438371
23,100,2,100,linear,Marginal-FR,Marginal,5.991428668944774
23,100,2,100,linear,Marginal-FR,Correlation,0.018198346066628797
23,100,2,100,linear,Gaussian-FR,Marginal,7.420279087196929
23,100,2,100,linear,Gaussian-FR,Correlation,0.005172429273270656
24,100,2,100,linear,NPT-FR,Marginal,5.71097760738521
24,100,2,100,linear,NPT-FR,Correlation,0.0053561874076734845
24,100,2,100,linear,Marginal-FR,Marginal,5.71097760738521
24,100,2,100,linear,Marginal-FR,Correlation,0.02102490212819575
24,100,2,100,linear,Gaussian-FR,Marginal,7.194824935958632
24,100,2,100,linear,Gaussian-FR,Correlation,0.005688114087894249
25,100,2,100,linear,NPT-FR,Marginal,5.9950344753543625
25,100,2,100,linear,NPT-FR,Correlation,0.005884474192841329
25,100,2,100,linear,Marginal-FR,Marginal,5.9950344753543625
25,100,2,100,linear,Marginal-FR,Correlation,0.022038239310460127
25,100,2,100,linear,Gaussian-FR,Marginal,7.315360962271628
25,100,2,100,linear,Gaussian-FR,Correlation,0.006291238161044731
26,100,2,100,linear,NPT-FR,Marginal,5.681825494739838
26,100,2,100,linear,NPT-FR,Correlation,0.004655276526858929
26,100,2,100,linear,Marginal-FR,Marginal,5.681825494739838
26,100,2,100,linear,Marginal-FR,Correlation,0.017264893496348185
26,100,2,100,linear,Gaussian-FR,Marginal,7.033950053526944
26,100,2,100,linear,Gaussian-FR,Correlation,0.004740800417133835
27,100,2,100,linear,NPT-FR,Marginal,5.3160523302400815
27,100,2,100,linear,NPT-FR,Correlation,0.006355972214350825
27,100,2,100,linear,Marginal-FR,Marginal,5.3160523302400815
27,100,2,100,linear,Marginal-FR,Correlation,0.01871121287840668
27,100,2,100,linear,Gaussian-FR,Marginal,6.699452004729559
27,100,2,100,linear,Gaussian-FR,Correlation,0.005722036395471141
28,100,2,100,linear,NPT-FR,Marginal,5.76155780022979
28,100,2,100,linear,NPT-FR,Correlation,0.005900957235580002
28,100,2,100,linear,Marginal-FR,Marginal,5.76155780022979
28,100,2,100,linear,Marginal-FR,Correlation,0.0202970790252066
28,100,2,100,linear,Gaussian-FR,Marginal,6.991071901784377
28,100,2,100,linear,Gaussian-FR,Correlation,0.006346356920315751
29,100,2,100,linear,NPT-FR,Marginal,6.003487264893504
29,100,2,100,linear,NPT-FR,Correlation,0.005687823816990155
29,100,2,100,linear,Marginal-FR,Marginal,6.003487264893504
29,100,2,100,linear,Marginal-FR,Correlation,0.020606156151552597
29,100,2,100,linear,Gaussian-FR,Marginal,7.263098175676557
29,100,2,100,linear,Gaussian-FR,Correlation,0.00592300576801717
30,100,2,100,linear,NPT-FR,Marginal,5.992199862362254
30,100,2,100,linear,NPT-FR,Correlation,0.005136135335108894
30,100,2,100,linear,Marginal-FR,Marginal,5.992199862362254
30,100,2,100,linear,Marginal-FR,Correlation,0.019852522879696476
30,100,2,100,linear,Gaussian-FR,Marginal,7.516541413778565
30,100,2,100,linear,Gaussian-FR,Correlation,0.0054113183898173425
31,100,2,100,linear,NPT-FR,Marginal,6.285329917628201
31,100,2,100,linear,NPT-FR,Correlation,0.005657607511223949
31,100,2,100,linear,Marginal-FR,Marginal,6.285329917628201
31,100,2,100,linear,Marginal-FR,Correlation,0.02352200662766016
31,100,2,100,linear,Gaussian-FR,Marginal,7.62306896760903
31,100,2,100,linear,Gaussian-FR,Correlation,0.005936613366500552
32,100,2,100,linear,NPT-FR,Marginal,5.7836793840037775
32,100,2,100,linear,NPT-FR,Correlation,0.005957550058268222
32,100,2,100,linear,Marginal-FR,Marginal,5.7836793840037775
32,100,2,100,linear,Marginal-FR,Correlation,0.019735480969040143
32,100,2,100,linear,Gaussian-FR,Marginal,7.218711479375887
32,100,2,100,linear,Gaussian-FR,Correlation,0.006328121184453096
33,100,2,100,linear,NPT-FR,Marginal,5.933292553047342
33,100,2,100,linear,NPT-FR,Correlation,0.005818251527836974
33,100,2,100,linear,Marginal-FR,Marginal,5.933292553047342
33,100,2,100,linear,Marginal-FR,Correlation,0.018490332786679404
33,100,2,100,linear,Gaussian-FR,Marginal,7.15088917492295
33,100,2,100,linear,Gaussian-FR,Correlation,0.005667033903699506
34,100,2,100,linear,NPT-FR,Marginal,5.477452221048101
34,100,2,100,linear,NPT-FR,Correlation,0.006089431009671696
34,100,2,100,linear,Marginal-FR,Marginal,5.477452221048101
34,100,2,100,linear,Marginal-FR,Correlation,0.02143203212249669
34,100,2,100,linear,Gaussian-FR,Marginal,6.901388311613282
34,100,2,100,linear,Gaussian-FR,Correlation,0.006179898558928313
35,100,2,100,linear,NPT-FR,Marginal,5.871052505638858
35,100,2,100,linear,NPT-FR,Correlation,0.005345814506225574
35,100,2,100,linear,Marginal-FR,Marginal,5.871052505638858
35,100,2,100,linear,Marginal-FR,Correlation,0.018709876344493885
35,100,2,100,linear,Gaussian-FR,Marginal,7.215807710241607
35,100,2,100,linear,Gaussian-FR,Correlation,0.00576344985179559
36,100,2,100,linear,NPT-FR,Marginal,5.733505833777251
36,100,2,100,linear,NPT-FR,Correlation,0.005572347441017521
36,100,2,100,linear,Marginal-FR,Marginal,5.733505833777251
36,100,2,100,linear,Marginal-FR,Correlation,0.020597976965674072
36,100,2,100,linear,Gaussian-FR,Marginal,7.091959073584183
36,100,2,100,linear,Gaussian-FR,Correlation,0.00630753169174644
37,100,2,100,linear,NPT-FR,Marginal,6.21857479711408
37,100,2,100,linear,NPT-FR,Correlation,0.005601740141848052
37,100,2,100,linear,Marginal-FR,Marginal,6.21857479711408
37,100,2,100,linear,Marginal-FR,Correlation,0.021618605356167553
37,100,2,100,linear,Gaussian-FR,Marginal,7.505159058170202
37,100,2,100,linear,Gaussian-FR,Correlation,0.006175458239589261
38,100,2,100,linear,NPT-FR,Marginal,6.343389520950302
38,100,2,100,linear,NPT-FR,Correlation,0.005449586107855768
38,100,2,100,linear,Marginal-FR,Marginal,6.343389520950302
38,100,2,100,linear,Marginal-FR,Correlation,0.02062346152082619
38,100,2,100,linear,Gaussian-FR,Marginal,7.6520279805082225
38,100,2,100,linear,Gaussian-FR,Correlation,0.005239145308170184
39,100,2,100,linear,NPT-FR,Marginal,5.316129269560289
39,100,2,100,linear,NPT-FR,Correlation,0.005244113793280545
39,100,2,100,linear,Marginal-FR,Marginal,5.316129269560289
39,100,2,100,linear,Marginal-FR,Correlation,0.019563669866994298
39,100,2,100,linear,Gaussian-FR,Marginal,6.654880299793255
39,100,2,100,linear,Gaussian-FR,Correlation,0.0052721522465230385
40,100,2,100,linear,NPT-FR,Marginal,5.805930760870172
40,100,2,100,linear,NPT-FR,Correlation,0.00571464608829397
40,100,2,100,linear,Marginal-FR,Marginal,5.805930760870172
40,100,2,100,linear,Marginal-FR,Correlation,0.02347527423216601
40,100,2,100,linear,Gaussian-FR,Marginal,7.3955058262693845
40,100,2,100,linear,Gaussian-FR,Correlation,0.005956631720929846
41,100,2,100,linear,NPT-FR,Marginal,6.558073769376583
41,100,2,100,linear,NPT-FR,Correlation,0.005304615971699211
41,100,2,100,linear,Marginal-FR,Marginal,6.558073769376583
41,100,2,100,linear,Marginal-FR,Correlation,0.021106591616530307
41,100,2,100,linear,Gaussian-FR,Marginal,7.848359731658948
41,100,2,100,linear,Gaussian-FR,Correlation,0.005811314357463284
42,100,2,100,linear,NPT-FR,Marginal,5.833795843298349
42,100,2,100,linear,NPT-FR,Correlation,0.006319459018124217
42,100,2,100,linear,Marginal-FR,Marginal,5.833795843298349
42,100,2,100,linear,Marginal-FR,Correlation,0.02070393430775547
42,100,2,100,linear,Gaussian-FR,Marginal,7.124171458727871
42,100,2,100,linear,Gaussian-FR,Correlation,0.006605127200178662
43,100,2,100,linear,NPT-FR,Marginal,5.618972016106218
43,100,2,100,linear,NPT-FR,Correlation,0.0068065571527763154
43,100,2,100,linear,Marginal-FR,Marginal,5.618972016106218
43,100,2,100,linear,Marginal-FR,Correlation,0.0205037037073568
43,100,2,100,linear,Gaussian-FR,Marginal,6.985507516703686
43,100,2,100,linear,Gaussian-FR,Correlation,0.006544311396324634
44,100,2,100,linear,NPT-FR,Marginal,5.56637223584023
44,100,2,100,linear,NPT-FR,Correlation,0.004895165037143968
44,100,2,100,linear,Marginal-FR,Marginal,5.56637223584023
44,100,2,100,linear,Marginal-FR,Correlation,0.0187716481680936
44,100,2,100,linear,Gaussian-FR,Marginal,6.9068668673310025
44,100,2,100,linear,Gaussian-FR,Correlation,0.004873429449211595
45,100,2,100,linear,NPT-FR,Marginal,5.827516062966274
45,100,2,100,linear,NPT-FR,Correlation,0.005361590994851095
45,100,2,100,linear,Marginal-FR,Marginal,5.827516062966274
45,100,2,100,linear,Marginal-FR,Correlation,0.01911797601118427
45,100,2,100,linear,Gaussian-FR,Marginal,7.337222559342248
45,100,2,100,linear,Gaussian-FR,Correlation,0.005831991687794981
46,100,2,100,linear,NPT-FR,Marginal,6.073375236786056
46,100,2,100,linear,NPT-FR,Correlation,0.005528238354105865
46,100,2,100,linear,Marginal-FR,Marginal,6.073375236786056
46,100,2,100,linear,Marginal-FR,Correlation,0.020789199975572648
46,100,2,100,linear,Gaussian-FR,Marginal,7.329749117289882
46,100,2,100,linear,Gaussian-FR,Correlation,0.005381544224339397
47,100,2,100,linear,NPT-FR,Marginal,6.436028610354466
47,100,2,100,linear,NPT-FR,Correlation,0.004795184238045981
47,100,2,100,linear,Marginal-FR,Marginal,6.436028610354466
47,100,2,100,linear,Marginal-FR,Correlation,0.019808617104653547
47,100,2,100,linear,Gaussian-FR,Marginal,7.732660697905614
47,100,2,100,linear,Gaussian-FR,Correlation,0.005202503671246926
48,100,2,100,linear,NPT-FR,Marginal,6.1480586551311305
48,100,2,100,linear,NPT-FR,Correlation,0.0053782837866072665
48,100,2,100,linear,Marginal-FR,Marginal,6.1480586551311305
48,100,2,100,linear,Marginal-FR,Correlation,0.020157645122946207
48,100,2,100,linear,Gaussian-FR,Marginal,7.51463233689004
48,100,2,100,linear,Gaussian-FR,Correlation,0.005601185262502586
49,100,2,100,linear,NPT-FR,Marginal,6.126807226618832
49,100,2,100,linear,NPT-FR,Correlation,0.00505999367123059
49,100,2,100,linear,Marginal-FR,Marginal,6.126807226618832
49,100,2,100,linear,Marginal-FR,Correlation,0.020161911561500226
49,100,2,100,linear,Gaussian-FR,Marginal,7.594977193595962
49,100,2,100,linear,Gaussian-FR,Correlation,0.004958539941627799
50,100,2,100,linear,NPT-FR,Marginal,6.005938671748231
50,100,2,100,linear,NPT-FR,Correlation,0.005193528288803996
50,100,2,100,linear,Marginal-FR,Marginal,6.005938671748231
50,100,2,100,linear,Marginal-FR,Correlation,0.019335504087341557
50,100,2,100,linear,Gaussian-FR,Marginal,7.222213054740482
50,100,2,100,linear,Gaussian-FR,Correlation,0.005684768787261516
51,100,2,100,linear,NPT-FR,Marginal,6.127567942711488
51,100,2,100,linear,NPT-FR,Correlation,0.005069109570813269
51,100,2,100,linear,Marginal-FR,Marginal,6.127567942711488
51,100,2,100,linear,Marginal-FR,Correlation,0.020350128784667593
51,100,2,100,linear,Gaussian-FR,Marginal,7.509473991067155
51,100,2,100,linear,Gaussian-FR,Correlation,0.005468269366157568
52,100,2,100,linear,NPT-FR,Marginal,6.087444952269816
52,100,2,100,linear,NPT-FR,Correlation,0.005548735340705414
52,100,2,100,linear,Marginal-FR,Marginal,6.087444952269816
52,100,2,100,linear,Marginal-FR,Correlation,0.02052403174097448
52,100,2,100,linear,Gaussian-FR,Marginal,7.46210753624692
52,100,2,100,linear,Gaussian-FR,Correlation,0.006025945633649456
53,100,2,100,linear,NPT-FR,Marginal,6.093960409363255
53,100,2,100,linear,NPT-FR,Correlation,0.00601883616279319
53,100,2,100,linear,Marginal-FR,Marginal,6.093960409363255
53,100,2,100,linear,Marginal-FR,Correlation,0.020941933819315934
53,100,2,100,linear,Gaussian-FR,Marginal,7.478677825250072
53,100,2,100,linear,Gaussian-FR,Correlation,0.006431244345723404
54,100,2,100,linear,NPT-FR,Marginal,5.90201337226344
54,100,2,100,linear,NPT-FR,Correlation,0.006418927944616944
54,100,2,100,linear,Marginal-FR,Marginal,5.90201337226344
54,100,2,100,linear,Marginal-FR,Correlation,0.021855653869665752
54,100,2,100,linear,Gaussian-FR,Marginal,7.170506662204282
54,100,2,100,linear,Gaussian-FR,Correlation,0.006622225088106906
55,100,2,100,linear,NPT-FR,Marginal,6.2512067153607145
55,100,2,100,linear,NPT-FR,Correlation,0.005005798443781726
55,100,2,100,linear,Marginal-FR,Marginal,6.2512067153607145
55,100,2,100,linear,Marginal-FR,Correlation,0.021304492417984905
55,100,2,100,linear,Gaussian-FR,Marginal,7.6073233599077525
55,100,2,100,linear,Gaussian-FR,Correlation,0.005319790857196754
56,100,2,100,linear,NPT-FR,Marginal,5.509003292662143
56,100,2,100,linear,NPT-FR,Correlation,0.005394590404900015
56,100,2,100,linear,Marginal-FR,Marginal,5.509003292662143
56,100,2,100,linear,Marginal-FR,Correlation,0.01960517535527133
56,100,2,100,linear,Gaussian-FR,Marginal,6.909561578811809
56,100,2,100,linear,Gaussian-FR,Correlation,0.00564795056105723
57,100,2,100,linear,NPT-FR,Marginal,5.572228956606656
57,100,2,100,linear,NPT-FR,Correlation,0.005992136310834136
57,100,2,100,linear,Marginal-FR,Marginal,5.572228956606656
57,100,2,100,linear,Marginal-FR,Correlation,0.019980834287153443
57,100,2,100,linear,Gaussian-FR,Marginal,6.811955370327782
57,100,2,100,linear,Gaussian-FR,Correlation,0.006344488336155463
58,100,2,100,linear,NPT-FR,Marginal,6.423860103456402
58,100,2,100,linear,NPT-FR,Correlation,0.005534950907205891
58,100,2,100,linear,Marginal-FR,Marginal,6.423860103456402
58,100,2,100,linear,Marginal-FR,Correlation,0.019208930263522352
58,100,2,100,linear,Gaussian-FR,Marginal,7.734403148275195
58,100,2,100,linear,Gaussian-FR,Correlation,0.005114669609073945
59,100,2,100,linear,NPT-FR,Marginal,5.610605817258466
59,100,2,100,linear,NPT-FR,Correlation,0.005581924396095445
59,100,2,100,linear,Marginal-FR,Marginal,5.610605817258466
59,100,2,100,linear,Marginal-FR,Correlation,0.02070014781384989
59,100,2,100,linear,Gaussian-FR,Marginal,7.010140020024689
59,100,2,100,linear,Gaussian-FR,Correlation,0.0056861720749247086
60,100,2,100,linear,NPT-FR,Marginal,5.830440667063049
60,100,2,100,linear,NPT-FR,Correlation,0.005134631211601938
60,100,2,100,linear,Marginal-FR,Marginal,5.830440667063049
60,100,2,100,linear,Marginal-FR,Correlation,0.020609432837606464
60,100,2,100,linear,Gaussian-FR,Marginal,7.140829917176982
60,100,2,100,linear,Gaussian-FR,Correlation,0.005762722654609044
61,100,2,100,linear,NPT-FR,Marginal,5.844245843518733
61,100,2,100,linear,NPT-FR,Correlation,0.005755741538654856
61,100,2,100,linear,Marginal-FR,Marginal,5.844245843518733
61,100,2,100,linear,Marginal-FR,Correlation,0.021479634645797194
61,100,2,100,linear,Gaussian-FR,Marginal,7.2422807518942065
61,100,2,100,linear,Gaussian-FR,Correlation,0.006176382942588596
62,100,2,100,linear,NPT-FR,Marginal,5.993318004150936
62,100,2,100,linear,NPT-FR,Correlation,0.005594926757078747
62,100,2,100,linear,Marginal-FR,Marginal,5.993318004150936
62,100,2,100,linear,Marginal-FR,Correlation,0.01827670804745775
62,100,2,100,linear,Gaussian-FR,Marginal,7.388344032179498
62,100,2,100,linear,Gaussian-FR,Correlation,0.005390504082520442
63,100,2,100,linear,NPT-FR,Marginal,5.620664068588554
63,100,2,100,linear,NPT-FR,Correlation,0.005264247209173023
63,100,2,100,linear,Marginal-FR,Marginal,5.620664068588554
63,100,2,100,linear,Marginal-FR,Correlation,0.02060326038716854
63,100,2,100,linear,Gaussian-FR,Marginal,6.999196760226225
63,100,2,100,linear,Gaussian-FR,Correlation,0.0056234786001794134
64,100,2,100,linear,NPT-FR,Marginal,6.097576534883449
64,100,2,100,linear,NPT-FR,Correlation,0.005182348914417895
64,100,2,100,linear,Marginal-FR,Marginal,6.097576534883449
64,100,2,100,linear,Marginal-FR,Correlation,0.020749288884679442
64,100,2,100,linear,Gaussian-FR,Marginal,7.316051792250793
64,100,2,100,linear,Gaussian-FR,Correlation,0.005394431524616156
65,100,2,100,linear,NPT-FR,Marginal,6.0376810037198005
65,100,2,100,linear,NPT-FR,Correlation,0.005621203529401526
65,100,2,100,linear,Marginal-FR,Marginal,6.0376810037198005
65,100,2,100,linear,Marginal-FR,Correlation,0.020631218738304005
65,100,2,100,linear,Gaussian-FR,Marginal,7.323647312938832
65,100,2,100,linear,Gaussian-FR,Correlation,0.005673416897248785
66,100,2,100,linear,NPT-FR,Marginal,5.93996861728016
66,100,2,100,linear,NPT-FR,Correlation,0.005301338112427532
66,100,2,100,linear,Marginal-FR,Marginal,5.93996861728016
66,100,2,100,linear,Marginal-FR,Correlation,0.018135430501507354
66,100,2,100,linear,Gaussian-FR,Marginal,7.32652553417351
66,100,2,100,linear,Gaussian-FR,Correlation,0.005409144399591879
67,100,2,100,linear,NPT-FR,Marginal,5.503859412498659
67,100,2,100,linear,NPT-FR,Correlation,0.005737188876650983
67,100,2,100,linear,Marginal-FR,Marginal,5.503859412498659
67,100,2,100,linear,Marginal-FR,Correlation,0.01911665936583672
67,100,2,100,linear,Gaussian-FR,Marginal,6.782368790606898
67,100,2,100,linear,Gaussian-FR,Correlation,0.005523648528340373
68,100,2,100,linear,NPT-FR,Marginal,5.416382246318783
68,100,2,100,linear,NPT-FR,Correlation,0.005451942638181363
68,100,2,100,linear,Marginal-FR,Marginal,5.416382246318783
68,100,2,100,linear,Marginal-FR,Correlation,0.020472781543737432
68,100,2,100,linear,Gaussian-FR,Marginal,6.724660700943154
68,100,2,100,linear,Gaussian-FR,Correlation,0.006119533794379069
69,100,2,100,linear,NPT-FR,Marginal,5.7825281397389965
69,100,2,100,linear,NPT-FR,Correlation,0.0054038630654935985
69,100,2,100,linear,Marginal-FR,Marginal,5.7825281397389965
69,100,2,100,linear,Marginal-FR,Correlation,0.02083598120539243
69,100,2,100,linear,Gaussian-FR,Marginal,7.187633274330139
69,100,2,100,linear,Gaussian-FR,Correlation,0.005458834375173535
70,100,2,100,linear,NPT-FR,Marginal,5.274714445856278
70,100,2,100,linear,NPT-FR,Correlation,0.0051597487453184845
70,100,2,100,linear,Marginal-FR,Marginal,5.274714445856278
70,100,2,100,linear,Marginal-FR,Correlation,0.02048660091797405
70,100,2,100,linear,Gaussian-FR,Marginal,6.722012574062997
70,100,2,100,linear,Gaussian-FR,Correlation,0.005815656480527462
71,100,2,100,linear,NPT-FR,Marginal,5.962024350051523
71,100,2,100,linear,NPT-FR,Correlation,0.0062697847012234565
71,100,2,100,linear,Marginal-FR,Marginal,5.962024350051523
71,100,2,100,linear,Marginal-FR,Correlation,0.023114591847075778
71,100,2,100,linear,Gaussian-FR,Marginal,7.372121063549784
71,100,2,100,linear,Gaussian-FR,Correlation,0.0062805977571325795
72,100,2,100,linear,NPT-FR,Marginal,5.320364635495096
72,100,2,100,linear,NPT-FR,Correlation,0.005720964965530968
72,100,2,100,linear,Marginal-FR,Marginal,5.320364635495096
72,100,2,100,linear,Marginal-FR,Correlation,0.020521870123321868
72,100,2,100,linear,Gaussian-FR,Marginal,6.5111053095954405
72,100,2,100,linear,Gaussian-FR,Correlation,0.005733577604233324
73,100,2,100,linear,NPT-FR,Marginal,5.9363025469531925
73,100,2,100,linear,NPT-FR,Correlation,0.005274764127437309
73,100,2,100,linear,Marginal-FR,Marginal,5.9363025469531925
73,100,2,100,linear,Marginal-FR,Correlation,0.01872495498117859
73,100,2,100,linear,Gaussian-FR,Marginal,7.397104102374365
73,100,2,100,linear,Gaussian-FR,Correlation,0.005328090885381027
74,100,2,100,linear,NPT-FR,Marginal,5.418718783380908
74,100,2,100,linear,NPT-FR,Correlation,0.006513164053160043
74,100,2,100,linear,Marginal-FR,Marginal,5.418718783380908
74,100,2,100,linear,Marginal-FR,Correlation,0.02073624604450367
74,100,2,100,linear,Gaussian-FR,Marginal,6.83871581075099
74,100,2,100,linear,Gaussian-FR,Correlation,0.006038944125951742
75,100,2,100,linear,NPT-FR,Marginal,6.1596153883644105
75,100,2,100,linear,NPT-FR,Correlation,0.0052979999533900105
75,100,2,100,linear,Marginal-FR,Marginal,6.1596153883644105
75,100,2,100,linear,Marginal-FR,Correlation,0.020421252898927197
75,100,2,100,linear,Gaussian-FR,Marginal,7.538558822148449
75,100,2,100,linear,Gaussian-FR,Correlation,0.005337630619800629
76,100,2,100,linear,NPT-FR,Marginal,5.867335192118329
76,100,2,100,linear,NPT-FR,Correlation,0.00545281314195166
76,100,2,100,linear,Marginal-FR,Marginal,5.867335192118329
76,100,2,100,linear,Marginal-FR,Correlation,0.022337870031120644
76,100,2,100,linear,Gaussian-FR,Marginal,7.097497196601007
76,100,2,100,linear,Gaussian-FR,Correlation,0.005787520927934352
77,100,2,100,linear,NPT-FR,Marginal,6.122460188942756
77,100,2,100,linear,NPT-FR,Correlation,0.005914789855731918
77,100,2,100,linear,Marginal-FR,Marginal,6.122460188942756
77,100,2,100,linear,Marginal-FR,Correlation,0.02150913254806069
77,100,2,100,linear,Gaussian-FR,Marginal,7.47849208079235
77,100,2,100,linear,Gaussian-FR,Correlation,0.0060898319299652025
78,100,2,100,linear,NPT-FR,Marginal,6.477464605851582
78,100,2,100,linear,NPT-FR,Correlation,0.005466542186600328
78,100,2,100,linear,Marginal-FR,Marginal,6.477464605851582
78,100,2,100,linear,Marginal-FR,Correlation,0.023239837245354014
78,100,2,100,linear,Gaussian-FR,Marginal,7.791435549666586
78,100,2,100,linear,Gaussian-FR,Correlation,0.005737808854521994
79,100,2,100,linear,NPT-FR,Marginal,5.864199690351445
79,100,2,100,linear,NPT-FR,Correlation,0.005763470780246202
79,100,2,100,linear,Marginal-FR,Marginal,5.864199690351445
79,100,2,100,linear,Marginal-FR,Correlation,0.020553499642025436
79,100,2,100,linear,Gaussian-FR,Marginal,7.35387919061516
79,100,2,100,linear,Gaussian-FR,Correlation,0.00533689123429483
80,100,2,100,linear,NPT-FR,Marginal,5.521442428115129
80,100,2,100,linear,NPT-FR,Correlation,0.005701196212229231
80,100,2,100,linear,Marginal-FR,Marginal,5.521442428115129
80,100,2,100,linear,Marginal-FR,Correlation,0.019721535316771455
80,100,2,100,linear,Gaussian-FR,Marginal,6.7381209266505255
80,100,2,100,linear,Gaussian-FR,Correlation,0.005770614700728766
81,100,2,100,linear,NPT-FR,Marginal,6.202217611165981
81,100,2,100,linear,NPT-FR,Correlation,0.005852400810486664
81,100,2,100,linear,Marginal-FR,Marginal,6.202217611165981
81,100,2,100,linear,Marginal-FR,Correlation,0.02041765429055974
81,100,2,100,linear,Gaussian-FR,Marginal,7.453970222804651
81,100,2,100,linear,Gaussian-FR,Correlation,0.005828840623050547
82,100,2,100,linear,NPT-FR,Marginal,5.769305418210361
82,100,2,100,linear,NPT-FR,Correlation,0.005929039412053487
82,100,2,100,linear,Marginal-FR,Marginal,5.769305418210361
82,100,2,100,linear,Marginal-FR,Correlation,0.02222255103711129
82,100,2,100,linear,Gaussian-FR,Marginal,7.133968413121931
82,100,2,100,linear,Gaussian-FR,Correlation,0.0062290395757100365
83,100,2,100,linear,NPT-FR,Marginal,5.675971963247136
83,100,2,100,linear,NPT-FR,Correlation,0.005274785420303802
83,100,2,100,linear,Marginal-FR,Marginal,5.675971963247136
83,100,2,100,linear,Marginal-FR,Correlation,0.020446138496821614
83,100,2,100,linear,Gaussian-FR,Marginal,6.992058210095358
83,100,2,100,linear,Gaussian-FR,Correlation,0.005376922888096458
84,100,2,100,linear,NPT-FR,Marginal,5.298792818911128
84,100,2,100,linear,NPT-FR,Correlation,0.004989793053988496
84,100,2,100,linear,Marginal-FR,Marginal,5.298792818911128
84,100,2,100,linear,Marginal-FR,Correlation,0.020105292208454233
84,100,2,100,linear,Gaussian-FR,Marginal,6.733428006324593
84,100,2,100,linear,Gaussian-FR,Correlation,0.005094304153928126
85,100,2,100,linear,NPT-FR,Marginal,6.160619548543095
85,100,2,100,linear,NPT-FR,Correlation,0.00540172948774131
85,100,2,100,linear,Marginal-FR,Marginal,6.160619548543095
85,100,2,100,linear,Marginal-FR,Correlation,0.02172141128699063
85,100,2,100,linear,Gaussian-FR,Marginal,7.610264201580506
85,100,2,100,linear,Gaussian-FR,Correlation,0.006075695426335458
86,100,2,100,linear,NPT-FR,Marginal,5.6443507733325085
86,100,2,100,linear,NPT-FR,Correlation,0.0056868985018251736
86,100,2,100,linear,Marginal-FR,Marginal,5.6443507733325085
86,100,2,100,linear,Marginal-FR,Correlation,0.021175672649990346
86,100,2,100,linear,Gaussian-FR,Marginal,7.088693983223397
86,100,2,100,linear,Gaussian-FR,Correlation,0.005580782532642251
87,100,2,100,linear,NPT-FR,Marginal,6.022150157046429
87,100,2,100,linear,NPT-FR,Correlation,0.006876385090229368
87,100,2,100,linear,Marginal-FR,Marginal,6.022150157046429
87,100,2,100,linear,Marginal-FR,Correlation,0.021753015196111083
87,100,2,100,linear,Gaussian-FR,Marginal,7.328509732525809
87,100,2,100,linear,Gaussian-FR,Correlation,0.008068526796500414
88,100,2,100,linear,NPT-FR,Marginal,5.305324009273326
88,100,2,100,linear,NPT-FR,Correlation,0.005258091925123505
88,100,2,100,linear,Marginal-FR,Marginal,5.305324009273326
88,100,2,100,linear,Marginal-FR,Correlation,0.020902143307011945
88,100,2,100,linear,Gaussian-FR,Marginal,6.572620826721904
88,100,2,100,linear,Gaussian-FR,Correlation,0.0057084860562790956
89,100,2,100,linear,NPT-FR,Marginal,5.6068866457062665
89,100,2,100,linear,NPT-FR,Correlation,0.006313812372675988
89,100,2,100,linear,Marginal-FR,Marginal,5.6068866457062665
89,100,2,100,linear,Marginal-FR,Correlation,0.02078380463861927
89,100,2,100,linear,Gaussian-FR,Marginal,6.903400682077168
89,100,2,100,linear,Gaussian-FR,Correlation,0.00596877408515298
90,100,2,100,linear,NPT-FR,Marginal,5.727856967538223
90,100,2,100,linear,NPT-FR,Correlation,0.005841074103072588
90,100,2,100,linear,Marginal-FR,Marginal,5.727856967538223
90,100,2,100,linear,Marginal-FR,Correlation,0.021467101536036273
90,100,2,100,linear,Gaussian-FR,Marginal,7.232997814339532
90,100,2,100,linear,Gaussian-FR,Correlation,0.006984963286683524
91,100,2,100,linear,NPT-FR,Marginal,6.1113751133368
91,100,2,100,linear,NPT-FR,Correlation,0.005115418839188947
91,100,2,100,linear,Marginal-FR,Marginal,6.1113751133368
91,100,2,100,linear,Marginal-FR,Correlation,0.019025821357806512
91,100,2,100,linear,Gaussian-FR,Marginal,7.2889039883304125
91,100,2,100,linear,Gaussian-FR,Correlation,0.005513754492466944
92,100,2,100,linear,NPT-FR,Marginal,6.103905979778346
92,100,2,100,linear,NPT-FR,Correlation,0.005773942354213198
92,100,2,100,linear,Marginal-FR,Marginal,6.103905979778346
92,100,2,100,linear,Marginal-FR,Correlation,0.02122329579054992
92,100,2,100,linear,Gaussian-FR,Marginal,7.325783278923588
92,100,2,100,linear,Gaussian-FR,Correlation,0.006131252092304458
93,100,2,100,linear,NPT-FR,Marginal,6.733972020781922
93,100,2,100,linear,NPT-FR,Correlation,0.005002071101762022
93,100,2,100,linear,Marginal-FR,Marginal,6.733972020781922
93,100,2,100,linear,Marginal-FR,Correlation,0.018816704887018986
93,100,2,100,linear,Gaussian-FR,Marginal,8.399327728099095
93,100,2,100,linear,Gaussian-FR,Correlation,0.0050555406221571815
94,100,2,100,linear,NPT-FR,Marginal,5.307158566994809
94,100,2,100,linear,NPT-FR,Correlation,0.005696232335910746
94,100,2,100,linear,Marginal-FR,Marginal,5.307158566994809
94,100,2,100,linear,Marginal-FR,Correlation,0.018707459818798056
94,100,2,100,linear,Gaussian-FR,Marginal,6.642276733040003
94,100,2,100,linear,Gaussian-FR,Correlation,0.005921756288820908
95,100,2,100,linear,NPT-FR,Marginal,5.511976286066406
95,100,2,100,linear,NPT-FR,Correlation,0.005404269838741852
95,100,2,100,linear,Marginal-FR,Marginal,5.511976286066406
95,100,2,100,linear,Marginal-FR,Correlation,0.021915093376249452
95,100,2,100,linear,Gaussian-FR,Marginal,6.926449274929739
95,100,2,100,linear,Gaussian-FR,Correlation,0.0057010701373242005
96,100,2,100,linear,NPT-FR,Marginal,5.456840120404798
96,100,2,100,linear,NPT-FR,Correlation,0.0057572727542637295
96,100,2,100,linear,Marginal-FR,Marginal,5.456840120404798
96,100,2,100,linear,Marginal-FR,Correlation,0.020725295495336388
96,100,2,100,linear,Gaussian-FR,Marginal,6.779643671433314
96,100,2,100,linear,Gaussian-FR,Correlation,0.0064166329606508985
97,100,2,100,linear,NPT-FR,Marginal,5.413637613864031
97,100,2,100,linear,NPT-FR,Correlation,0.005175952285567446
97,100,2,100,linear,Marginal-FR,Marginal,5.413637613864031
97,100,2,100,linear,Marginal-FR,Correlation,0.021211262767213024
97,100,2,100,linear,Gaussian-FR,Marginal,6.697585593727189
97,100,2,100,linear,Gaussian-FR,Correlation,0.004905456824023408
98,100,2,100,linear,NPT-FR,Marginal,6.250427801034682
98,100,2,100,linear,NPT-FR,Correlation,0.005581179191436702
98,100,2,100,linear,Marginal-FR,Marginal,6.250427801034682
98,100,2,100,linear,Marginal-FR,Correlation,0.020823370019471012
98,100,2,100,linear,Gaussian-FR,Marginal,7.521478448852697
98,100,2,100,linear,Gaussian-FR,Correlation,0.005517031592590514
99,100,2,100,linear,NPT-FR,Marginal,6.118227217411259
99,100,2,100,linear,NPT-FR,Correlation,0.005595505213593714
99,100,2,100,linear,Marginal-FR,Marginal,6.118227217411259
99,100,2,100,linear,Marginal-FR,Correlation,0.020349055798769854
99,100,2,100,linear,Gaussian-FR,Marginal,7.495913707283005
99,100,2,100,linear,Gaussian-FR,Correlation,0.005830736720011658
0,100,2,100,nonlinear,NPT-FR,Marginal,6.132144112800379
0,100,2,100,nonlinear,NPT-FR,Correlation,0.005203401140005518
0,100,2,100,nonlinear,Marginal-FR,Marginal,6.132144112800379
0,100,2,100,nonlinear,Marginal-FR,Correlation,0.37329914108239487
0,100,2,100,nonlinear,Gaussian-FR,Marginal,7.548284123300011
0,100,2,100,nonlinear,Gaussian-FR,Correlation,0.02901780573176391
1,100,2,100,nonlinear,NPT-FR,Marginal,6.191639409642265
1,100,2,100,nonlinear,NPT-FR,Correlation,0.006099473139400199
1,100,2,100,nonlinear,Marginal-FR,Marginal,6.191639409642265
1,100,2,100,nonlinear,Marginal-FR,Correlation,0.38641434100266
1,100,2,100,nonlinear,Gaussian-FR,Marginal,7.628902636350672
1,100,2,100,nonlinear,Gaussian-FR,Correlation,0.02319108108371409
2,100,2,100,nonlinear,NPT-FR,Marginal,5.250759713634899
2,100,2,100,nonlinear,NPT-FR,Correlation,0.005822840371103837
2,100,2,100,nonlinear,Marginal-FR,Marginal,5.250759713634899
2,100,2,100,nonlinear,Marginal-FR,Correlation,0.3430975820711129
2,100,2,100,nonlinear,Gaussian-FR,Marginal,6.689682075442121
2,100,2,100,nonlinear,Gaussian-FR,Correlation,0.01474755564583124
3,100,2,100,nonlinear,NPT-FR,Marginal,6.101678727361737
3,100,2,100,nonlinear,NPT-FR,Correlation,0.00614644901046013
3,100,2,100,nonlinear,Marginal-FR,Marginal,6.101678727361737
3,100,2,100,nonlinear,Marginal-FR,Correlation,0.36809533982204673
3,100,2,100,nonlinear,Gaussian-FR,Marginal,7.277136052204952
3,100,2,100,nonlinear,Gaussian-FR,Correlation,0.02482773371406852
4,100,2,100,nonlinear,NPT-FR,Marginal,6.157779564916677
4,100,2,100,nonlinear,NPT-FR,Correlation,0.006455997932130773
4,100,2,100,nonlinear,Marginal-FR,Marginal,6.157779564916677
4,100,2,100,nonlinear,Marginal-FR,Correlation,0.36718033750161033
4,100,2,100,nonlinear,Gaussian-FR,Marginal,7.4896566963013225
4,100,2,100,nonlinear,Gaussian-FR,Correlation,0.022633908733433555
5,100,2,100,nonlinear,NPT-FR,Marginal,5.763231439598719
5,100,2,100,nonlinear,NPT-FR,Correlation,0.005292540153248265
5,100,2,100,nonlinear,Marginal-FR,Marginal,5.763231439598719
5,100,2,100,nonlinear,Marginal-FR,Correlation,0.3797656857747054
5,100,2,100,nonlinear,Gaussian-FR,Marginal,7.264538636184823
5,100,2,100,nonlinear,Gaussian-FR,Correlation,0.020878470335466907
6,100,2,100,nonlinear,NPT-FR,Marginal,6.438047624738128
6,100,2,100,nonlinear,NPT-FR,Correlation,0.0053314352620490455
6,100,2,100,nonlinear,Marginal-FR,Marginal,6.438047624738128
6,100,2,100,nonlinear,Marginal-FR,Correlation,0.3786180519590589
6,100,2,100,nonlinear,Gaussian-FR,Marginal,7.7991748121198565
6,100,2,100,nonlinear,Gaussian-FR,Correlation,0.025031078430642673
7,100,2,100,nonlinear,NPT-FR,Marginal,5.630192750693229
7,100,2,100,nonlinear,NPT-FR,Correlation,0.005805526345921468
7,100,2,100,nonlinear,Marginal-FR,Marginal,5.630192750693229
7,100,2,100,nonlinear,Marginal-FR,Correlation,0.37026240923019643
7,100,2,100,nonlinear,Gaussian-FR,Marginal,7.106315595744713
7,100,2,100,nonlinear,Gaussian-FR,Correlation,0.02187620633186324
8,100,2,100,nonlinear,NPT-FR,Marginal,5.8192155890262995
8,100,2,100,nonlinear,NPT-FR,Correlation,0.0055551566745265365
8,100,2,100,nonlinear,Marginal-FR,Marginal,5.8192155890262995
8,100,2,100,nonlinear,Marginal-FR,Correlation,0.3712962074609041
8,100,2,100,nonlinear,Gaussian-FR,Marginal,7.326556179480262
8,100,2,100,nonlinear,Gaussian-FR,Correlation,0.025155121547136387
9,100,2,100,nonlinear,NPT-FR,Marginal,5.99880336203212
9,100,2,100,nonlinear,NPT-FR,Correlation,0.005807745612022046
9,100,2,100,nonlinear,Marginal-FR,Marginal,5.99880336203212
9,100,2,100,nonlinear,Marginal-FR,Correlation,0.3709695116406289
9,100,2,100,nonlinear,Gaussian-FR,Marginal,7.409790121858261
9,100,2,100,nonlinear,Gaussian-FR,Correlation,0.021517759625456358
10,100,2,100,nonlinear,NPT-FR,Marginal,6.08612560235605
10,100,2,100,nonlinear,NPT-FR,Correlation,0.0065959292337434295
10,100,2,100,nonlinear,Marginal-FR,Marginal,6.08612560235605
10,100,2,100,nonlinear,Marginal-FR,Correlation,0.3830177595001214
10,100,2,100,nonlinear,Gaussian-FR,Marginal,7.482752178317863
10,100,2,100,nonlinear,Gaussian-FR,Correlation,0.02339110636576566
11,100,2,100,nonlinear,NPT-FR,Marginal,5.59561848650008
11,100,2,100,nonlinear,NPT-FR,Correlation,0.005848083394450408
11,100,2,100,nonlinear,Marginal-FR,Marginal,5.59561848650008
11,100,2,100,nonlinear,Marginal-FR,Correlation,0.3515409420484394
11,100,2,100,nonlinear,Gaussian-FR,Marginal,7.014180420521521
11,100,2,100,nonlinear,Gaussian-FR,Correlation,0.016127873504349608
12,100,2,100,nonlinear,NPT-FR,Marginal,6.07117766623116
12,100,2,100,nonlinear,NPT-FR,Correlation,0.005116819987386187
12,100,2,100,nonlinear,Marginal-FR,Marginal,6.07117766623116
12,100,2,100,nonlinear,Marginal-FR,Correlation,0.3772829976750394
12,100,2,100,nonlinear,Gaussian-FR,Marginal,7.358966299771254
12,100,2,100,nonlinear,Gaussian-FR,Correlation,0.019192444475200972
13,100,2,100,nonlinear,NPT-FR,Marginal,5.5226295575058675
13,100,2,100,nonlinear,NPT-FR,Correlation,0.005797603492945057
13,100,2,100,nonlinear,Marginal-FR,Marginal,5.5226295575058675
13,100,2,100,nonlinear,Marginal-FR,Correlation,0.382010017315856
13,100,2,100,nonlinear,Gaussian-FR,Marginal,7.0388318618981485
13,100,2,100,nonlinear,Gaussian-FR,Correlation,0.025618980822872353
14,100,2,100,nonlinear,NPT-FR,Marginal,5.7833024491214875
14,100,2,100,nonlinear,NPT-FR,Correlation,0.005389359186471307
14,100,2,100,nonlinear,Marginal-FR,Marginal,5.7833024491214875
14,100,2,100,nonlinear,Marginal-FR,Correlation,0.38258316646395046
14,100,2,100,nonlinear,Gaussian-FR,Marginal,7.101040834665422
14,100,2,100,nonlinear,Gaussian-FR,Correlation,0.028723028759636043
15,100,2,100,nonlinear,NPT-FR,Marginal,5.645841364394956
15,100,2,100,nonlinear,NPT-FR,Correlation,0.006298251754090055
15,100,2,100,nonlinear,Marginal-FR,Marginal,5.645841364394956
15,100,2,100,nonlinear,Marginal-FR,Correlation,0.3657839278561452
15,100,2,100,nonlinear,Gaussian-FR,Marginal,6.981216587223491
15,100,2,100,nonlinear,Gaussian-FR,Correlation,0.0215546765236338
16,100,2,100,nonlinear,NPT-FR,Marginal,5.968672858609818
16,100,2,100,nonlinear,NPT-FR,Correlation,0.004612167023898627
16,100,2,100,nonlinear,Marginal-FR,Marginal,5.968672858609818
16,100,2,100,nonlinear,Marginal-FR,Correlation,0.3705803247297871
16,100,2,100,nonlinear,Gaussian-FR,Marginal,7.253976761612304
16,100,2,100,nonlinear,Gaussian-FR,Correlation,0.021374259721518622
17,100,2,100,nonlinear,NPT-FR,Marginal,5.885137505971718
17,100,2,100,nonlinear,NPT-FR,Correlation,0.0056141762481834055
17,100,2,100,nonlinear,Marginal-FR,Marginal,5.885137505971718
17,100,2,100,nonlinear,Marginal-FR,Correlation,0.38039456751619727
17,100,2,100,nonlinear,Gaussian-FR,Marginal,7.2442372451492565
17,100,2,100,nonlinear,Gaussian-FR,Correlation,0.018259678252254663
18,100,2,100,nonlinear,NPT-FR,Marginal,5.543491270735755
18,100,2,100,nonlinear,NPT-FR,Correlation,0.0065165892742265865
18,100,2,100,nonlinear,Marginal-FR,Marginal,5.543491270735755
18,100,2,100,nonlinear,Marginal-FR,Correlation,0.3595965780911875
18,100,2,100,nonlinear,Gaussian-FR,Marginal,6.874997631873078
18,100,2,100,nonlinear,Gaussian-FR,Correlation,0.023221798308321155
19,100,2,100,nonlinear,NPT-FR,Marginal,5.959101700582056
19,100,2,100,nonlinear,NPT-FR,Correlation,0.005407395460166991
19,100,2,100,nonlinear,Marginal-FR,Marginal,5.959101700582056
19,100,2,100,nonlinear,Marginal-FR,Correlation,0.37121233781003155
19,100,2,100,nonlinear,Gaussian-FR,Marginal,7.486234840333619
19,100,2,100,nonlinear,Gaussian-FR,Correlation,0.018275723442668125
20,100,2,100,nonlinear,NPT-FR,Marginal,5.61070869588057
20,100,2,100,nonlinear,NPT-FR,Correlation,0.006398291867899684
20,100,2,100,nonlinear,Marginal-FR,Marginal,5.61070869588057
20,100,2,100,nonlinear,Marginal-FR,Correlation,0.3687403141326685
20,100,2,100,nonlinear,Gaussian-FR,Marginal,6.862746812730989
20,100,2,100,nonlinear,Gaussian-FR,Correlation,0.02219187911626184
21,100,2,100,nonlinear,NPT-FR,Marginal,5.737268337834486
21,100,2,100,nonlinear,NPT-FR,Correlation,0.005530769897056711
21,100,2,100,nonlinear,Marginal-FR,Marginal,5.737268337834486
21,100,2,100,nonlinear,Marginal-FR,Correlation,0.36564896879558184
21,100,2,100,nonlinear,Gaussian-FR,Marginal,7.1027179277812955
21,100,2,100,nonlinear,Gaussian-FR,Correlation,0.02209201115433123
22,100,2,100,nonlinear,NPT-FR,Marginal,5.654699124792602
22,100,2,100,nonlinear,NPT-FR,Correlation,0.005841174389911815
22,100,2,100,nonlinear,Marginal-FR,Marginal,5.654699124792602
22,100,2,100,nonlinear,Marginal-FR,Correlation,0.39241887160384253
22,100,2,100,nonlinear,Gaussian-FR,Marginal,7.022777108600106
22,100,2,100,nonlinear,Gaussian-FR,Correlation,0.01932957945692908
23,100,2,100,nonlinear,NPT-FR,Marginal,5.518773728997267
23,100,2,100,nonlinear,NPT-FR,Correlation,0.005024238025081625
23,100,2,100,nonlinear,Marginal-FR,Marginal,5.518773728997267
23,100,2,100,nonlinear,Marginal-FR,Correlation,0.38643983403084053
23,100,2,100,nonlinear,Gaussian-FR,Marginal,6.914907419693542
23,100,2,100,nonlinear,Gaussian-FR,Correlation,0.014058294126326993
24,100,2,100,nonlinear,NPT-FR,Marginal,6.298415782819443
24,100,2,100,nonlinear,NPT-FR,Correlation,0.006887379760650729
24,100,2,100,nonlinear,Marginal-FR,Marginal,6.298415782819443
24,100,2,100,nonlinear,Marginal-FR,Correlation,0.36571195825873465
24,100,2,100,nonlinear,Gaussian-FR,Marginal,7.8412693543578085
24,100,2,100,nonlinear,Gaussian-FR,Correlation,0.015487258991129845
25,100,2,100,nonlinear,NPT-FR,Marginal,5.460084461161642
25,100,2,100,nonlinear,NPT-FR,Correlation,0.005479062173069461
25,100,2,100,nonlinear,Marginal-FR,Marginal,5.460084461161642
25,100,2,100,nonlinear,Marginal-FR,Correlation,0.37270938746774573
25,100,2,100,nonlinear,Gaussian-FR,Marginal,6.911042012593787
25,100,2,100,nonlinear,Gaussian-FR,Correlation,0.019889394940032876
26,100,2,100,nonlinear,NPT-FR,Marginal,6.159899496424684
26,100,2,100,nonlinear,NPT-FR,Correlation,0.0059784352393856014
26,100,2,100,nonlinear,Marginal-FR,Marginal,6.159899496424684
26,100,2,100,nonlinear,Marginal-FR,Correlation,0.38229349125191053
26,100,2,100,nonlinear,Gaussian-FR,Marginal,7.495722341617293
26,100,2,100,nonlinear,Gaussian-FR,Correlation,0.02738624783845815
27,100,2,100,nonlinear,NPT-FR,Marginal,6.0998460673347115
27,100,2,100,nonlinear,NPT-FR,Correlation,0.005942197215489236
27,100,2,100,nonlinear,Marginal-FR,Marginal,6.0998460673347115
27,100,2,100,nonlinear,Marginal-FR,Correlation,0.37906397777689427
27,100,2,100,nonlinear,Gaussian-FR,Marginal,7.577431513273772
27,100,2,100,nonlinear,Gaussian-FR,Correlation,0.01600167181068604
28,100,2,100,nonlinear,NPT-FR,Marginal,6.13193556315012
28,100,2,100,nonlinear,NPT-FR,Correlation,0.006163169070724029
28,100,2,100,nonlinear,Marginal-FR,Marginal,6.13193556315012
28,100,2,100,nonlinear,Marginal-FR,Correlation,0.3732616776779074
28,100,2,100,nonlinear,Gaussian-FR,Marginal,7.594240929118236
28,100,2,100,nonlinear,Gaussian-FR,Correlation,0.031646235145634416
29,100,2,100,nonlinear,NPT-FR,Marginal,5.690116272727201
29,100,2,100,nonlinear,NPT-FR,Correlation,0.006576837951691349
29,100,2,100,nonlinear,Marginal-FR,Marginal,5.690116272727201
29,100,2,100,nonlinear,Marginal-FR,Correlation,0.3686873121800957
29,100,2,100,nonlinear,Gaussian-FR,Marginal,7.15823334301705
29,100,2,100,nonlinear,Gaussian-FR,Correlation,0.0261157841246527
30,100,2,100,nonlinear,NPT-FR,Marginal,5.09717775984471
30,100,2,100,nonlinear,NPT-FR,Correlation,0.005820439045017992
30,100,2,100,nonlinear,Marginal-FR,Marginal,5.09717775984471
30,100,2,100,nonlinear,Marginal-FR,Correlation,0.3858910651139546
30,100,2,100,nonlinear,Gaussian-FR,Marginal,6.5285317005647325
30,100,2,100,nonlinear,Gaussian-FR,Correlation,0.023052251457482745
31,100,2,100,nonlinear,NPT-FR,Marginal,5.774165804796102
31,100,2,100,nonlinear,NPT-FR,Correlation,0.005551337888431503
31,100,2,100,nonlinear,Marginal-FR,Marginal,5.774165804796102
31,100,2,100,nonlinear,Marginal-FR,Correlation,0.3615591359538955
31,100,2,100,nonlinear,Gaussian-FR,Marginal,7.15166714804351
31,100,2,100,nonlinear,Gaussian-FR,Correlation,0.021553667160262132
32,100,2,100,nonlinear,NPT-FR,Marginal,5.470555299725197
32,100,2,100,nonlinear,NPT-FR,Correlation,0.005643439253831454
32,100,2,100,nonlinear,Marginal-FR,Marginal,5.470555299725197
32,100,2,100,nonlinear,Marginal-FR,Correlation,0.37094246580041984
32,100,2,100,nonlinear,Gaussian-FR,Marginal,6.97087991798432
32,100,2,100,nonlinear,Gaussian-FR,Correlation,0.017743580619569488
33,100,2,100,nonlinear,NPT-FR,Marginal,5.599091408391626
33,100,2,100,nonlinear,NPT-FR,Correlation,0.006388561614968768
33,100,2,100,nonlinear,Marginal-FR,Marginal,5.599091408391626
33,100,2,100,nonlinear,Marginal-FR,Correlation,0.37215578503351704
33,100,2,100,nonlinear,Gaussian-FR,Marginal,7.017130666475575
33,100,2,100,nonlinear,Gaussian-FR,Correlation,0.02412233526735362
34,100,2,100,nonlinear,NPT-FR,Marginal,5.817896883618644
34,100,2,100,nonlinear,NPT-FR,Correlation,0.004904933651375024
34,100,2,100,nonlinear,Marginal-FR,Marginal,5.817896883618644
34,100,2,100,nonlinear,Marginal-FR,Correlation,0.3741176546368557
34,100,2,100,nonlinear,Gaussian-FR,Marginal,7.371445754655875
34,100,2,100,nonlinear,Gaussian-FR,Correlation,0.027445156353147693
35,100,2,100,nonlinear,NPT-FR,Marginal,5.641174940449071
35,100,2,100,nonlinear,NPT-FR,Correlation,0.004770630666043245
35,100,2,100,nonlinear,Marginal-FR,Marginal,5.641174940449071
35,100,2,100,nonlinear,Marginal-FR,Correlation,0.3676413053309846
35,100,2,100,nonlinear,Gaussian-FR,Marginal,7.072744759812528
35,100,2,100,nonlinear,Gaussian-FR,Correlation,0.01797662265886986
36,100,2,100,nonlinear,NPT-FR,Marginal,6.258327958083399
36,100,2,100,nonlinear,NPT-FR,Correlation,0.005042797274320071
36,100,2,100,nonlinear,Marginal-FR,Marginal,6.258327958083399
36,100,2,100,nonlinear,Marginal-FR,Correlation,0.40201808446556264
36,100,2,100,nonlinear,Gaussian-FR,Marginal,7.582925132188127
36,100,2,100,nonlinear,Gaussian-FR,Correlation,0.020048292559672894
37,100,2,100,nonlinear,NPT-FR,Marginal,5.2478917820644195
37,100,2,100,nonlinear,NPT-FR,Correlation,0.007426702002351292
37,100,2,100,nonlinear,Marginal-FR,Marginal,5.2478917820644195
37,100,2,100,nonlinear,Marginal-FR,Correlation,0.3856971335623908
37,100,2,100,nonlinear,Gaussian-FR,Marginal,6.648976138339227
37,100,2,100,nonlinear,Gaussian-FR,Correlation,0.03478989559464958
38,100,2,100,nonlinear,NPT-FR,Marginal,5.8958553528195665
38,100,2,100,nonlinear,NPT-FR,Correlation,0.006634239464936748
38,100,2,100,nonlinear,Marginal-FR,Marginal,5.8958553528195665
38,100,2,100,nonlinear,Marginal-FR,Correlation,0.3818443522956657
38,100,2,100,nonlinear,Gaussian-FR,Marginal,7.301664917632621
38,100,2,100,nonlinear,Gaussian-FR,Correlation,0.03126866178261968
39,100,2,100,nonlinear,NPT-FR,Marginal,5.513952717526092
39,100,2,100,nonlinear,NPT-FR,Correlation,0.006532560079999404
39,100,2,100,nonlinear,Marginal-FR,Marginal,5.513952717526092
39,100,2,100,nonlinear,Marginal-FR,Correlation,0.38880815720507844
39,100,2,100,nonlinear,Gaussian-FR,Marginal,7.084883579050419
39,100,2,100,nonlinear,Gaussian-FR,Correlation,0.027528899231420576
40,100,2,100,nonlinear,NPT-FR,Marginal,5.993766835597794
40,100,2,100,nonlinear,NPT-FR,Correlation,0.004390674380100646
40,100,2,100,nonlinear,Marginal-FR,Marginal,5.993766835597794
40,100,2,100,nonlinear,Marginal-FR,Correlation,0.3848517739802871
40,100,2,100,nonlinear,Gaussian-FR,Marginal,7.417776309510742
40,100,2,100,nonlinear,Gaussian-FR,Correlation,0.013828706655506031
41,100,2,100,nonlinear,NPT-FR,Marginal,5.8649243511511795
41,100,2,100,nonlinear,NPT-FR,Correlation,0.005912731072839925
41,100,2,100,nonlinear,Marginal-FR,Marginal,5.8649243511511795
41,100,2,100,nonlinear,Marginal-FR,Correlation,0.34953748988324485
41,100,2,100,nonlinear,Gaussian-FR,Marginal,7.125034078540979
41,100,2,100,nonlinear,Gaussian-FR,Correlation,0.01755965910534852
42,100,2,100,nonlinear,NPT-FR,Marginal,5.77400482202726
42,100,2,100,nonlinear,NPT-FR,Correlation,0.006278235167155419
42,100,2,100,nonlinear,Marginal-FR,Marginal,5.77400482202726
42,100,2,100,nonlinear,Marginal-FR,Correlation,0.3766140999924932
42,100,2,100,nonlinear,Gaussian-FR,Marginal,7.068315280735964
42,100,2,100,nonlinear,Gaussian-FR,Correlation,0.024372621750127096
43,100,2,100,nonlinear,NPT-FR,Marginal,5.519975028559143
43,100,2,100,nonlinear,NPT-FR,Correlation,0.004491846065610347
43,100,2,100,nonlinear,Marginal-FR,Marginal,5.519975028559143
43,100,2,100,nonlinear,Marginal-FR,Correlation,0.40857785551182624
43,100,2,100,nonlinear,Gaussian-FR,Marginal,7.025770037909856
43,100,2,100,nonlinear,Gaussian-FR,Correlation,0.03121266975293998
44,100,2,100,nonlinear,NPT-FR,Marginal,5.9959118081231075
44,100,2,100,nonlinear,NPT-FR,Correlation,0.005202274774830104
44,100,2,100,nonlinear,Marginal-FR,Marginal,5.9959118081231075
44,100,2,100,nonlinear,Marginal-FR,Correlation,0.39047832913199165
44,100,2,100,nonlinear,Gaussian-FR,Marginal,7.494290727909672
44,100,2,100,nonlinear,Gaussian-FR,Correlation,0.02425797262550383
45,100,2,100,nonlinear,NPT-FR,Marginal,5.974756726926476
45,100,2,100,nonlinear,NPT-FR,Correlation,0.005542458794043276
45,100,2,100,nonlinear,Marginal-FR,Marginal,5.974756726926476
45,100,2,100,nonlinear,Marginal-FR,Correlation,0.378196574863357
45,100,2,100,nonlinear,Gaussian-FR,Marginal,7.411588839039108
45,100,2,100,nonlinear,Gaussian-FR,Correlation,0.01907002999207136
46,100,2,100,nonlinear,NPT-FR,Marginal,5.842685390202169
46,100,2,100,nonlinear,NPT-FR,Correlation,0.00662036920990854
46,100,2,100,nonlinear,Marginal-FR,Marginal,5.842685390202169
46,100,2,100,nonlinear,Marginal-FR,Correlation,0.39559906291879926
46,100,2,100,nonlinear,Gaussian-FR,Marginal,7.503145036016944
46,100,2,100,nonlinear,Gaussian-FR,Correlation,0.016695310384453214
47,100,2,100,nonlinear,NPT-FR,Marginal,5.433548012168232
47,100,2,100,nonlinear,NPT-FR,Correlation,0.005222314791062061
47,100,2,100,nonlinear,Marginal-FR,Marginal,5.433548012168232
47,100,2,100,nonlinear,Marginal-FR,Correlation,0.36696460918992746
47,100,2,100,nonlinear,Gaussian-FR,Marginal,6.8866120847046615
47,100,2,100,nonlinear,Gaussian-FR,Correlation,0.02019867342603292
48,100,2,100,nonlinear,NPT-FR,Marginal,6.1112366879400835
48,100,2,100,nonlinear,NPT-FR,Correlation,0.00621209316334566
48,100,2,100,nonlinear,Marginal-FR,Marginal,6.1112366879400835
48,100,2,100,nonlinear,Marginal-FR,Correlation,0.3694806832268306
48,100,2,100,nonlinear,Gaussian-FR,Marginal,7.456596057181861
48,100,2,100,nonlinear,Gaussian-FR,Correlation,0.024867961010087567
49,100,2,100,nonlinear,NPT-FR,Marginal,6.041794095436981
49,100,2,100,nonlinear,NPT-FR,Correlation,0.004532893217243751
49,100,2,100,nonlinear,Marginal-FR,Marginal,6.041794095436981
49,100,2,100,nonlinear,Marginal-FR,Correlation,0.4041882143325988
49,100,2,100,nonlinear,Gaussian-FR,Marginal,7.223720114585851
49,100,2,100,nonlinear,Gaussian-FR,Correlation,0.021942709146946338
50,100,2,100,nonlinear,NPT-FR,Marginal,6.1729850268993625
50,100,2,100,nonlinear,NPT-FR,Correlation,0.0065299310519430324
50,100,2,100,nonlinear,Marginal-FR,Marginal,6.1729850268993625
50,100,2,100,nonlinear,Marginal-FR,Correlation,0.3664564445497098
50,100,2,100,nonlinear,Gaussian-FR,Marginal,7.636764588253465
50,100,2,100,nonlinear,Gaussian-FR,Correlation,0.025973404897627148
51,100,2,100,nonlinear,NPT-FR,Marginal,5.689145091425157
51,100,2,100,nonlinear,NPT-FR,Correlation,0.005956464223526869
51,100,2,100,nonlinear,Marginal-FR,Marginal,5.689145091425157
51,100,2,100,nonlinear,Marginal-FR,Correlation,0.39434786936556426
51,100,2,100,nonlinear,Gaussian-FR,Marginal,7.095999793200743
51,100,2,100,nonlinear,Gaussian-FR,Correlation,0.018112902638278215
52,100,2,100,nonlinear,NPT-FR,Marginal,5.381114680317231
52,100,2,100,nonlinear,NPT-FR,Correlation,0.0046474634217883535
52,100,2,100,nonlinear,Marginal-FR,Marginal,5.381114680317231
52,100,2,100,nonlinear,Marginal-FR,Correlation,0.38559595329469476
52,100,2,100,nonlinear,Gaussian-FR,Marginal,6.75948238001346
52,100,2,100,nonlinear,Gaussian-FR,Correlation,0.015662485159989522
53,100,2,100,nonlinear,NPT-FR,Marginal,5.590005758626731
53,100,2,100,nonlinear,NPT-FR,Correlation,0.005645808400297503
53,100,2,100,nonlinear,Marginal-FR,Marginal,5.590005758626731
53,100,2,100,nonlinear,Marginal-FR,Correlation,0.37333925047594835
53,100,2,100,nonlinear,Gaussian-FR,Marginal,6.983373675817942
53,100,2,100,nonlinear,Gaussian-FR,Correlation,0.024399145461516378
54,100,2,100,nonlinear,NPT-FR,Marginal,6.08749748624146
54,100,2,100,nonlinear,NPT-FR,Correlation,0.005542812297278756
54,100,2,100,nonlinear,Marginal-FR,Marginal,6.08749748624146
54,100,2,100,nonlinear,Marginal-FR,Correlation,0.3827013160730239
54,100,2,100,nonlinear,Gaussian-FR,Marginal,7.725712932036643
54,100,2,100,nonlinear,Gaussian-FR,Correlation,0.018746426762183358
55,100,2,100,nonlinear,NPT-FR,Marginal,6.106701325995587
55,100,2,100,nonlinear,NPT-FR,Correlation,0.004534524201063853
55,100,2,100,nonlinear,Marginal-FR,Marginal,6.106701325995587
55,100,2,100,nonlinear,Marginal-FR,Correlation,0.37463588544507986
55,100,2,100,nonlinear,Gaussian-FR,Marginal,7.5808896566731105
55,100,2,100,nonlinear,Gaussian-FR,Correlation,0.022475853449012567
56,100,2,100,nonlinear,NPT-FR,Marginal,5.384445198055264
56,100,2,100,nonlinear,NPT-FR,Correlation,0.005669966717063695
56,100,2,100,nonlinear,Marginal-FR,Marginal,5.384445198055264
56,100,2,100,nonlinear,Marginal-FR,Correlation,0.3985745011677725
56,100,2,100,nonlinear,Gaussian-FR,Marginal,6.724636043372117
56,100,2,100,nonlinear,Gaussian-FR,Correlation,0.02657879974014346
57,100,2,100,nonlinear,NPT-FR,Marginal,5.536266608501559
57,100,2,100,nonlinear,NPT-FR,Correlation,0.0039732703407247836
57,100,2,100,nonlinear,Marginal-FR,Marginal,5.536266608501559
57,100,2,100,nonlinear,Marginal-FR,Correlation,0.3845481338318006
57,100,2,100,nonlinear,Gaussian-FR,Marginal,6.85156611836237
57,100,2,100,nonlinear,Gaussian-FR,Correlation,0.01987329375160948
58,100,2,100,nonlinear,NPT-FR,Marginal,5.762304897648086
58,100,2,100,nonlinear,NPT-FR,Correlation,0.0049464745131806345
58,100,2,100,nonlinear,Marginal-FR,Marginal,5.762304897648086
58,100,2,100,nonlinear,Marginal-FR,Correlation,0.38551914186105735
58,100,2,100,nonlinear,Gaussian-FR,Marginal,7.101399943344504
58,100,2,100,nonlinear,Gaussian-FR,Correlation,0.019971039542897192
59,100,2,100,nonlinear,NPT-FR,Marginal,5.160772015106097
59,100,2,100,nonlinear,NPT-FR,Correlation,0.005045309663330151
59,100,2,100,nonlinear,Marginal-FR,Marginal,5.160772015106097
59,100,2,100,nonlinear,Marginal-FR,Correlation,0.385729866722807
59,100,2,100,nonlinear,Gaussian-FR,Marginal,6.520407643777737
59,100,2,100,nonlinear,Gaussian-FR,Correlation,0.020545907791211963
60,100,2,100,nonlinear,NPT-FR,Marginal,5.81933840978612
60,100,2,100,nonlinear,NPT-FR,Correlation,0.0060992159991115095
60,100,2,100,nonlinear,Marginal-FR,Marginal,5.81933840978612
60,100,2,100,nonlinear,Marginal-FR,Correlation,0.3697927681163652
60,100,2,100,nonlinear,Gaussian-FR,Marginal,7.484306437432675
60,100,2,100,nonlinear,Gaussian-FR,Correlation,0.02421672904592839
61,100,2,100,nonlinear,NPT-FR,Marginal,6.2434229274054704
61,100,2,100,nonlinear,NPT-FR,Correlation,0.00637500290005622
61,100,2,100,nonlinear,Marginal-FR,Marginal,6.2434229274054704
61,100,2,100,nonlinear,Marginal-FR,Correlation,0.3669920656227898
61,100,2,100,nonlinear,Gaussian-FR,Marginal,7.718950781044876
61,100,2,100,nonlinear,Gaussian-FR,Correlation,0.019459872595333917
62,100,2,100,nonlinear,NPT-FR,Marginal,5.895666999079642
62,100,2,100,nonlinear,NPT-FR,Correlation,0.005351662445060132
62,100,2,100,nonlinear,Marginal-FR,Marginal,5.895666999079642
62,100,2,100,nonlinear,Marginal-FR,Correlation,0.3561419528363368
62,100,2,100,nonlinear,Gaussian-FR,Marginal,7.253732095577737
62,100,2,100,nonlinear,Gaussian-FR,Correlation,0.01983684656399412
63,100,2,100,nonlinear,NPT-FR,Marginal,5.600653292257692
63,100,2,100,nonlinear,NPT-FR,Correlation,0.0042552010376991035
63,100,2,100,nonlinear,Marginal-FR,Marginal,5.600653292257692
63,100,2,100,nonlinear,Marginal-FR,Correlation,0.36162316988750126
63,100,2,100,nonlinear,Gaussian-FR,Marginal,7.191001673649156
63,100,2,100,nonlinear,Gaussian-FR,Correlation,0.018720988146004206
64,100,2,100,nonlinear,NPT-FR,Marginal,6.117442782922721
64,100,2,100,nonlinear,NPT-FR,Correlation,0.006004342876005654
64,100,2,100,nonlinear,Marginal-FR,Marginal,6.117442782922721
64,100,2,100,nonlinear,Marginal-FR,Correlation,0.36845369704708586
64,100,2,100,nonlinear,Gaussian-FR,Marginal,7.542100487503568
64,100,2,100,nonlinear,Gaussian-FR,Correlation,0.025436340796876688
65,100,2,100,nonlinear,NPT-FR,Marginal,5.512910763132322
65,100,2,100,nonlinear,NPT-FR,Correlation,0.004894289762300857
65,100,2,100,nonlinear,Marginal-FR,Marginal,5.512910763132322
65,100,2,100,nonlinear,Marginal-FR,Correlation,0.37418053179532107
65,100,2,100,nonlinear,Gaussian-FR,Marginal,6.858182258403959
65,100,2,100,nonlinear,Gaussian-FR,Correlation,0.024350334845672693
66,100,2,100,nonlinear,NPT-FR,Marginal,5.692466861004691
66,100,2,100,nonlinear,NPT-FR,Correlation,0.004827853003091029
66,100,2,100,nonlinear,Marginal-FR,Marginal,5.692466861004691
66,100,2,100,nonlinear,Marginal-FR,Correlation,0.35765523288685586
66,100,2,100,nonlinear,Gaussian-FR,Marginal,7.032372345222783
66,100,2,100,nonlinear,Gaussian-FR,Correlation,0.0203883772442415
67,100,2,100,nonlinear,NPT-FR,Marginal,6.037474192186314
67,100,2,100,nonlinear,NPT-FR,Correlation,0.006822213273148065
67,100,2,100,nonlinear,Marginal-FR,Marginal,6.037474192186314
67,100,2,100,nonlinear,Marginal-FR,Correlation,0.39587541094293727
67,100,2,100,nonlinear,Gaussian-FR,Marginal,7.483834110271499
67,100,2,100,nonlinear,Gaussian-FR,Correlation,0.02393352443551717
68,100,2,100,nonlinear,NPT-FR,Marginal,6.049543016589043
68,100,2,100,nonlinear,NPT-FR,Correlation,0.005845627303065113
68,100,2,100,nonlinear,Marginal-FR,Marginal,6.049543016589043
68,100,2,100,nonlinear,Marginal-FR,Correlation,0.3849091561764892
68,100,2,100,nonlinear,Gaussian-FR,Marginal,7.576356169148036
68,100,2,100,nonlinear,Gaussian-FR,Correlation,0.018766952917527904
69,100,2,100,nonlinear,NPT-FR,Marginal,5.328361158240358
69,100,2,100,nonlinear,NPT-FR,Correlation,0.0055771919481848045
69,100,2,100,nonlinear,Marginal-FR,Marginal,5.328361158240358
69,100,2,100,nonlinear,Marginal-FR,Correlation,0.3652641665257735
69,100,2,100,nonlinear,Gaussian-FR,Marginal,6.6992328104392564
69,100,2,100,nonlinear,Gaussian-FR,Correlation,0.029258417706540404
70,100,2,100,nonlinear,NPT-FR,Marginal,6.018775331456561
70,100,2,100,nonlinear,NPT-FR,Correlation,0.005288650452693758
70,100,2,100,nonlinear,Marginal-FR,Marginal,6.018775331456561
70,100,2,100,nonlinear,Marginal-FR,Correlation,0.37676965237545934
70,100,2,100,nonlinear,Gaussian-FR,Marginal,7.3241075601559515
70,100,2,100,nonlinear,Gaussian-FR,Correlation,0.02061492628584292
71,100,2,100,nonlinear,NPT-FR,Marginal,5.834703855653512
71,100,2,100,nonlinear,NPT-FR,Correlation,0.00569716127510488
71,100,2,100,nonlinear,Marginal-FR,Marginal,5.834703855653512
71,100,2,100,nonlinear,Marginal-FR,Correlation,0.37368578953957066
71,100,2,100,nonlinear,Gaussian-FR,Marginal,7.442488189700798
71,100,2,100,nonlinear,Gaussian-FR,Correlation,0.022918268621871837
72,100,2,100,nonlinear,NPT-FR,Marginal,5.949548889735085
72,100,2,100,nonlinear,NPT-FR,Correlation,0.005302270112629369
72,100,2,100,nonlinear,Marginal-FR,Marginal,5.949548889735085
72,100,2,100,nonlinear,Marginal-FR,Correlation,0.3787809998309907
72,100,2,100,nonlinear,Gaussian-FR,Marginal,7.340125197094736
72,100,2,100,nonlinear,Gaussian-FR,Correlation,0.01935895648928097
73,100,2,100,nonlinear,NPT-FR,Marginal,6.407628641374028
73,100,2,100,nonlinear,NPT-FR,Correlation,0.006342474987177263
73,100,2,100,nonlinear,Marginal-FR,Marginal,6.407628641374028
73,100,2,100,nonlinear,Marginal-FR,Correlation,0.4143430562393766
73,100,2,100,nonlinear,Gaussian-FR,Marginal,7.656503743062743
73,100,2,100,nonlinear,Gaussian-FR,Correlation,0.028451340962566657
74,100,2,100,nonlinear,NPT-FR,Marginal,6.1925102406727675
74,100,2,100,nonlinear,NPT-FR,Correlation,0.004981889364458342
74,100,2,100,nonlinear,Marginal-FR,Marginal,6.1925102406727675
74,100,2,100,nonlinear,Marginal-FR,Correlation,0.3699403801217586
74,100,2,100,nonlinear,Gaussian-FR,Marginal,7.618402815095399
74,100,2,100,nonlinear,Gaussian-FR,Correlation,0.017203408150678532
75,100,2,100,nonlinear,NPT-FR,Marginal,5.498413818151674
75,100,2,100,nonlinear,NPT-FR,Correlation,0.005621016968083861
75,100,2,100,nonlinear,Marginal-FR,Marginal,5.498413818151674
75,100,2,100,nonlinear,Marginal-FR,Correlation,0.38939708489644087
75,100,2,100,nonlinear,Gaussian-FR,Marginal,6.85869426670004
75,100,2,100,nonlinear,Gaussian-FR,Correlation,0.02509659543335382
76,100,2,100,nonlinear,NPT-FR,Marginal,6.48402829761061
76,100,2,100,nonlinear,NPT-FR,Correlation,0.0036997482566557874
76,100,2,100,nonlinear,Marginal-FR,Marginal,6.48402829761061
76,100,2,100,nonlinear,Marginal-FR,Correlation,0.36285216329467634
76,100,2,100,nonlinear,Gaussian-FR,Marginal,7.944679693717859
76,100,2,100,nonlinear,Gaussian-FR,Correlation,0.014954915078514201
77,100,2,100,nonlinear,NPT-FR,Marginal,5.89706423023352
77,100,2,100,nonlinear,NPT-FR,Correlation,0.0051230562848101555
77,100,2,100,nonlinear,Marginal-FR,Marginal,5.89706423023352
77,100,2,100,nonlinear,Marginal-FR,Correlation,0.36656576931497575
77,100,2,100,nonlinear,Gaussian-FR,Marginal,7.362594435829068
77,100,2,100,nonlinear,Gaussian-FR,Correlation,0.024411542958842247
78,100,2,100,nonlinear,NPT-FR,Marginal,6.387940587604589
78,100,2,100,nonlinear,NPT-FR,Correlation,0.00614290903285261
78,100,2,100,nonlinear,Marginal-FR,Marginal,6.387940587604589
78,100,2,100,nonlinear,Marginal-FR,Correlation,0.36099610306431346
78,100,2,100,nonlinear,Gaussian-FR,Marginal,7.785956527266073
78,100,2,100,nonlinear,Gaussian-FR,Correlation,0.02203764709428902
79,100,2,100,nonlinear,NPT-FR,Marginal,5.895657604568084
79,100,2,100,nonlinear,NPT-FR,Correlation,0.006274388094986259
79,100,2,100,nonlinear,Marginal-FR,Marginal,5.895657604568084
79,100,2,100,nonlinear,Marginal-FR,Correlation,0.37074424035448944
79,100,2,100,nonlinear,Gaussian-FR,Marginal,7.283234291039131
79,100,2,100,nonlinear,Gaussian-FR,Correlation,0.023909631526470625
80,100,2,100,nonlinear,NPT-FR,Marginal,5.856447299315353
80,100,2,100,nonlinear,NPT-FR,Correlation,0.005798727077273585
80,100,2,100,nonlinear,Marginal-FR,Marginal,5.856447299315353
80,100,2,100,nonlinear,Marginal-FR,Correlation,0.38696401898472726
80,100,2,100,nonlinear,Gaussian-FR,Marginal,7.216532981129484
80,100,2,100,nonlinear,Gaussian-FR,Correlation,0.02770167635081593
81,100,2,100,nonlinear,NPT-FR,Marginal,6.025127626822179
81,100,2,100,nonlinear,NPT-FR,Correlation,0.004911280749659329
81,100,2,100,nonlinear,Marginal-FR,Marginal,6.025127626822179
81,100,2,100,nonlinear,Marginal-FR,Correlation,0.3677211265684816
81,100,2,100,nonlinear,Gaussian-FR,Marginal,7.386880284795812
81,100,2,100,nonlinear,Gaussian-FR,Correlation,0.025784499835737155
82,100,2,100,nonlinear,NPT-FR,Marginal,6.356935802258413
82,100,2,100,nonlinear,NPT-FR,Correlation,0.0054547354947526
82,100,2,100,nonlinear,Marginal-FR,Marginal,6.356935802258413
82,100,2,100,nonlinear,Marginal-FR,Correlation,0.3816011328658305
82,100,2,100,nonlinear,Gaussian-FR,Marginal,7.810542127431132
82,100,2,100,nonlinear,Gaussian-FR,Correlation,0.02402717490888529
83,100,2,100,nonlinear,NPT-FR,Marginal,5.466348629407031
83,100,2,100,nonlinear,NPT-FR,Correlation,0.005508086326411583
83,100,2,100,nonlinear,Marginal-FR,Marginal,5.466348629407031
83,100,2,100,nonlinear,Marginal-FR,Correlation,0.40526854614673236
83,100,2,100,nonlinear,Gaussian-FR,Marginal,6.983679043683519
83,100,2,100,nonlinear,Gaussian-FR,Correlation,0.016596178820386814
84,100,2,100,nonlinear,NPT-FR,Marginal,5.6101329523152454
84,100,2,100,nonlinear,NPT-FR,Correlation,0.0052729589828772
84,100,2,100,nonlinear,Marginal-FR,Marginal,5.6101329523152454
84,100,2,100,nonlinear,Marginal-FR,Correlation,0.37196647333586225
84,100,2,100,nonlinear,Gaussian-FR,Marginal,6.977304329866316
84,100,2,100,nonlinear,Gaussian-FR,Correlation,0.02396039428804262
85,100,2,100,nonlinear,NPT-FR,Marginal,6.451649884024068
85,100,2,100,nonlinear,NPT-FR,Correlation,0.004469806864048195
85,100,2,100,nonlinear,Marginal-FR,Marginal,6.451649884024068
85,100,2,100,nonlinear,Marginal-FR,Correlation,0.3933626226092642
85,100,2,100,nonlinear,Gaussian-FR,Marginal,7.784102958281969
85,100,2,100,nonlinear,Gaussian-FR,Correlation,0.01958078051515939
86,100,2,100,nonlinear,NPT-FR,Marginal,5.432305856190585
86,100,2,100,nonlinear,NPT-FR,Correlation,0.004905246464668673
86,100,2,100,nonlinear,Marginal-FR,Marginal,5.432305856190585
86,100,2,100,nonlinear,Marginal-FR,Correlation,0.3863570201815594
86,100,2,100,nonlinear,Gaussian-FR,Marginal,6.9401372507287915
86,100,2,100,nonlinear,Gaussian-FR,Correlation,0.022498472035707963
87,100,2,100,nonlinear,NPT-FR,Marginal,5.784403026194127
87,100,2,100,nonlinear,NPT-FR,Correlation,0.0049868308450805275
87,100,2,100,nonlinear,Marginal-FR,Marginal,5.784403026194127
87,100,2,100,nonlinear,Marginal-FR,Correlation,0.4004564653357349
87,100,2,100,nonlinear,Gaussian-FR,Marginal,7.143399039048225
87,100,2,100,nonlinear,Gaussian-FR,Correlation,0.024318732472276082
88,100,2,100,nonlinear,NPT-FR,Marginal,5.615994693994409
88,100,2,100,nonlinear,NPT-FR,Correlation,0.00537091537991202
88,100,2,100,nonlinear,Marginal-FR,Marginal,5.615994693994409
88,100,2,100,nonlinear,Marginal-FR,Correlation,0.40186855985605285
88,100,2,100,nonlinear,Gaussian-FR,Marginal,6.963529507789914
88,100,2,100,nonlinear,Gaussian-FR,Correlation,0.021709656351130712
89,100,2,100,nonlinear,NPT-FR,Marginal,5.43149832489696
89,100,2,100,nonlinear,NPT-FR,Correlation,0.00496741845723747
89,100,2,100,nonlinear,Marginal-FR,Marginal,5.43149832489696
89,100,2,100,nonlinear,Marginal-FR,Correlation,0.3837670723501963
89,100,2,100,nonlinear,Gaussian-FR,Marginal,6.998929331916674
89,100,2,100,nonlinear,Gaussian-FR,Correlation,0.016690453512258133
90,100,2,100,nonlinear,NPT-FR,Marginal,5.8301507955804315
90,100,2,100,nonlinear,NPT-FR,Correlation,0.00625631785417398
90,100,2,100,nonlinear,Marginal-FR,Marginal,5.8301507955804315
90,100,2,100,nonlinear,Marginal-FR,Correlation,0.3863606502517151
90,100,2,100,nonlinear,Gaussian-FR,Marginal,7.155573550527844
90,100,2,100,nonlinear,Gaussian-FR,Correlation,0.01900624556745912
91,100,2,100,nonlinear,NPT-FR,Marginal,6.094435779444952
91,100,2,100,nonlinear,NPT-FR,Correlation,0.005186933514173444
91,100,2,100,nonlinear,Marginal-FR,Marginal,6.094435779444952
91,100,2,100,nonlinear,Marginal-FR,Correlation,0.37196348839518184
91,100,2,100,nonlinear,Gaussian-FR,Marginal,7.563570075091075
91,100,2,100,nonlinear,Gaussian-FR,Correlation,0.01871002905379246
92,100,2,100,nonlinear,NPT-FR,Marginal,5.943713334630717
92,100,2,100,nonlinear,NPT-FR,Correlation,0.005269408203162519
92,100,2,100,nonlinear,Marginal-FR,Marginal,5.943713334630717
92,100,2,100,nonlinear,Marginal-FR,Correlation,0.3690799961859191
92,100,2,100,nonlinear,Gaussian-FR,Marginal,7.23420217359977
92,100,2,100,nonlinear,Gaussian-FR,Correlation,0.021889954134019073
93,100,2,100,nonlinear,NPT-FR,Marginal,6.205716949700745
93,100,2,100,nonlinear,NPT-FR,Correlation,0.005259381141758384
93,100,2,100,nonlinear,Marginal-FR,Marginal,6.205716949700745
93,100,2,100,nonlinear,Marginal-FR,Correlation,0.3866403643897909
93,100,2,100,nonlinear,Gaussian-FR,Marginal,7.7285448931385945
93,100,2,100,nonlinear,Gaussian-FR,Correlation,0.026722889030412204
94,100,2,100,nonlinear,NPT-FR,Marginal,6.205266214659563
94,100,2,100,nonlinear,NPT-FR,Correlation,0.0059798748486020945
94,100,2,100,nonlinear,Marginal-FR,Marginal,6.205266214659563
94,100,2,100,nonlinear,Marginal-FR,Correlation,0.3699358534557863
94,100,2,100,nonlinear,Gaussian-FR,Marginal,7.474796067347291
94,100,2,100,nonlinear,Gaussian-FR,Correlation,0.020662644519386614
95,100,2,100,nonlinear,NPT-FR,Marginal,5.736074734045019
95,100,2,100,nonlinear,NPT-FR,Correlation,0.005933475634474447
95,100,2,100,nonlinear,Marginal-FR,Marginal,5.736074734045019
95,100,2,100,nonlinear,Marginal-FR,Correlation,0.37742334025672486
95,100,2,100,nonlinear,Gaussian-FR,Marginal,7.180507658878582
95,100,2,100,nonlinear,Gaussian-FR,Correlation,0.020659555784477805
96,100,2,100,nonlinear,NPT-FR,Marginal,6.000755850011336
96,100,2,100,nonlinear,NPT-FR,Correlation,0.004926495591198937
96,100,2,100,nonlinear,Marginal-FR,Marginal,6.000755850011336
96,100,2,100,nonlinear,Marginal-FR,Correlation,0.3912078386354611
96,100,2,100,nonlinear,Gaussian-FR,Marginal,7.212838404097683
96,100,2,100,nonlinear,Gaussian-FR,Correlation,0.02624429583546738
97,100,2,100,nonlinear,NPT-FR,Marginal,5.6453453370292195
97,100,2,100,nonlinear,NPT-FR,Correlation,0.006378789935831347
97,100,2,100,nonlinear,Marginal-FR,Marginal,5.6453453370292195
97,100,2,100,nonlinear,Marginal-FR,Correlation,0.3961647970547664
97,100,2,100,nonlinear,Gaussian-FR,Marginal,7.048523684736857
97,100,2,100,nonlinear,Gaussian-FR,Correlation,0.018738783796807344
98,100,2,100,nonlinear,NPT-FR,Marginal,6.034931852731289
98,100,2,100,nonlinear,NPT-FR,Correlation,0.00538793409360285
98,100,2,100,nonlinear,Marginal-FR,Marginal,6.034931852731289
98,100,2,100,nonlinear,Marginal-FR,Correlation,0.363211519528936
98,100,2,100,nonlinear,Gaussian-FR,Marginal,7.460324274499104
98,100,2,100,nonlinear,Gaussian-FR,Correlation,0.017718315784735737
99,100,2,100,nonlinear,NPT-FR,Marginal,5.297427684565378
99,100,2,100,nonlinear,NPT-FR,Correlation,0.004350363371339111
99,100,2,100,nonlinear,Marginal-FR,Marginal,5.297427684565378
99,100,2,100,nonlinear,Marginal-FR,Correlation,0.381932792747786
99,100,2,100,nonlinear,Gaussian-FR,Marginal,6.747845391402954
99,100,2,100,nonlinear,Gaussian-FR,Correlation,0.019405479303689643
0,100,2,1000,linear,NPT-FR,Marginal,5.429045163369263
0,100,2,1000,linear,NPT-FR,Correlation,0.005137531632522682
0,100,2,1000,linear,Marginal-FR,Marginal,5.429045163369263
0,100,2,1000,linear,Marginal-FR,Correlation,0.019871138954495715
0,100,2,1000,linear,Gaussian-FR,Marginal,6.90865202816442
0,100,2,1000,linear,Gaussian-FR,Correlation,0.005448562468330706
1,100,2,1000,linear,NPT-FR,Marginal,5.719340533240268
1,100,2,1000,linear,NPT-FR,Correlation,0.005662382340053525
1,100,2,1000,linear,Marginal-FR,Marginal,5.719340533240268
1,100,2,1000,linear,Marginal-FR,Correlation,0.02041174906450455
1,100,2,1000,linear,Gaussian-FR,Marginal,7.111100534747653
1,100,2,1000,linear,Gaussian-FR,Correlation,0.005679209950210858
2,100,2,1000,linear,NPT-FR,Marginal,5.322237116742627
2,100,2,1000,linear,NPT-FR,Correlation,0.005364693266021185
2,100,2,1000,linear,Marginal-FR,Marginal,5.322237116742627
2,100,2,1000,linear,Marginal-FR,Correlation,0.021037737070980774
2,100,2,1000,linear,Gaussian-FR,Marginal,6.660335872431705
2,100,2,1000,linear,Gaussian-FR,Correlation,0.005647574496839341
3,100,2,1000,linear,NPT-FR,Marginal,5.7017649008353715
3,100,2,1000,linear,NPT-FR,Correlation,0.0054420243491429526
3,100,2,1000,linear,Marginal-FR,Marginal,5.7017649008353715
3,100,2,1000,linear,Marginal-FR,Correlation,0.02146704329663375
3,100,2,1000,linear,Gaussian-FR,Marginal,7.074396744379234
3,100,2,1000,linear,Gaussian-FR,Correlation,0.0054194771682872555
4,100,2,1000,linear,NPT-FR,Marginal,6.016927118624168
4,100,2,1000,linear,NPT-FR,Correlation,0.005445899800670222
4,100,2,1000,linear,Marginal-FR,Marginal,6.016927118624168
4,100,2,1000,linear,Marginal-FR,Correlation,0.019032696388622775
4,100,2,1000,linear,Gaussian-FR,Marginal,7.552036177892536
4,100,2,1000,linear,Gaussian-FR,Correlation,0.005365095411993284
5,100,2,1000,linear,NPT-FR,Marginal,5.773985593681083
5,100,2,1000,linear,NPT-FR,Correlation,0.005248778927645895
5,100,2,1000,linear,Marginal-FR,Marginal,5.773985593681083
5,100,2,1000,linear,Marginal-FR,Correlation,0.02090930401067168
5,100,2,1000,linear,Gaussian-FR,Marginal,7.182848564307472
5,100,2,1000,linear,Gaussian-FR,Correlation,0.005596359577896655
6,100,2,1000,linear,NPT-FR,Marginal,5.674727950101557
6,100,2,1000,linear,NPT-FR,Correlation,0.0053029698009408556
6,100,2,1000,linear,Marginal-FR,Marginal,5.674727950101557
6,100,2,1000,linear,Marginal-FR,Correlation,0.019533326537436887
6,100,2,1000,linear,Gaussian-FR,Marginal,7.095602434238334
6,100,2,1000,linear,Gaussian-FR,Correlation,0.0055833565416740704
7,100,2,1000,linear,NPT-FR,Marginal,5.963256089312541
7,100,2,1000,linear,NPT-FR,Correlation,0.005171454928602776
7,100,2,1000,linear,Marginal-FR,Marginal,5.963256089312541
7,100,2,1000,linear,Marginal-FR,Correlation,0.01834088825884956
7,100,2,1000,linear,Gaussian-FR,Marginal,7.179554348582995
7,100,2,1000,linear,Gaussian-FR,Correlation,0.005363698854896285
8,100,2,1000,linear,NPT-FR,Marginal,5.231874786384111
8,100,2,1000,linear,NPT-FR,Correlation,0.005232008201978935
8,100,2,1000,linear,Marginal-FR,Marginal,5.231874786384111
8,100,2,1000,linear,Marginal-FR,Correlation,0.021811322494875482
8,100,2,1000,linear,Gaussian-FR,Marginal,6.669671223489804
8,100,2,1000,linear,Gaussian-FR,Correlation,0.005438843805452745
9,100,2,1000,linear,NPT-FR,Marginal,5.6127673915293235
9,100,2,1000,linear,NPT-FR,Correlation,0.0050341992839149086
9,100,2,1000,linear,Marginal-FR,Marginal,5.6127673915293235
9,100,2,1000,linear,Marginal-FR,Correlation,0.020354369728660473
9,100,2,1000,linear,Gaussian-FR,Marginal,7.049590345307825
9,100,2,1000,linear,Gaussian-FR,Correlation,0.0051764233546537355
10,100,2,1000,linear,NPT-FR,Marginal,5.587417199190295
10,100,2,1000,linear,NPT-FR,Correlation,0.005167329959391302
10,100,2,1000,linear,Marginal-FR,Marginal,5.587417199190295
10,100,2,1000,linear,Marginal-FR,Correlation,0.020394738248264942
10,100,2,1000,linear,Gaussian-FR,Marginal,6.958234476356521
10,100,2,1000,linear,Gaussian-FR,Correlation,0.005710336777707707
11,100,2,1000,linear,NPT-FR,Marginal,5.83711168706457
11,100,2,1000,linear,NPT-FR,Correlation,0.004905454231203627
11,100,2,1000,linear,Marginal-FR,Marginal,5.83711168706457
11,100,2,1000,linear,Marginal-FR,Correlation,0.02013004159035989
11,100,2,1000,linear,Gaussian-FR,Marginal,7.105296842450265
11,100,2,1000,linear,Gaussian-FR,Correlation,0.005245624656609547
12,100,2,1000,linear,NPT-FR,Marginal,6.072665628537441
12,100,2,1000,linear,NPT-FR,Correlation,0.005422946873328487
12,100,2,1000,linear,Marginal-FR,Marginal,6.072665628537441
12,100,2,1000,linear,Marginal-FR,Correlation,0.019492286428768765
12,100,2,1000,linear,Gaussian-FR,Marginal,7.465829103314487
12,100,2,1000,linear,Gaussian-FR,Correlation,0.005540781767228234
13,100,2,1000,linear,NPT-FR,Marginal,6.30931164132124
13,100,2,1000,linear,NPT-FR,Correlation,0.005879252727894204
13,100,2,1000,linear,Marginal-FR,Marginal,6.30931164132124
13,100,2,1000,linear,Marginal-FR,Correlation,0.01931165407582545
13,100,2,1000,linear,Gaussian-FR,Marginal,7.802557912728119
13,100,2,1000,linear,Gaussian-FR,Correlation,0.005679772223911041
14,100,2,1000,linear,NPT-FR,Marginal,5.4982209611092685
14,100,2,1000,linear,NPT-FR,Correlation,0.005135015125598661
14,100,2,1000,linear,Marginal-FR,Marginal,5.4982209611092685
14,100,2,1000,linear,Marginal-FR,Correlation,0.0212576701566939
14,100,2,1000,linear,Gaussian-FR,Marginal,6.90317437741726
14,100,2,1000,linear,Gaussian-FR,Correlation,0.00547523377364392
15,100,2,1000,linear,NPT-FR,Marginal,6.034899691036201
15,100,2,1000,linear,NPT-FR,Correlation,0.0060622597608232095
15,100,2,1000,linear,Marginal-FR,Marginal,6.034899691036201
15,100,2,1000,linear,Marginal-FR,Correlation,0.018837239795964165
15,100,2,1000,linear,Gaussian-FR,Marginal,7.500359899437912
15,100,2,1000,linear,Gaussian-FR,Correlation,0.005998041871984957
16,100,2,1000,linear,NPT-FR,Marginal,6.29047200925597
16,100,2,1000,linear,NPT-FR,Correlation,0.004734340807129757
16,100,2,1000,linear,Marginal-FR,Marginal,6.29047200925597
16,100,2,1000,linear,Marginal-FR,Correlation,0.02107026899630807
16,100,2,1000,linear,Gaussian-FR,Marginal,7.5975807851466675
16,100,2,1000,linear,Gaussian-FR,Correlation,0.00506724309605724
17,100,2,1000,linear,NPT-FR,Marginal,5.773552449023734
17,100,2,1000,linear,NPT-FR,Correlation,0.004794409917132354
17,100,2,1000,linear,Marginal-FR,Marginal,5.773552449023734
17,100,2,1000,linear,Marginal-FR,Correlation,0.019585309066089768
17,100,2,1000,linear,Gaussian-FR,Marginal,7.215211328194886
17,100,2,1000,linear,Gaussian-FR,Correlation,0.004966991536620777
18,100,2,1000,linear,NPT-FR,Marginal,5.755653766447152
18,100,2,1000,linear,NPT-FR,Correlation,0.00578212574874798
18,100,2,1000,linear,Marginal-FR,Marginal,5.755653766447152
18,100,2,1000,linear,Marginal-FR,Correlation,0.019769516281521328
18,100,2,1000,linear,Gaussian-FR,Marginal,7.0953631410300435
18,100,2,1000,linear,Gaussian-FR,Correlation,0.0055216758546000125
19,100,2,1000,linear,NPT-FR,Marginal,5.766713631322704
19,100,2,1000,linear,NPT-FR,Correlation,0.004637685373676116
19,100,2,1000,linear,Marginal-FR,Marginal,5.766713631322704
19,100,2,1000,linear,Marginal-FR,Correlation,0.02097268850209185
19,100,2,1000,linear,Gaussian-FR,Marginal,7.0911067121867575
19,100,2,1000,linear,Gaussian-FR,Correlation,0.005028177789019341
20,100,2,1000,linear,NPT-FR,Marginal,5.2940522129386505
20,100,2,1000,linear,NPT-FR,Correlation,0.005092576766484086
20,100,2,1000,linear,Marginal-FR,Marginal,5.2940522129386505
20,100,2,1000,linear,Marginal-FR,Correlation,0.01985100432535503
20,100,2,1000,linear,Gaussian-FR,Marginal,6.594332756762531
20,100,2,1000,linear,Gaussian-FR,Correlation,0.005561382276778174
21,100,2,1000,linear,NPT-FR,Marginal,6.353829299732181
21,100,2,1000,linear,NPT-FR,Correlation,0.005353199909264322
21,100,2,1000,linear,Marginal-FR,Marginal,6.353829299732181
21,100,2,1000,linear,Marginal-FR,Correlation,0.020816919242052014
21,100,2,1000,linear,Gaussian-FR,Marginal,7.721493793376736
21,100,2,1000,linear,Gaussian-FR,Correlation,0.006082854207230983
22,100,2,1000,linear,NPT-FR,Marginal,5.789974192908188
22,100,2,1000,linear,NPT-FR,Correlation,0.005888688710558631
22,100,2,1000,linear,Marginal-FR,Marginal,5.789974192908188
22,100,2,1000,linear,Marginal-FR,Correlation,0.022762117824285957
22,100,2,1000,linear,Gaussian-FR,Marginal,7.212262241415927
22,100,2,1000,linear,Gaussian-FR,Correlation,0.0062420262194232985
23,100,2,1000,linear,NPT-FR,Marginal,5.903984937244674
23,100,2,1000,linear,NPT-FR,Correlation,0.00526979804036984
23,100,2,1000,linear,Marginal-FR,Marginal,5.903984937244674
23,100,2,1000,linear,Marginal-FR,Correlation,0.0197876270179951
23,100,2,1000,linear,Gaussian-FR,Marginal,7.361002708003968
23,100,2,1000,linear,Gaussian-FR,Correlation,0.00567577767438684
24,100,2,1000,linear,NPT-FR,Marginal,5.455071721984897
24,100,2,1000,linear,NPT-FR,Correlation,0.005468913155132338
24,100,2,1000,linear,Marginal-FR,Marginal,5.455071721984897
24,100,2,1000,linear,Marginal-FR,Correlation,0.021766630172612163
24,100,2,1000,linear,Gaussian-FR,Marginal,6.976008231172189
24,100,2,1000,linear,Gaussian-FR,Correlation,0.0057732820887820314
25,100,2,1000,linear,NPT-FR,Marginal,5.143871331097308
25,100,2,1000,linear,NPT-FR,Correlation,0.005115608898433233
25,100,2,1000,linear,Marginal-FR,Marginal,5.143871331097308
25,100,2,1000,linear,Marginal-FR,Correlation,0.021760969980429284
25,100,2,1000,linear,Gaussian-FR,Marginal,6.509343058322814
25,100,2,1000,linear,Gaussian-FR,Correlation,0.0055649402662908
26,100,2,1000,linear,NPT-FR,Marginal,5.769473318788863
26,100,2,1000,linear,NPT-FR,Correlation,0.005324068919012387
26,100,2,1000,linear,Marginal-FR,Marginal,5.769473318788863
26,100,2,1000,linear,Marginal-FR,Correlation,0.01878169207411316
26,100,2,1000,linear,Gaussian-FR,Marginal,7.098661203384594
26,100,2,1000,linear,Gaussian-FR,Correlation,0.005393703643107231
27,100,2,1000,linear,NPT-FR,Marginal,5.488547894325411
27,100,2,1000,linear,NPT-FR,Correlation,0.005491405412344838
27,100,2,1000,linear,Marginal-FR,Marginal,5.488547894325411
27,100,2,1000,linear,Marginal-FR,Correlation,0.020733249351743394
27,100,2,1000,linear,Gaussian-FR,Marginal,6.957835684443962
27,100,2,1000,linear,Gaussian-FR,Correlation,0.005803443790319635
28,100,2,1000,linear,NPT-FR,Marginal,6.124637374460033
28,100,2,1000,linear,NPT-FR,Correlation,0.00527795085553877
28,100,2,1000,linear,Marginal-FR,Marginal,6.124637374460033
28,100,2,1000,linear,Marginal-FR,Correlation,0.02152667665694993
28,100,2,1000,linear,Gaussian-FR,Marginal,7.6196907009739085
28,100,2,1000,linear,Gaussian-FR,Correlation,0.005427460889462985
29,100,2,1000,linear,NPT-FR,Marginal,6.012805149287214
29,100,2,1000,linear,NPT-FR,Correlation,0.005799483093038179
29,100,2,1000,linear,Marginal-FR,Marginal,6.012805149287214
29,100,2,1000,linear,Marginal-FR,Correlation,0.021100107269218966
29,100,2,1000,linear,Gaussian-FR,Marginal,7.410825665613416
29,100,2,1000,linear,Gaussian-FR,Correlation,0.005928311921549798
30,100,2,1000,linear,NPT-FR,Marginal,6.003891613443856
30,100,2,1000,linear,NPT-FR,Correlation,0.005568081242165973
30,100,2,1000,linear,Marginal-FR,Marginal,6.003891613443856
30,100,2,1000,linear,Marginal-FR,Correlation,0.02082957723879949
30,100,2,1000,linear,Gaussian-FR,Marginal,7.441000181335445
30,100,2,1000,linear,Gaussian-FR,Correlation,0.0058704578187471195
31,100,2,1000,linear,NPT-FR,Marginal,5.925478428899208
31,100,2,1000,linear,NPT-FR,Correlation,0.005595898640368734
31,100,2,1000,linear,Marginal-FR,Marginal,5.925478428899208
31,100,2,1000,linear,Marginal-FR,Correlation,0.02162480574290177
31,100,2,1000,linear,Gaussian-FR,Marginal,7.462527211562909
31,100,2,1000,linear,Gaussian-FR,Correlation,0.005573446397811594
32,100,2,1000,linear,NPT-FR,Marginal,6.123399587811522
32,100,2,1000,linear,NPT-FR,Correlation,0.0052519887058689475
32,100,2,1000,linear,Marginal-FR,Marginal,6.123399587811522
32,100,2,1000,linear,Marginal-FR,Correlation,0.01898479110962611
32,100,2,1000,linear,Gaussian-FR,Marginal,7.416737237966625
32,100,2,1000,linear,Gaussian-FR,Correlation,0.005473992773078656
33,100,2,1000,linear,NPT-FR,Marginal,5.867032500979726
33,100,2,1000,linear,NPT-FR,Correlation,0.005545958090898159
33,100,2,1000,linear,Marginal-FR,Marginal,5.867032500979726
33,100,2,1000,linear,Marginal-FR,Correlation,0.022410529977777587
33,100,2,1000,linear,Gaussian-FR,Marginal,7.171911391210329
33,100,2,1000,linear,Gaussian-FR,Correlation,0.005812077623526793
34,100,2,1000,linear,NPT-FR,Marginal,6.3623627041766735
34,100,2,1000,linear,NPT-FR,Correlation,0.00536539093201347
34,100,2,1000,linear,Marginal-FR,Marginal,6.3623627041766735
34,100,2,1000,linear,Marginal-FR,Correlation,0.01938706659739748
34,100,2,1000,linear,Gaussian-FR,Marginal,7.90080070824951
34,100,2,1000,linear,Gaussian-FR,Correlation,0.005601097522378035
35,100,2,1000,linear,NPT-FR,Marginal,6.208700000451184
35,100,2,1000,linear,NPT-FR,Correlation,0.005276239249497672
35,100,2,1000,linear,Marginal-FR,Marginal,6.208700000451184
35,100,2,1000,linear,Marginal-FR,Correlation,0.019686196766410657
35,100,2,1000,linear,Gaussian-FR,Marginal,7.715343002614378
35,100,2,1000,linear,Gaussian-FR,Correlation,0.005543208726873925
36,100,2,1000,linear,NPT-FR,Marginal,6.0400978999045165
36,100,2,1000,linear,NPT-FR,Correlation,0.005087600499418453
36,100,2,1000,linear,Marginal-FR,Marginal,6.0400978999045165
36,100,2,1000,linear,Marginal-FR,Correlation,0.020742525291559958
36,100,2,1000,linear,Gaussian-FR,Marginal,7.537488936443911
36,100,2,1000,linear,Gaussian-FR,Correlation,0.005384753371230698
37,100,2,1000,linear,NPT-FR,Marginal,6.086728910543967
37,100,2,1000,linear,NPT-FR,Correlation,0.004979612703281411
37,100,2,1000,linear,Marginal-FR,Marginal,6.086728910543967
37,100,2,1000,linear,Marginal-FR,Correlation,0.020284043517621784
37,100,2,1000,linear,Gaussian-FR,Marginal,7.53001499555152
37,100,2,1000,linear,Gaussian-FR,Correlation,0.005112438121024303
38,100,2,1000,linear,NPT-FR,Marginal,5.7575823492827904
38,100,2,1000,linear,NPT-FR,Correlation,0.005371951563815714
38,100,2,1000,linear,Marginal-FR,Marginal,5.7575823492827904
38,100,2,1000,linear,Marginal-FR,Correlation,0.020872464017830536
38,100,2,1000,linear,Gaussian-FR,Marginal,7.108616089797437
38,100,2,1000,linear,Gaussian-FR,Correlation,0.005795827168141924
39,100,2,1000,linear,NPT-FR,Marginal,5.502577111042612
39,100,2,1000,linear,NPT-FR,Correlation,0.005509243423286719
39,100,2,1000,linear,Marginal-FR,Marginal,5.502577111042612
39,100,2,1000,linear,Marginal-FR,Correlation,0.018295863944434457
39,100,2,1000,linear,Gaussian-FR,Marginal,6.871004227546495
39,100,2,1000,linear,Gaussian-FR,Correlation,0.005892635426304144
40,100,2,1000,linear,NPT-FR,Marginal,5.5204752250968125
40,100,2,1000,linear,NPT-FR,Correlation,0.005379326850786127
40,100,2,1000,linear,Marginal-FR,Marginal,5.5204752250968125
40,100,2,1000,linear,Marginal-FR,Correlation,0.02094020096548629
40,100,2,1000,linear,Gaussian-FR,Marginal,6.817833956095297
40,100,2,1000,linear,Gaussian-FR,Correlation,0.005419218198266705
41,100,2,1000,linear,NPT-FR,Marginal,6.236878526081185
41,100,2,1000,linear,NPT-FR,Correlation,0.0050313000578154216
41,100,2,1000,linear,Marginal-FR,Marginal,6.236878526081185
41,100,2,1000,linear,Marginal-FR,Correlation,0.021339210430527927
41,100,2,1000,linear,Gaussian-FR,Marginal,7.677668893329434
41,100,2,1000,linear,Gaussian-FR,Correlation,0.005312133832252326
42,100,2,1000,linear,NPT-FR,Marginal,6.202303401357601
42,100,2,1000,linear,NPT-FR,Correlation,0.004873659111394981
42,100,2,1000,linear,Marginal-FR,Marginal,6.202303401357601
42,100,2,1000,linear,Marginal-FR,Correlation,0.019721535646213227
42,100,2,1000,linear,Gaussian-FR,Marginal,7.6984824379010774
42,100,2,1000,linear,Gaussian-FR,Correlation,0.005193880904421855
43,100,2,1000,linear,NPT-FR,Marginal,5.486006657562767
43,100,2,1000,linear,NPT-FR,Correlation,0.0058454929260760265
43,100,2,1000,linear,Marginal-FR,Marginal,5.486006657562767
43,100,2,1000,linear,Marginal-FR,Correlation,0.022015226312325012
43,100,2,1000,linear,Gaussian-FR,Marginal,6.8650395275211
43,100,2,1000,linear,Gaussian-FR,Correlation,0.006097010986331546
44,100,2,1000,linear,NPT-FR,Marginal,6.545877618578536
44,100,2,1000,linear,NPT-FR,Correlation,0.006032407101403133
44,100,2,1000,linear,Marginal-FR,Marginal,6.545877618578536
44,100,2,1000,linear,Marginal-FR,Correlation,0.02031343107077442
44,100,2,1000,linear,Gaussian-FR,Marginal,7.90313216085114
44,100,2,1000,linear,Gaussian-FR,Correlation,0.006212772164856711
45,100,2,1000,linear,NPT-FR,Marginal,6.162226919896787
45,100,2,1000,linear,NPT-FR,Correlation,0.005256994952617925
45,100,2,1000,linear,Marginal-FR,Marginal,6.162226919896787
45,100,2,1000,linear,Marginal-FR,Correlation,0.02099908897067858
45,100,2,1000,linear,Gaussian-FR,Marginal,7.392391763159569
45,100,2,1000,linear,Gaussian-FR,Correlation,0.00560086663651893
46,100,2,1000,linear,NPT-FR,Marginal,5.7396847746430995
46,100,2,1000,linear,NPT-FR,Correlation,0.005518212584443079
46,100,2,1000,linear,Marginal-FR,Marginal,5.7396847746430995
46,100,2,1000,linear,Marginal-FR,Correlation,0.02041704670349883
46,100,2,1000,linear,Gaussian-FR,Marginal,7.2138998949482875
46,100,2,1000,linear,Gaussian-FR,Correlation,0.005605013793674441
47,100,2,1000,linear,NPT-FR,Marginal,6.146338325437444
47,100,2,1000,linear,NPT-FR,Correlation,0.005860477462298821
47,100,2,1000,linear,Marginal-FR,Marginal,6.146338325437444
47,100,2,1000,linear,Marginal-FR,Correlation,0.0219079855168031
47,100,2,1000,linear,Gaussian-FR,Marginal,7.5689267502441755
47,100,2,1000,linear,Gaussian-FR,Correlation,0.006311171282594488
48,100,2,1000,linear,NPT-FR,Marginal,6.045747157308206
48,100,2,1000,linear,NPT-FR,Correlation,0.005432810239006002
48,100,2,1000,linear,Marginal-FR,Marginal,6.045747157308206
48,100,2,1000,linear,Marginal-FR,Correlation,0.021975150300506566
48,100,2,1000,linear,Gaussian-FR,Marginal,7.490742308566489
48,100,2,1000,linear,Gaussian-FR,Correlation,0.006010724123410423
49,100,2,1000,linear,NPT-FR,Marginal,5.496958182891482
49,100,2,1000,linear,NPT-FR,Correlation,0.005508455447478903
49,100,2,1000,linear,Marginal-FR,Marginal,5.496958182891482
49,100,2,1000,linear,Marginal-FR,Correlation,0.02257035800755012
49,100,2,1000,linear,Gaussian-FR,Marginal,6.9882194652920715
49,100,2,1000,linear,Gaussian-FR,Correlation,0.005810772934965495
50,100,2,1000,linear,NPT-FR,Marginal,6.056456898806042
50,100,2,1000,linear,NPT-FR,Correlation,0.005122371914216135
50,100,2,1000,linear,Marginal-FR,Marginal,6.056456898806042
50,100,2,1000,linear,Marginal-FR,Correlation,0.020042394003803195
50,100,2,1000,linear,Gaussian-FR,Marginal,7.589214153956391
50,100,2,1000,linear,Gaussian-FR,Correlation,0.005313570369976395
51,100,2,1000,linear,NPT-FR,Marginal,6.461286564859076
51,100,2,1000,linear,NPT-FR,Correlation,0.004968883640007797
51,100,2,1000,linear,Marginal-FR,Marginal,6.461286564859076
51,100,2,1000,linear,Marginal-FR,Correlation,0.019677624513264033
51,100,2,1000,linear,Gaussian-FR,Marginal,7.910782718458683
51,100,2,1000,linear,Gaussian-FR,Correlation,0.005092030747956387
52,100,2,1000,linear,NPT-FR,Marginal,5.945584787518998
52,100,2,1000,linear,NPT-FR,Correlation,0.0053161661514037825
52,100,2,1000,linear,Marginal-FR,Marginal,5.945584787518998
52,100,2,1000,linear,Marginal-FR,Correlation,0.02166034544506705
52,100,2,1000,linear,Gaussian-FR,Marginal,7.330939371943752
52,100,2,1000,linear,Gaussian-FR,Correlation,0.0057645298870787585
53,100,2,1000,linear,NPT-FR,Marginal,5.828115977249032
53,100,2,1000,linear,NPT-FR,Correlation,0.005716277580043419
53,100,2,1000,linear,Marginal-FR,Marginal,5.828115977249032
53,100,2,1000,linear,Marginal-FR,Correlation,0.019249122402643905
53,100,2,1000,linear,Gaussian-FR,Marginal,7.184037574503737
53,100,2,1000,linear,Gaussian-FR,Correlation,0.0059553717560392565
54,100,2,1000,linear,NPT-FR,Marginal,5.699840594923944
54,100,2,1000,linear,NPT-FR,Correlation,0.005681825464929089
54,100,2,1000,linear,Marginal-FR,Marginal,5.699840594923944
54,100,2,1000,linear,Marginal-FR,Correlation,0.019493295752825348
54,100,2,1000,linear,Gaussian-FR,Marginal,7.026140941155564
54,100,2,1000,linear,Gaussian-FR,Correlation,0.0057697640859311955
55,100,2,1000,linear,NPT-FR,Marginal,6.167737167420808
55,100,2,1000,linear,NPT-FR,Correlation,0.005362213016969582
55,100,2,1000,linear,Marginal-FR,Marginal,6.167737167420808
55,100,2,1000,linear,Marginal-FR,Correlation,0.020657202404650715
55,100,2,1000,linear,Gaussian-FR,Marginal,7.4812249818300565
55,100,2,1000,linear,Gaussian-FR,Correlation,0.006319970232513362
56,100,2,1000,linear,NPT-FR,Marginal,5.46693026378802
56,100,2,1000,linear,NPT-FR,Correlation,0.0045464251311510785
56,100,2,1000,linear,Marginal-FR,Marginal,5.46693026378802
56,100,2,1000,linear,Marginal-FR,Correlation,0.01948658889893896
56,100,2,1000,linear,Gaussian-FR,Marginal,6.806219874442714
56,100,2,1000,linear,Gaussian-FR,Correlation,0.004803084639018632
57,100,2,1000,linear,NPT-FR,Marginal,5.962925258958434
57,100,2,1000,linear,NPT-FR,Correlation,0.0054195209737690625
57,100,2,1000,linear,Marginal-FR,Marginal,5.962925258958434
57,100,2,1000,linear,Marginal-FR,Correlation,0.022375668642153797
57,100,2,1000,linear,Gaussian-FR,Marginal,7.329261515484918
57,100,2,1000,linear,Gaussian-FR,Correlation,0.00553858297167668
58,100,2,1000,linear,NPT-FR,Marginal,5.734436707378
58,100,2,1000,linear,NPT-FR,Correlation,0.005854816827993329
58,100,2,1000,linear,Marginal-FR,Marginal,5.734436707378
58,100,2,1000,linear,Marginal-FR,Correlation,0.01984754144989896
58,100,2,1000,linear,Gaussian-FR,Marginal,7.094503241538118
58,100,2,1000,linear,Gaussian-FR,Correlation,0.005820911820055245
59,100,2,1000,linear,NPT-FR,Marginal,5.381536601563943
59,100,2,1000,linear,NPT-FR,Correlation,0.005276420015481122
59,100,2,1000,linear,Marginal-FR,Marginal,5.381536601563943
59,100,2,1000,linear,Marginal-FR,Correlation,0.019671327297089466
59,100,2,1000,linear,Gaussian-FR,Marginal,6.767389912037302
59,100,2,1000,linear,Gaussian-FR,Correlation,0.005500468270751723
60,100,2,1000,linear,NPT-FR,Marginal,5.9730245094134204
60,100,2,1000,linear,NPT-FR,Correlation,0.005382883409012027
60,100,2,1000,linear,Marginal-FR,Marginal,5.9730245094134204
60,100,2,1000,linear,Marginal-FR,Correlation,0.019754462061256525
60,100,2,1000,linear,Gaussian-FR,Marginal,7.360506901352177
60,100,2,1000,linear,Gaussian-FR,Correlation,0.00578716502929917
61,100,2,1000,linear,NPT-FR,Marginal,5.509999293414078
61,100,2,1000,linear,NPT-FR,Correlation,0.005304843408624771
61,100,2,1000,linear,Marginal-FR,Marginal,5.509999293414078
61,100,2,1000,linear,Marginal-FR,Correlation,0.02172860304886003
61,100,2,1000,linear,Gaussian-FR,Marginal,6.91614170863353
61,100,2,1000,linear,Gaussian-FR,Correlation,0.005664829728196571
62,100,2,1000,linear,NPT-FR,Marginal,6.126440736414317
62,100,2,1000,linear,NPT-FR,Correlation,0.005395498721433232
62,100,2,1000,linear,Marginal-FR,Marginal,6.126440736414317
62,100,2,1000,linear,Marginal-FR,Correlation,0.021749741817469147
62,100,2,1000,linear,Gaussian-FR,Marginal,7.492311372921043
62,100,2,1000,linear,Gaussian-FR,Correlation,0.005922784139869476
63,100,2,1000,linear,NPT-FR,Marginal,5.721638946401612
63,100,2,1000,linear,NPT-FR,Correlation,0.005392447300520185
63,100,2,1000,linear,Marginal-FR,Marginal,5.721638946401612
63,100,2,1000,linear,Marginal-FR,Correlation,0.021566978604245807
63,100,2,1000,linear,Gaussian-FR,Marginal,7.015245602397953
63,100,2,1000,linear,Gaussian-FR,Correlation,0.005508212101627852
64,100,2,1000,linear,NPT-FR,Marginal,5.908709864948223
64,100,2,1000,linear,NPT-FR,Correlation,0.0052006534283104405
64,100,2,1000,linear,Marginal-FR,Marginal,5.908709864948223
64,100,2,1000,linear,Marginal-FR,Correlation,0.019669908431912048
64,100,2,1000,linear,Gaussian-FR,Marginal,7.379060472429574
64,100,2,1000,linear,Gaussian-FR,Correlation,0.005289324807263782
65,100,2,1000,linear,NPT-FR,Marginal,5.918346536817793
65,100,2,1000,linear,NPT-FR,Correlation,0.005669077621650602
65,100,2,1000,linear,Marginal-FR,Marginal,5.918346536817793
65,100,2,1000,linear,Marginal-FR,Correlation,0.021662382744480724
65,100,2,1000,linear,Gaussian-FR,Marginal,7.2460238448325525
65,100,2,1000,linear,Gaussian-FR,Correlation,0.005897952463697873
66,100,2,1000,linear,NPT-FR,Marginal,5.709262951163357
66,100,2,1000,linear,NPT-FR,Correlation,0.005556608838920456
66,100,2,1000,linear,Marginal-FR,Marginal,5.709262951163357
66,100,2,1000,linear,Marginal-FR,Correlation,0.020416580720401995
66,100,2,1000,linear,Gaussian-FR,Marginal,7.031311967272874
66,100,2,1000,linear,Gaussian-FR,Correlation,0.005742765559352312
67,100,2,1000,linear,NPT-FR,Marginal,5.224448763752047
67,100,2,1000,linear,NPT-FR,Correlation,0.0052455332370530995
67,100,2,1000,linear,Marginal-FR,Marginal,5.224448763752047
67,100,2,1000,linear,Marginal-FR,Correlation,0.023465343696701037
67,100,2,1000,linear,Gaussian-FR,Marginal,6.578911038143023
67,100,2,1000,linear,Gaussian-FR,Correlation,0.005867838536263906
68,100,2,1000,linear,NPT-FR,Marginal,5.828003759884242
68,100,2,1000,linear,NPT-FR,Correlation,0.005528825738096872
68,100,2,1000,linear,Marginal-FR,Marginal,5.828003759884242
68,100,2,1000,linear,Marginal-FR,Correlation,0.01950190229436767
68,100,2,1000,linear,Gaussian-FR,Marginal,7.175094625104278
68,100,2,1000,linear,Gaussian-FR,Correlation,0.0058814472161181144
69,100,2,1000,linear,NPT-FR,Marginal,5.712714786629592
69,100,2,1000,linear,NPT-FR,Correlation,0.005724674410742505
69,100,2,1000,linear,Marginal-FR,Marginal,5.712714786629592
69,100,2,1000,linear,Marginal-FR,Correlation,0.019268458476392122
69,100,2,1000,linear,Gaussian-FR,Marginal,7.099106704978272
69,100,2,1000,linear,Gaussian-FR,Correlation,0.006010182880860924
70,100,2,1000,linear,NPT-FR,Marginal,5.7470499004831375
70,100,2,1000,linear,NPT-FR,Correlation,0.0058023831091122266
70,100,2,1000,linear,Marginal-FR,Marginal,5.7470499004831375
70,100,2,1000,linear,Marginal-FR,Correlation,0.02069396660269675
70,100,2,1000,linear,Gaussian-FR,Marginal,7.160331126576304
70,100,2,1000,linear,Gaussian-FR,Correlation,0.006028422859694249
71,100,2,1000,linear,NPT-FR,Marginal,6.096109670180644
71,100,2,1000,linear,NPT-FR,Correlation,0.004761370262210541
71,100,2,1000,linear,Marginal-FR,Marginal,6.096109670180644
71,100,2,1000,linear,Marginal-FR,Correlation,0.020235317372135547
71,100,2,1000,linear,Gaussian-FR,Marginal,7.5174651758473825
71,100,2,1000,linear,Gaussian-FR,Correlation,0.005101345540364356
72,100,2,1000,linear,NPT-FR,Marginal,6.065415701069119
72,100,2,1000,linear,NPT-FR,Correlation,0.005294919420942017
72,100,2,1000,linear,Marginal-FR,Marginal,6.065415701069119
72,100,2,1000,linear,Marginal-FR,Correlation,0.020533680819566715
72,100,2,1000,linear,Gaussian-FR,Marginal,7.507167116587977
72,100,2,1000,linear,Gaussian-FR,Correlation,0.005668112594458994
73,100,2,1000,linear,NPT-FR,Marginal,5.40566587848506
73,100,2,1000,linear,NPT-FR,Correlation,0.005647851032997338
73,100,2,1000,linear,Marginal-FR,Marginal,5.40566587848506
73,100,2,1000,linear,Marginal-FR,Correlation,0.019176209934003402
73,100,2,1000,linear,Gaussian-FR,Marginal,6.735342325844396
73,100,2,1000,linear,Gaussian-FR,Correlation,0.005663111611710448
74,100,2,1000,linear,NPT-FR,Marginal,5.743408427646758
74,100,2,1000,linear,NPT-FR,Correlation,0.00525683270047881
74,100,2,1000,linear,Marginal-FR,Marginal,5.743408427646758
74,100,2,1000,linear,Marginal-FR,Correlation,0.020773707034645848
74,100,2,1000,linear,Gaussian-FR,Marginal,7.047336975446823
74,100,2,1000,linear,Gaussian-FR,Correlation,0.0054471476261902145
75,100,2,1000,linear,NPT-FR,Marginal,5.87012882058122
75,100,2,1000,linear,NPT-FR,Correlation,0.005305519109968175
75,100,2,1000,linear,Marginal-FR,Marginal,5.87012882058122
75,100,2,1000,linear,Marginal-FR,Correlation,0.019909750543200693
75,100,2,1000,linear,Gaussian-FR,Marginal,7.312977222816482
75,100,2,1000,linear,Gaussian-FR,Correlation,0.005683919426261608
76,100,2,1000,linear,NPT-FR,Marginal,5.501607379890368
76,100,2,1000,linear,NPT-FR,Correlation,0.005348547113073584
76,100,2,1000,linear,Marginal-FR,Marginal,5.501607379890368
76,100,2,1000,linear,Marginal-FR,Correlation,0.021352889297677684
76,100,2,1000,linear,Gaussian-FR,Marginal,6.883345830533425
76,100,2,1000,linear,Gaussian-FR,Correlation,0.005776237199663229
77,100,2,1000,linear,NPT-FR,Marginal,6.258695334797392
77,100,2,1000,linear,NPT-FR,Correlation,0.005845817336678146
77,100,2,1000,linear,Marginal-FR,Marginal,6.258695334797392
77,100,2,1000,linear,Marginal-FR,Correlation,0.020314001596987482
77,100,2,1000,linear,Gaussian-FR,Marginal,7.543600438690124
77,100,2,1000,linear,Gaussian-FR,Correlation,0.00615521490238851
78,100,2,1000,linear,NPT-FR,Marginal,5.142814506036636
78,100,2,1000,linear,NPT-FR,Correlation,0.005975060803124694
78,100,2,1000,linear,Marginal-FR,Marginal,5.142814506036636
78,100,2,1000,linear,Marginal-FR,Correlation,0.020571112535835368
78,100,2,1000,linear,Gaussian-FR,Marginal,6.4595362896047215
78,100,2,1000,linear,Gaussian-FR,Correlation,0.006314133313496637
79,100,2,1000,linear,NPT-FR,Marginal,6.304984319316418
79,100,2,1000,linear,NPT-FR,Correlation,0.006545080209518518
79,100,2,1000,linear,Marginal-FR,Marginal,6.304984319316418
79,100,2,1000,linear,Marginal-FR,Correlation,0.01840169208066901
79,100,2,1000,linear,Gaussian-FR,Marginal,7.65104929836741
79,100,2,1000,linear,Gaussian-FR,Correlation,0.006425386332226048
80,100,2,1000,linear,NPT-FR,Marginal,5.560347516032813
80,100,2,1000,linear,NPT-FR,Correlation,0.004843018613337568
80,100,2,1000,linear,Marginal-FR,Marginal,5.560347516032813
80,100,2,1000,linear,Marginal-FR,Correlation,0.019687647268039524
80,100,2,1000,linear,Gaussian-FR,Marginal,7.065299205943421
80,100,2,1000,linear,Gaussian-FR,Correlation,0.005007763285243742
81,100,2,1000,linear,NPT-FR,Marginal,5.666926600559636
81,100,2,1000,linear,NPT-FR,Correlation,0.005575071670507979
81,100,2,1000,linear,Marginal-FR,Marginal,5.666926600559636
81,100,2,1000,linear,Marginal-FR,Correlation,0.02162416280174289
81,100,2,1000,linear,Gaussian-FR,Marginal,7.035511281213031
81,100,2,1000,linear,Gaussian-FR,Correlation,0.0058583630119013776
82,100,2,1000,linear,NPT-FR,Marginal,5.257865471600999
82,100,2,1000,linear,NPT-FR,Correlation,0.005667494747528577
82,100,2,1000,linear,Marginal-FR,Marginal,5.257865471600999
82,100,2,1000,linear,Marginal-FR,Correlation,0.02102422289881169
82,100,2,1000,linear,Gaussian-FR,Marginal,6.781901067731917
82,100,2,1000,linear,Gaussian-FR,Correlation,0.006407557357280697
83,100,2,1000,linear,NPT-FR,Marginal,6.013027809605628
83,100,2,1000,linear,NPT-FR,Correlation,0.005173909096730248
83,100,2,1000,linear,Marginal-FR,Marginal,6.013027809605628
83,100,2,1000,linear,Marginal-FR,Correlation,0.02066326121391275
83,100,2,1000,linear,Gaussian-FR,Marginal,7.394694556338708
83,100,2,1000,linear,Gaussian-FR,Correlation,0.005140085544378255
84,100,2,1000,linear,NPT-FR,Marginal,5.894879704887128
84,100,2,1000,linear,NPT-FR,Correlation,0.00578754909129451
84,100,2,1000,linear,Marginal-FR,Marginal,5.894879704887128
84,100,2,1000,linear,Marginal-FR,Correlation,0.021425560093354244
84,100,2,1000,linear,Gaussian-FR,Marginal,7.204550141425742
84,100,2,1000,linear,Gaussian-FR,Correlation,0.006137705726036454
85,100,2,1000,linear,NPT-FR,Marginal,5.78357839166059
85,100,2,1000,linear,NPT-FR,Correlation,0.005039578703086539
85,100,2,1000,linear,Marginal-FR,Marginal,5.78357839166059
85,100,2,1000,linear,Marginal-FR,Correlation,0.01968115450915609
85,100,2,1000,linear,Gaussian-FR,Marginal,7.236623352192231
85,100,2,1000,linear,Gaussian-FR,Correlation,0.005274727561103807
86,100,2,1000,linear,NPT-FR,Marginal,6.224562746718927
86,100,2,1000,linear,NPT-FR,Correlation,0.004357756095805252
86,100,2,1000,linear,Marginal-FR,Marginal,6.224562746718927
86,100,2,1000,linear,Marginal-FR,Correlation,0.018410875805004223
86,100,2,1000,linear,Gaussian-FR,Marginal,7.57926711739569
86,100,2,1000,linear,Gaussian-FR,Correlation,0.004556063213843922
87,100,2,1000,linear,NPT-FR,Marginal,5.816717720504998
87,100,2,1000,linear,NPT-FR,Correlation,0.005694395624033516
87,100,2,1000,linear,Marginal-FR,Marginal,5.816717720504998
87,100,2,1000,linear,Marginal-FR,Correlation,0.021840099852140714
87,100,2,1000,linear,Gaussian-FR,Marginal,7.272786971619209
87,100,2,1000,linear,Gaussian-FR,Correlation,0.005937292437359694
88,100,2,1000,linear,NPT-FR,Marginal,5.632179038302142
88,100,2,1000,linear,NPT-FR,Correlation,0.005033659780153403
88,100,2,1000,linear,Marginal-FR,Marginal,5.632179038302142
88,100,2,1000,linear,Marginal-FR,Correlation,0.020434734180497655
88,100,2,1000,linear,Gaussian-FR,Marginal,7.135759547269089
88,100,2,1000,linear,Gaussian-FR,Correlation,0.0054005438013288755
89,100,2,1000,linear,NPT-FR,Marginal,5.898901574676825
89,100,2,1000,linear,NPT-FR,Correlation,0.005199295564045299
89,100,2,1000,linear,Marginal-FR,Marginal,5.898901574676825
89,100,2,1000,linear,Marginal-FR,Correlation,0.01952441638080339
89,100,2,1000,linear,Gaussian-FR,Marginal,7.317545278420404
89,100,2,1000,linear,Gaussian-FR,Correlation,0.005444851900713245
90,100,2,1000,linear,NPT-FR,Marginal,6.121796094092776
90,100,2,1000,linear,NPT-FR,Correlation,0.004751416950637045
90,100,2,1000,linear,Marginal-FR,Marginal,6.121796094092776
90,100,2,1000,linear,Marginal-FR,Correlation,0.019932335327345257
90,100,2,1000,linear,Gaussian-FR,Marginal,7.588949314863216
90,100,2,1000,linear,Gaussian-FR,Correlation,0.004903808308061488
91,100,2,1000,linear,NPT-FR,Marginal,5.723084612719042
91,100,2,1000,linear,NPT-FR,Correlation,0.006025123476173817
91,100,2,1000,linear,Marginal-FR,Marginal,5.723084612719042
91,100,2,1000,linear,Marginal-FR,Correlation,0.02152608358771632
91,100,2,1000,linear,Gaussian-FR,Marginal,7.143424501005983
91,100,2,1000,linear,Gaussian-FR,Correlation,0.006259595686250832
92,100,2,1000,linear,NPT-FR,Marginal,5.946010043585158
92,100,2,1000,linear,NPT-FR,Correlation,0.005949946921478462
92,100,2,1000,linear,Marginal-FR,Marginal,5.946010043585158
92,100,2,1000,linear,Marginal-FR,Correlation,0.021616103725948327
92,100,2,1000,linear,Gaussian-FR,Marginal,7.324099832730629
92,100,2,1000,linear,Gaussian-FR,Correlation,0.006071883750663104
93,100,2,1000,linear,NPT-FR,Marginal,5.708879935438641
93,100,2,1000,linear,NPT-FR,Correlation,0.005292618989363781
93,100,2,1000,linear,Marginal-FR,Marginal,5.708879935438641
93,100,2,1000,linear,Marginal-FR,Correlation,0.020883338294055004
93,100,2,1000,linear,Gaussian-FR,Marginal,7.07664645997847
93,100,2,1000,linear,Gaussian-FR,Correlation,0.005722424044410759
94,100,2,1000,linear,NPT-FR,Marginal,5.82865912266609
94,100,2,1000,linear,NPT-FR,Correlation,0.005309428199347317
94,100,2,1000,linear,Marginal-FR,Marginal,5.82865912266609
94,100,2,1000,linear,Marginal-FR,Correlation,0.019568854622108316
94,100,2,1000,linear,Gaussian-FR,Marginal,7.309279275007803
94,100,2,1000,linear,Gaussian-FR,Correlation,0.005420988816461199
95,100,2,1000,linear,NPT-FR,Marginal,6.024381507790091
95,100,2,1000,linear,NPT-FR,Correlation,0.005616451245373375
95,100,2,1000,linear,Marginal-FR,Marginal,6.024381507790091
95,100,2,1000,linear,Marginal-FR,Correlation,0.02000855347212896
95,100,2,1000,linear,Gaussian-FR,Marginal,7.415288560333925
95,100,2,1000,linear,Gaussian-FR,Correlation,0.005922253807867728
96,100,2,1000,linear,NPT-FR,Marginal,5.540432388985268
96,100,2,1000,linear,NPT-FR,Correlation,0.005533370523733811
96,100,2,1000,linear,Marginal-FR,Marginal,5.540432388985268
96,100,2,1000,linear,Marginal-FR,Correlation,0.022209618343664996
96,100,2,1000,linear,Gaussian-FR,Marginal,6.842604900068858
96,100,2,1000,linear,Gaussian-FR,Correlation,0.006689171211996996
97,100,2,1000,linear,NPT-FR,Marginal,6.134143026874301
97,100,2,1000,linear,NPT-FR,Correlation,0.00519541613956166
97,100,2,1000,linear,Marginal-FR,Marginal,6.134143026874301
97,100,2,1000,linear,Marginal-FR,Correlation,0.02071079240799839
97,100,2,1000,linear,Gaussian-FR,Marginal,7.5015679554147585
97,100,2,1000,linear,Gaussian-FR,Correlation,0.005398345517338878
98,100,2,1000,linear,NPT-FR,Marginal,6.155277635987707
98,100,2,1000,linear,NPT-FR,Correlation,0.005478486661625125
98,100,2,1000,linear,Marginal-FR,Marginal,6.155277635987707
98,100,2,1000,linear,Marginal-FR,Correlation,0.020039861452821345
98,100,2,1000,linear,Gaussian-FR,Marginal,7.528316520938567
98,100,2,1000,linear,Gaussian-FR,Correlation,0.006197433190814893
99,100,2,1000,linear,NPT-FR,Marginal,5.568049537951018
99,100,2,1000,linear,NPT-FR,Correlation,0.005728635486331179
99,100,2,1000,linear,Marginal-FR,Marginal,5.568049537951018
99,100,2,1000,linear,Marginal-FR,Correlation,0.02059599485116676
99,100,2,1000,linear,Gaussian-FR,Marginal,7.029529734737891
99,100,2,1000,linear,Gaussian-FR,Correlation,0.00625469911575324
0,100,2,1000,nonlinear,NPT-FR,Marginal,5.812133897954015
0,100,2,1000,nonlinear,NPT-FR,Correlation,0.00585000864343349
0,100,2,1000,nonlinear,Marginal-FR,Marginal,5.812133897954015
0,100,2,1000,nonlinear,Marginal-FR,Correlation,0.3844921817378014
0,100,2,1000,nonlinear,Gaussian-FR,Marginal,7.263614884288295
0,100,2,1000,nonlinear,Gaussian-FR,Correlation,0.02347564175768774
1,100,2,1000,nonlinear,NPT-FR,Marginal,6.187202421032488
1,100,2,1000,nonlinear,NPT-FR,Correlation,0.006197655599032254
1,100,2,1000,nonlinear,Marginal-FR,Marginal,6.187202421032488
1,100,2,1000,nonlinear,Marginal-FR,Correlation,0.38641434100266
1,100,2,1000,nonlinear,Gaussian-FR,Marginal,7.70946616995013
1,100,2,1000,nonlinear,Gaussian-FR,Correlation,0.025595973081363937
2,100,2,1000,nonlinear,NPT-FR,Marginal,5.490070683774424
2,100,2,1000,nonlinear,NPT-FR,Correlation,0.0059274112540339
2,100,2,1000,nonlinear,Marginal-FR,Marginal,5.490070683774424
2,100,2,1000,nonlinear,Marginal-FR,Correlation,0.3568825507630632
2,100,2,1000,nonlinear,Gaussian-FR,Marginal,7.049285691660293
2,100,2,1000,nonlinear,Gaussian-FR,Correlation,0.022511372751560163
3,100,2,1000,nonlinear,NPT-FR,Marginal,5.480898837532012
3,100,2,1000,nonlinear,NPT-FR,Correlation,0.004951324197957613
3,100,2,1000,nonlinear,Marginal-FR,Marginal,5.480898837532012
3,100,2,1000,nonlinear,Marginal-FR,Correlation,0.3717391892339317
3,100,2,1000,nonlinear,Gaussian-FR,Marginal,6.910291225061142
3,100,2,1000,nonlinear,Gaussian-FR,Correlation,0.029464212380404076
4,100,2,1000,nonlinear,NPT-FR,Marginal,5.37102021682545
4,100,2,1000,nonlinear,NPT-FR,Correlation,0.0048956666527980005
4,100,2,1000,nonlinear,Marginal-FR,Marginal,5.37102021682545
4,100,2,1000,nonlinear,Marginal-FR,Correlation,0.375061592306951
4,100,2,1000,nonlinear,Gaussian-FR,Marginal,6.750113480333484
4,100,2,1000,nonlinear,Gaussian-FR,Correlation,0.02341723035446434
5,100,2,1000,nonlinear,NPT-FR,Marginal,5.5294503093375305
5,100,2,1000,nonlinear,NPT-FR,Correlation,0.006716436183866946
5,100,2,1000,nonlinear,Marginal-FR,Marginal,5.5294503093375305
5,100,2,1000,nonlinear,Marginal-FR,Correlation,0.39087863338895806
5,100,2,1000,nonlinear,Gaussian-FR,Marginal,6.82947656154886
5,100,2,1000,nonlinear,Gaussian-FR,Correlation,0.03025827721494627
6,100,2,1000,nonlinear,NPT-FR,Marginal,5.758564140595064
6,100,2,1000,nonlinear,NPT-FR,Correlation,0.006046026459641187
6,100,2,1000,nonlinear,Marginal-FR,Marginal,5.758564140595064
6,100,2,1000,nonlinear,Marginal-FR,Correlation,0.3678114330325654
6,100,2,1000,nonlinear,Gaussian-FR,Marginal,7.407883580443526
6,100,2,1000,nonlinear,Gaussian-FR,Correlation,0.022872286915304133
7,100,2,1000,nonlinear,NPT-FR,Marginal,6.298129074776071
7,100,2,1000,nonlinear,NPT-FR,Correlation,0.0050187324552065
7,100,2,1000,nonlinear,Marginal-FR,Marginal,6.298129074776071
7,100,2,1000,nonlinear,Marginal-FR,Correlation,0.4040019722938081
7,100,2,1000,nonlinear,Gaussian-FR,Marginal,7.742750006875346
7,100,2,1000,nonlinear,Gaussian-FR,Correlation,0.021993939275381808
8,100,2,1000,nonlinear,NPT-FR,Marginal,5.8699211818102555
8,100,2,1000,nonlinear,NPT-FR,Correlation,0.005230899846464692
8,100,2,1000,nonlinear,Marginal-FR,Marginal,5.8699211818102555
8,100,2,1000,nonlinear,Marginal-FR,Correlation,0.369214715119552
8,100,2,1000,nonlinear,Gaussian-FR,Marginal,7.455416508296015
8,100,2,1000,nonlinear,Gaussian-FR,Correlation,0.022021352648161477
9,100,2,1000,nonlinear,NPT-FR,Marginal,5.8347309973436055
9,100,2,1000,nonlinear,NPT-FR,Correlation,0.006058156994082386
9,100,2,1000,nonlinear,Marginal-FR,Marginal,5.8347309973436055
9,100,2,1000,nonlinear,Marginal-FR,Correlation,0.3801734455525867
9,100,2,1000,nonlinear,Gaussian-FR,Marginal,7.367745890571776
9,100,2,1000,nonlinear,Gaussian-FR,Correlation,0.02521484423536579
10,100,2,1000,nonlinear,NPT-FR,Marginal,6.298528307694477
10,100,2,1000,nonlinear,NPT-FR,Correlation,0.005716941540921072
10,100,2,1000,nonlinear,Marginal-FR,Marginal,6.298528307694477
10,100,2,1000,nonlinear,Marginal-FR,Correlation,0.38291598428770324
10,100,2,1000,nonlinear,Gaussian-FR,Marginal,7.57177424412363
10,100,2,1000,nonlinear,Gaussian-FR,Correlation,0.02322503652520699
11,100,2,1000,nonlinear,NPT-FR,Marginal,5.750742299524903
11,100,2,1000,nonlinear,NPT-FR,Correlation,0.00495189167215951
11,100,2,1000,nonlinear,Marginal-FR,Marginal,5.750742299524903
11,100,2,1000,nonlinear,Marginal-FR,Correlation,0.3708534480106937
11,100,2,1000,nonlinear,Gaussian-FR,Marginal,7.3370073128377244
11,100,2,1000,nonlinear,Gaussian-FR,Correlation,0.0223532899950066
12,100,2,1000,nonlinear,NPT-FR,Marginal,5.821233134359266
12,100,2,1000,nonlinear,NPT-FR,Correlation,0.004718898998924818
12,100,2,1000,nonlinear,Marginal-FR,Marginal,5.821233134359266
12,100,2,1000,nonlinear,Marginal-FR,Correlation,0.37921589059929367
12,100,2,1000,nonlinear,Gaussian-FR,Marginal,7.250299308581473
12,100,2,1000,nonlinear,Gaussian-FR,Correlation,0.01530588263034768
13,100,2,1000,nonlinear,NPT-FR,Marginal,5.950631032676127
13,100,2,1000,nonlinear,NPT-FR,Correlation,0.005059747445886409
13,100,2,1000,nonlinear,Marginal-FR,Marginal,5.950631032676127
13,100,2,1000,nonlinear,Marginal-FR,Correlation,0.385408169365746
13,100,2,1000,nonlinear,Gaussian-FR,Marginal,7.491779611599256
13,100,2,1000,nonlinear,Gaussian-FR,Correlation,0.020206092984628766
14,100,2,1000,nonlinear,NPT-FR,Marginal,5.841884681695619
14,100,2,1000,nonlinear,NPT-FR,Correlation,0.004098234446353519
14,100,2,1000,nonlinear,Marginal-FR,Marginal,5.841884681695619
14,100,2,1000,nonlinear,Marginal-FR,Correlation,0.3689509999938478
14,100,2,1000,nonlinear,Gaussian-FR,Marginal,7.392103481401233
14,100,2,1000,nonlinear,Gaussian-FR,Correlation,0.022747538600817137
15,100,2,1000,nonlinear,NPT-FR,Marginal,5.53448817162352
15,100,2,1000,nonlinear,NPT-FR,Correlation,0.005473399967414543
15,100,2,1000,nonlinear,Marginal-FR,Marginal,5.53448817162352
15,100,2,1000,nonlinear,Marginal-FR,Correlation,0.3656330401503644
15,100,2,1000,nonlinear,Gaussian-FR,Marginal,7.0010870830555945
15,100,2,1000,nonlinear,Gaussian-FR,Correlation,0.03144459990548677
16,100,2,1000,nonlinear,NPT-FR,Marginal,5.631330323545454
16,100,2,1000,nonlinear,NPT-FR,Correlation,0.00570386711464524
16,100,2,1000,nonlinear,Marginal-FR,Marginal,5.631330323545454
16,100,2,1000,nonlinear,Marginal-FR,Correlation,0.3759925260781703
16,100,2,1000,nonlinear,Gaussian-FR,Marginal,7.092023494699125
16,100,2,1000,nonlinear,Gaussian-FR,Correlation,0.025971178500930843
17,100,2,1000,nonlinear,NPT-FR,Marginal,6.652393619607414
17,100,2,1000,nonlinear,NPT-FR,Correlation,0.005247914049853537
17,100,2,1000,nonlinear,Marginal-FR,Marginal,6.652393619607414
17,100,2,1000,nonlinear,Marginal-FR,Correlation,0.40063405491268295
17,100,2,1000,nonlinear,Gaussian-FR,Marginal,8.050559880182986
17,100,2,1000,nonlinear,Gaussian-FR,Correlation,0.023246260183372936
18,100,2,1000,nonlinear,NPT-FR,Marginal,5.798943400006866
18,100,2,1000,nonlinear,NPT-FR,Correlation,0.005921353730166119
18,100,2,1000,nonlinear,Marginal-FR,Marginal,5.798943400006866
18,100,2,1000,nonlinear,Marginal-FR,Correlation,0.375491090835636
18,100,2,1000,nonlinear,Gaussian-FR,Marginal,7.222854641319806
18,100,2,1000,nonlinear,Gaussian-FR,Correlation,0.02457678028724431
19,100,2,1000,nonlinear,NPT-FR,Marginal,5.556876242971331
19,100,2,1000,nonlinear,NPT-FR,Correlation,0.006031720300508757
19,100,2,1000,nonlinear,Marginal-FR,Marginal,5.556876242971331
19,100,2,1000,nonlinear,Marginal-FR,Correlation,0.38122529356828533
19,100,2,1000,nonlinear,Gaussian-FR,Marginal,6.9694959699195005
19,100,2,1000,nonlinear,Gaussian-FR,Correlation,0.02489048227957719
20,100,2,1000,nonlinear,NPT-FR,Marginal,5.624363559839095
20,100,2,1000,nonlinear,NPT-FR,Correlation,0.005186229523766968
20,100,2,1000,nonlinear,Marginal-FR,Marginal,5.624363559839095
20,100,2,1000,nonlinear,Marginal-FR,Correlation,0.3859092851851715
20,100,2,1000,nonlinear,Gaussian-FR,Marginal,7.0223096051376155
20,100,2,1000,nonlinear,Gaussian-FR,Correlation,0.02267371162903874
21,100,2,1000,nonlinear,NPT-FR,Marginal,5.711087451518955
21,100,2,1000,nonlinear,NPT-FR,Correlation,0.005903661796417744
21,100,2,1000,nonlinear,Marginal-FR,Marginal,5.711087451518955
21,100,2,1000,nonlinear,Marginal-FR,Correlation,0.37013855309945815
21,100,2,1000,nonlinear,Gaussian-FR,Marginal,7.251043717105139
21,100,2,1000,nonlinear,Gaussian-FR,Correlation,0.02315473148558948
22,100,2,1000,nonlinear,NPT-FR,Marginal,6.834367011987654
22,100,2,1000,nonlinear,NPT-FR,Correlation,0.005149476460307774
22,100,2,1000,nonlinear,Marginal-FR,Marginal,6.834367011987654
22,100,2,1000,nonlinear,Marginal-FR,Correlation,0.36240944476979153
22,100,2,1000,nonlinear,Gaussian-FR,Marginal,8.211449373117759
22,100,2,1000,nonlinear,Gaussian-FR,Correlation,0.020329830909337886
23,100,2,1000,nonlinear,NPT-FR,Marginal,6.2567203753790395
23,100,2,1000,nonlinear,NPT-FR,Correlation,0.005311187716797262
23,100,2,1000,nonlinear,Marginal-FR,Marginal,6.2567203753790395
23,100,2,1000,nonlinear,Marginal-FR,Correlation,0.3830648890255245
23,100,2,1000,nonlinear,Gaussian-FR,Marginal,7.60751708483858
23,100,2,1000,nonlinear,Gaussian-FR,Correlation,0.01711379957045783
24,100,2,1000,nonlinear,NPT-FR,Marginal,6.809869458778838
24,100,2,1000,nonlinear,NPT-FR,Correlation,0.005284804957039986
24,100,2,1000,nonlinear,Marginal-FR,Marginal,6.809869458778838
24,100,2,1000,nonlinear,Marginal-FR,Correlation,0.3780779669402741
24,100,2,1000,nonlinear,Gaussian-FR,Marginal,8.032711769305457
24,100,2,1000,nonlinear,Gaussian-FR,Correlation,0.018742178525661356
25,100,2,1000,nonlinear,NPT-FR,Marginal,5.670598428582
25,100,2,1000,nonlinear,NPT-FR,Correlation,0.005512882260948624
25,100,2,1000,nonlinear,Marginal-FR,Marginal,5.670598428582
25,100,2,1000,nonlinear,Marginal-FR,Correlation,0.3934775824788168
25,100,2,1000,nonlinear,Gaussian-FR,Marginal,6.978131174440868
25,100,2,1000,nonlinear,Gaussian-FR,Correlation,0.02106289135817647
26,100,2,1000,nonlinear,NPT-FR,Marginal,5.764860331016666
26,100,2,1000,nonlinear,NPT-FR,Correlation,0.006870759797068982
26,100,2,1000,nonlinear,Marginal-FR,Marginal,5.764860331016666
26,100,2,1000,nonlinear,Marginal-FR,Correlation,0.37133048305786825
26,100,2,1000,nonlinear,Gaussian-FR,Marginal,7.245590802653292
26,100,2,1000,nonlinear,Gaussian-FR,Correlation,0.025401581278203033
27,100,2,1000,nonlinear,NPT-FR,Marginal,5.674778676741105
27,100,2,1000,nonlinear,NPT-FR,Correlation,0.005193082117565266
27,100,2,1000,nonlinear,Marginal-FR,Marginal,5.674778676741105
27,100,2,1000,nonlinear,Marginal-FR,Correlation,0.3918873523228085
27,100,2,1000,nonlinear,Gaussian-FR,Marginal,7.157067490064785
27,100,2,1000,nonlinear,Gaussian-FR,Correlation,0.025115191284259097
28,100,2,1000,nonlinear,NPT-FR,Marginal,5.687672267378012
28,100,2,1000,nonlinear,NPT-FR,Correlation,0.0051020898782340035
28,100,2,1000,nonlinear,Marginal-FR,Marginal,5.687672267378012
28,100,2,1000,nonlinear,Marginal-FR,Correlation,0.372174467886452
28,100,2,1000,nonlinear,Gaussian-FR,Marginal,7.2148794432241665
28,100,2,1000,nonlinear,Gaussian-FR,Correlation,0.018875884051626837
29,100,2,1000,nonlinear,NPT-FR,Marginal,5.487411093431101
29,100,2,1000,nonlinear,NPT-FR,Correlation,0.0066157605645335744
29,100,2,1000,nonlinear,Marginal-FR,Marginal,5.487411093431101
29,100,2,1000,nonlinear,Marginal-FR,Correlation,0.3677535775842053
29,100,2,1000,nonlinear,Gaussian-FR,Marginal,6.842117507477161
29,100,2,1000,nonlinear,Gaussian-FR,Correlation,0.029705167589051718
30,100,2,1000,nonlinear,NPT-FR,Marginal,5.983806894810952
30,100,2,1000,nonlinear,NPT-FR,Correlation,0.0062324189665515515
30,100,2,1000,nonlinear,Marginal-FR,Marginal,5.983806894810952
30,100,2,1000,nonlinear,Marginal-FR,Correlation,0.3694345669115035
30,100,2,1000,nonlinear,Gaussian-FR,Marginal,7.384683163663564
30,100,2,1000,nonlinear,Gaussian-FR,Correlation,0.028846590407249486
31,100,2,1000,nonlinear,NPT-FR,Marginal,5.944905406704663
31,100,2,1000,nonlinear,NPT-FR,Correlation,0.004710047590292847
31,100,2,1000,nonlinear,Marginal-FR,Marginal,5.944905406704663
31,100,2,1000,nonlinear,Marginal-FR,Correlation,0.36787615902794724
31,100,2,1000,nonlinear,Gaussian-FR,Marginal,7.429637954055597
31,100,2,1000,nonlinear,Gaussian-FR,Correlation,0.020954337630722696
32,100,2,1000,nonlinear,NPT-FR,Marginal,6.096646255040566
32,100,2,1000,nonlinear,NPT-FR,Correlation,0.006888830473223844
32,100,2,1000,nonlinear,Marginal-FR,Marginal,6.096646255040566
32,100,2,1000,nonlinear,Marginal-FR,Correlation,0.38018874168375005
32,100,2,1000,nonlinear,Gaussian-FR,Marginal,7.516554439420573
32,100,2,1000,nonlinear,Gaussian-FR,Correlation,0.032820601522516875
33,100,2,1000,nonlinear,NPT-FR,Marginal,6.474787662579168
33,100,2,1000,nonlinear,NPT-FR,Correlation,0.005110159451425186
33,100,2,1000,nonlinear,Marginal-FR,Marginal,6.474787662579168
33,100,2,1000,nonlinear,Marginal-FR,Correlation,0.3762535031294052
33,100,2,1000,nonlinear,Gaussian-FR,Marginal,7.842690325231107
33,100,2,1000,nonlinear,Gaussian-FR,Correlation,0.026849982547791165
34,100,2,1000,nonlinear,NPT-FR,Marginal,5.629525395772696
34,100,2,1000,nonlinear,NPT-FR,Correlation,0.0064128602394489245
34,100,2,1000,nonlinear,Marginal-FR,Marginal,5.629525395772696
34,100,2,1000,nonlinear,Marginal-FR,Correlation,0.36281847442083015
34,100,2,1000,nonlinear,Gaussian-FR,Marginal,7.0103824837464135
34,100,2,1000,nonlinear,Gaussian-FR,Correlation,0.02324728278704048
35,100,2,1000,nonlinear,NPT-FR,Marginal,5.719548047509038
35,100,2,1000,nonlinear,NPT-FR,Correlation,0.004414189864191899
35,100,2,1000,nonlinear,Marginal-FR,Marginal,5.719548047509038
35,100,2,1000,nonlinear,Marginal-FR,Correlation,0.37306518217012974
35,100,2,1000,nonlinear,Gaussian-FR,Marginal,7.387321772281748
35,100,2,1000,nonlinear,Gaussian-FR,Correlation,0.0188650096832935
36,100,2,1000,nonlinear,NPT-FR,Marginal,6.157538155342452
36,100,2,1000,nonlinear,NPT-FR,Correlation,0.0047013036841633896
36,100,2,1000,nonlinear,Marginal-FR,Marginal,6.157538155342452
36,100,2,1000,nonlinear,Marginal-FR,Correlation,0.40201808446556264
36,100,2,1000,nonlinear,Gaussian-FR,Marginal,7.601728146650208
36,100,2,1000,nonlinear,Gaussian-FR,Correlation,0.020656433683134984
37,100,2,1000,nonlinear,NPT-FR,Marginal,5.131765843781192
37,100,2,1000,nonlinear,NPT-FR,Correlation,0.007237020764354282
37,100,2,1000,nonlinear,Marginal-FR,Marginal,5.131765843781192
37,100,2,1000,nonlinear,Marginal-FR,Correlation,0.3856971335623908
37,100,2,1000,nonlinear,Gaussian-FR,Marginal,6.560728408155641
37,100,2,1000,nonlinear,Gaussian-FR,Correlation,0.036841256179370535
38,100,2,1000,nonlinear,NPT-FR,Marginal,5.680831407744671
38,100,2,1000,nonlinear,NPT-FR,Correlation,0.006255639234405388
38,100,2,1000,nonlinear,Marginal-FR,Marginal,5.680831407744671
38,100,2,1000,nonlinear,Marginal-FR,Correlation,0.37432627659973533
38,100,2,1000,nonlinear,Gaussian-FR,Marginal,7.113055543296234
38,100,2,1000,nonlinear,Gaussian-FR,Correlation,0.025391551143340386
39,100,2,1000,nonlinear,NPT-FR,Marginal,5.179243474358877
39,100,2,1000,nonlinear,NPT-FR,Correlation,0.006006170280053894
39,100,2,1000,nonlinear,Marginal-FR,Marginal,5.179243474358877
39,100,2,1000,nonlinear,Marginal-FR,Correlation,0.3727438086625597
39,100,2,1000,nonlinear,Gaussian-FR,Marginal,6.672274010293595
39,100,2,1000,nonlinear,Gaussian-FR,Correlation,0.02450252350798915
40,100,2,1000,nonlinear,NPT-FR,Marginal,5.831533379582842
40,100,2,1000,nonlinear,NPT-FR,Correlation,0.005656992429906121
40,100,2,1000,nonlinear,Marginal-FR,Marginal,5.831533379582842
40,100,2,1000,nonlinear,Marginal-FR,Correlation,0.3731550027185878
40,100,2,1000,nonlinear,Gaussian-FR,Marginal,7.21714135721463
40,100,2,1000,nonlinear,Gaussian-FR,Correlation,0.024728227771381398
41,100,2,1000,nonlinear,NPT-FR,Marginal,6.062638313189945
41,100,2,1000,nonlinear,NPT-FR,Correlation,0.005702167573579299
41,100,2,1000,nonlinear,Marginal-FR,Marginal,6.062638313189945
41,100,2,1000,nonlinear,Marginal-FR,Correlation,0.3964005121552067
41,100,2,1000,nonlinear,Gaussian-FR,Marginal,7.551552106765607
41,100,2,1000,nonlinear,Gaussian-FR,Correlation,0.027218904002247676
42,100,2,1000,nonlinear,NPT-FR,Marginal,5.728433526285469
42,100,2,1000,nonlinear,NPT-FR,Correlation,0.005753100373921205
42,100,2,1000,nonlinear,Marginal-FR,Marginal,5.728433526285469
42,100,2,1000,nonlinear,Marginal-FR,Correlation,0.3967664441007118
42,100,2,1000,nonlinear,Gaussian-FR,Marginal,7.188800525400768
42,100,2,1000,nonlinear,Gaussian-FR,Correlation,0.0223800214876119
43,100,2,1000,nonlinear,NPT-FR,Marginal,5.864970555583776
43,100,2,1000,nonlinear,NPT-FR,Correlation,0.006218321962148362
43,100,2,1000,nonlinear,Marginal-FR,Marginal,5.864970555583776
43,100,2,1000,nonlinear,Marginal-FR,Correlation,0.3625562821203663
43,100,2,1000,nonlinear,Gaussian-FR,Marginal,7.321084282111475
43,100,2,1000,nonlinear,Gaussian-FR,Correlation,0.028173907691634015
44,100,2,1000,nonlinear,NPT-FR,Marginal,6.603850032405001
44,100,2,1000,nonlinear,NPT-FR,Correlation,0.00518751525389644
44,100,2,1000,nonlinear,Marginal-FR,Marginal,6.603850032405001
44,100,2,1000,nonlinear,Marginal-FR,Correlation,0.37695998271081477
44,100,2,1000,nonlinear,Gaussian-FR,Marginal,8.090042603735636
44,100,2,1000,nonlinear,Gaussian-FR,Correlation,0.022176691744217998
45,100,2,1000,nonlinear,NPT-FR,Marginal,5.709897656095404
45,100,2,1000,nonlinear,NPT-FR,Correlation,0.005875347306630895
45,100,2,1000,nonlinear,Marginal-FR,Marginal,5.709897656095404
45,100,2,1000,nonlinear,Marginal-FR,Correlation,0.37481470843140285
45,100,2,1000,nonlinear,Gaussian-FR,Marginal,7.203966382517946
45,100,2,1000,nonlinear,Gaussian-FR,Correlation,0.02432905423570985
46,100,2,1000,nonlinear,NPT-FR,Marginal,5.267631399417275
46,100,2,1000,nonlinear,NPT-FR,Correlation,0.0057955775529070636
46,100,2,1000,nonlinear,Marginal-FR,Marginal,5.267631399417275
46,100,2,1000,nonlinear,Marginal-FR,Correlation,0.37114654926041973
46,100,2,1000,nonlinear,Gaussian-FR,Marginal,6.66870905311564
46,100,2,1000,nonlinear,Gaussian-FR,Correlation,0.023967853006301106
47,100,2,1000,nonlinear,NPT-FR,Marginal,5.800540228369012
47,100,2,1000,nonlinear,NPT-FR,Correlation,0.005556358688699068
47,100,2,1000,nonlinear,Marginal-FR,Marginal,5.800540228369012
47,100,2,1000,nonlinear,Marginal-FR,Correlation,0.3854673834466244
47,100,2,1000,nonlinear,Gaussian-FR,Marginal,7.224208979661729
47,100,2,1000,nonlinear,Gaussian-FR,Correlation,0.027160449501897672
48,100,2,1000,nonlinear,NPT-FR,Marginal,6.227035763120096
48,100,2,1000,nonlinear,NPT-FR,Correlation,0.0049709431063788
48,100,2,1000,nonlinear,Marginal-FR,Marginal,6.227035763120096
48,100,2,1000,nonlinear,Marginal-FR,Correlation,0.36689786921417245
48,100,2,1000,nonlinear,Gaussian-FR,Marginal,7.7536937613697585
48,100,2,1000,nonlinear,Gaussian-FR,Correlation,0.02147321383877589
49,100,2,1000,nonlinear,NPT-FR,Marginal,5.362925533741765
49,100,2,1000,nonlinear,NPT-FR,Correlation,0.005778028186063096
49,100,2,1000,nonlinear,Marginal-FR,Marginal,5.362925533741765
49,100,2,1000,nonlinear,Marginal-FR,Correlation,0.3767719553110763
49,100,2,1000,nonlinear,Gaussian-FR,Marginal,6.787105869678873
49,100,2,1000,nonlinear,Gaussian-FR,Correlation,0.01977083793862843
50,100,2,1000,nonlinear,NPT-FR,Marginal,5.946443670571776
50,100,2,1000,nonlinear,NPT-FR,Correlation,0.004656825031329668
50,100,2,1000,nonlinear,Marginal-FR,Marginal,5.946443670571776
50,100,2,1000,nonlinear,Marginal-FR,Correlation,0.3934186843028194
50,100,2,1000,nonlinear,Gaussian-FR,Marginal,7.349488190485591
50,100,2,1000,nonlinear,Gaussian-FR,Correlation,0.016563010738888266
51,100,2,1000,nonlinear,NPT-FR,Marginal,5.803813379356793
51,100,2,1000,nonlinear,NPT-FR,Correlation,0.004311372852502362
51,100,2,1000,nonlinear,Marginal-FR,Marginal,5.803813379356793
51,100,2,1000,nonlinear,Marginal-FR,Correlation,0.3644067601876333
51,100,2,1000,nonlinear,Gaussian-FR,Marginal,7.293081683648893
51,100,2,1000,nonlinear,Gaussian-FR,Correlation,0.02335637802736375
52,100,2,1000,nonlinear,NPT-FR,Marginal,6.30947096030548
52,100,2,1000,nonlinear,NPT-FR,Correlation,0.006341153793138489
52,100,2,1000,nonlinear,Marginal-FR,Marginal,6.30947096030548
52,100,2,1000,nonlinear,Marginal-FR,Correlation,0.3499719604256258
52,100,2,1000,nonlinear,Gaussian-FR,Marginal,7.726895508637021
52,100,2,1000,nonlinear,Gaussian-FR,Correlation,0.021651434209467812
53,100,2,1000,nonlinear,NPT-FR,Marginal,5.990598002266119
53,100,2,1000,nonlinear,NPT-FR,Correlation,0.005791728718134322
53,100,2,1000,nonlinear,Marginal-FR,Marginal,5.990598002266119
53,100,2,1000,nonlinear,Marginal-FR,Correlation,0.37248431519025516
53,100,2,1000,nonlinear,Gaussian-FR,Marginal,7.412460537625545
53,100,2,1000,nonlinear,Gaussian-FR,Correlation,0.026293626844494638
54,100,2,1000,nonlinear,NPT-FR,Marginal,5.585920964140919
54,100,2,1000,nonlinear,NPT-FR,Correlation,0.005793694681069486
54,100,2,1000,nonlinear,Marginal-FR,Marginal,5.585920964140919
54,100,2,1000,nonlinear,Marginal-FR,Correlation,0.38965236654665664
54,100,2,1000,nonlinear,Gaussian-FR,Marginal,6.987414068911446
54,100,2,1000,nonlinear,Gaussian-FR,Correlation,0.027048325890182082
55,100,2,1000,nonlinear,NPT-FR,Marginal,6.148455705942515
55,100,2,1000,nonlinear,NPT-FR,Correlation,0.005531563207275292
55,100,2,1000,nonlinear,Marginal-FR,Marginal,6.148455705942515
55,100,2,1000,nonlinear,Marginal-FR,Correlation,0.37430092925709174
55,100,2,1000,nonlinear,Gaussian-FR,Marginal,7.548022764958318
55,100,2,1000,nonlinear,Gaussian-FR,Correlation,0.025989649653952684
56,100,2,1000,nonlinear,NPT-FR,Marginal,5.7964890122598085
56,100,2,1000,nonlinear,NPT-FR,Correlation,0.005400966510088175
56,100,2,1000,nonlinear,Marginal-FR,Marginal,5.7964890122598085
56,100,2,1000,nonlinear,Marginal-FR,Correlation,0.37623330826505996
56,100,2,1000,nonlinear,Gaussian-FR,Marginal,7.370520009004287
56,100,2,1000,nonlinear,Gaussian-FR,Correlation,0.021527020545706106
57,100,2,1000,nonlinear,NPT-FR,Marginal,5.764480593586171
57,100,2,1000,nonlinear,NPT-FR,Correlation,0.0055142835654323884
57,100,2,1000,nonlinear,Marginal-FR,Marginal,5.764480593586171
57,100,2,1000,nonlinear,Marginal-FR,Correlation,0.37866351036428425
57,100,2,1000,nonlinear,Gaussian-FR,Marginal,7.205280929457403
57,100,2,1000,nonlinear,Gaussian-FR,Correlation,0.014141655176461824
58,100,2,1000,nonlinear,NPT-FR,Marginal,6.0853952539299945
58,100,2,1000,nonlinear,NPT-FR,Correlation,0.005922090730310955
58,100,2,1000,nonlinear,Marginal-FR,Marginal,6.0853952539299945
58,100,2,1000,nonlinear,Marginal-FR,Correlation,0.38256342334593635
58,100,2,1000,nonlinear,Gaussian-FR,Marginal,7.514764457058003
58,100,2,1000,nonlinear,Gaussian-FR,Correlation,0.02616108850864743
59,100,2,1000,nonlinear,NPT-FR,Marginal,5.693263214775874
59,100,2,1000,nonlinear,NPT-FR,Correlation,0.0057579749631264466
59,100,2,1000,nonlinear,Marginal-FR,Marginal,5.693263214775874
59,100,2,1000,nonlinear,Marginal-FR,Correlation,0.38404881937591956
59,100,2,1000,nonlinear,Gaussian-FR,Marginal,7.048125529480684
59,100,2,1000,nonlinear,Gaussian-FR,Correlation,0.026556257713910035
60,100,2,1000,nonlinear,NPT-FR,Marginal,6.318426165147575
60,100,2,1000,nonlinear,NPT-FR,Correlation,0.006546141735683932
60,100,2,1000,nonlinear,Marginal-FR,Marginal,6.318426165147575
60,100,2,1000,nonlinear,Marginal-FR,Correlation,0.3714026532544404
60,100,2,1000,nonlinear,Gaussian-FR,Marginal,7.732336944920038
60,100,2,1000,nonlinear,Gaussian-FR,Correlation,0.02293902720567691
61,100,2,1000,nonlinear,NPT-FR,Marginal,5.702720831553066
61,100,2,1000,nonlinear,NPT-FR,Correlation,0.006814577771619155
61,100,2,1000,nonlinear,Marginal-FR,Marginal,5.702720831553066
61,100,2,1000,nonlinear,Marginal-FR,Correlation,0.3893668387805868
61,100,2,1000,nonlinear,Gaussian-FR,Marginal,7.2684118889912845
61,100,2,1000,nonlinear,Gaussian-FR,Correlation,0.02384983141054748
62,100,2,1000,nonlinear,NPT-FR,Marginal,5.624748232844137
62,100,2,1000,nonlinear,NPT-FR,Correlation,0.005377873276919504
62,100,2,1000,nonlinear,Marginal-FR,Marginal,5.624748232844137
62,100,2,1000,nonlinear,Marginal-FR,Correlation,0.37617878897038387
62,100,2,1000,nonlinear,Gaussian-FR,Marginal,6.953221858321108
62,100,2,1000,nonlinear,Gaussian-FR,Correlation,0.023755250846310322
63,100,2,1000,nonlinear,NPT-FR,Marginal,5.8617084793369765
63,100,2,1000,nonlinear,NPT-FR,Correlation,0.006336917591424483
63,100,2,1000,nonlinear,Marginal-FR,Marginal,5.8617084793369765
63,100,2,1000,nonlinear,Marginal-FR,Correlation,0.38883966966481054
63,100,2,1000,nonlinear,Gaussian-FR,Marginal,7.3675685507347355
63,100,2,1000,nonlinear,Gaussian-FR,Correlation,0.02872593117623358
64,100,2,1000,nonlinear,NPT-FR,Marginal,6.030913465011539
64,100,2,1000,nonlinear,NPT-FR,Correlation,0.006308175694463577
64,100,2,1000,nonlinear,Marginal-FR,Marginal,6.030913465011539
64,100,2,1000,nonlinear,Marginal-FR,Correlation,0.3654473898792738
64,100,2,1000,nonlinear,Gaussian-FR,Marginal,7.546154887602489
64,100,2,1000,nonlinear,Gaussian-FR,Correlation,0.022970635608660212
65,100,2,1000,nonlinear,NPT-FR,Marginal,6.277844495793206
65,100,2,1000,nonlinear,NPT-FR,Correlation,0.006987128279118596
65,100,2,1000,nonlinear,Marginal-FR,Marginal,6.277844495793206
65,100,2,1000,nonlinear,Marginal-FR,Correlation,0.3761991126983444
65,100,2,1000,nonlinear,Gaussian-FR,Marginal,7.679858790928529
65,100,2,1000,nonlinear,Gaussian-FR,Correlation,0.02393413900579286
66,100,2,1000,nonlinear,NPT-FR,Marginal,6.492963463347766
66,100,2,1000,nonlinear,NPT-FR,Correlation,0.006145836105539615
66,100,2,1000,nonlinear,Marginal-FR,Marginal,6.492963463347766
66,100,2,1000,nonlinear,Marginal-FR,Correlation,0.3701676264421979
66,100,2,1000,nonlinear,Gaussian-FR,Marginal,8.1246826257083
66,100,2,1000,nonlinear,Gaussian-FR,Correlation,0.0215129286087054
67,100,2,1000,nonlinear,NPT-FR,Marginal,5.226954452733443
67,100,2,1000,nonlinear,NPT-FR,Correlation,0.00677210227976925
67,100,2,1000,nonlinear,Marginal-FR,Marginal,5.226954452733443
67,100,2,1000,nonlinear,Marginal-FR,Correlation,0.3557508043947262
67,100,2,1000,nonlinear,Gaussian-FR,Marginal,6.755124125239385
67,100,2,1000,nonlinear,Gaussian-FR,Correlation,0.02192135320816529
68,100,2,1000,nonlinear,NPT-FR,Marginal,6.249094350502634
68,100,2,1000,nonlinear,NPT-FR,Correlation,0.0046031721923422714
68,100,2,1000,nonlinear,Marginal-FR,Marginal,6.249094350502634
68,100,2,1000,nonlinear,Marginal-FR,Correlation,0.39582210905247317
68,100,2,1000,nonlinear,Gaussian-FR,Marginal,7.745822975547295
68,100,2,1000,nonlinear,Gaussian-FR,Correlation,0.024889017512407574
69,100,2,1000,nonlinear,NPT-FR,Marginal,5.673250784318795
69,100,2,1000,nonlinear,NPT-FR,Correlation,0.005576758286641079
69,100,2,1000,nonlinear,Marginal-FR,Marginal,5.673250784318795
69,100,2,1000,nonlinear,Marginal-FR,Correlation,0.3834843462900593
69,100,2,1000,nonlinear,Gaussian-FR,Marginal,7.157772523452163
69,100,2,1000,nonlinear,Gaussian-FR,Correlation,0.03031080058271284
70,100,2,1000,nonlinear,NPT-FR,Marginal,5.989404440792548
70,100,2,1000,nonlinear,NPT-FR,Correlation,0.006212913327235223
70,100,2,1000,nonlinear,Marginal-FR,Marginal,5.989404440792548
70,100,2,1000,nonlinear,Marginal-FR,Correlation,0.36019754301638984
70,100,2,1000,nonlinear,Gaussian-FR,Marginal,7.465954660346048
70,100,2,1000,nonlinear,Gaussian-FR,Correlation,0.02548886107533672
71,100,2,1000,nonlinear,NPT-FR,Marginal,5.886826563843043
71,100,2,1000,nonlinear,NPT-FR,Correlation,0.005893524431708423
71,100,2,1000,nonlinear,Marginal-FR,Marginal,5.886826563843043
71,100,2,1000,nonlinear,Marginal-FR,Correlation,0.3683649936941889
71,100,2,1000,nonlinear,Gaussian-FR,Marginal,7.348580391630657
71,100,2,1000,nonlinear,Gaussian-FR,Correlation,0.018014133772782385
72,100,2,1000,nonlinear,NPT-FR,Marginal,5.2086843293275304
72,100,2,1000,nonlinear,NPT-FR,Correlation,0.006567537043202088
72,100,2,1000,nonlinear,Marginal-FR,Marginal,5.2086843293275304
72,100,2,1000,nonlinear,Marginal-FR,Correlation,0.37685197588824787
72,100,2,1000,nonlinear,Gaussian-FR,Marginal,6.638270447151752
72,100,2,1000,nonlinear,Gaussian-FR,Correlation,0.026971419320253227
73,100,2,1000,nonlinear,NPT-FR,Marginal,5.9545358448520975
73,100,2,1000,nonlinear,NPT-FR,Correlation,0.005124343065431975
73,100,2,1000,nonlinear,Marginal-FR,Marginal,5.9545358448520975
73,100,2,1000,nonlinear,Marginal-FR,Correlation,0.38686865756471267
73,100,2,1000,nonlinear,Gaussian-FR,Marginal,7.387915731585947
73,100,2,1000,nonlinear,Gaussian-FR,Correlation,0.022359685014023026
74,100,2,1000,nonlinear,NPT-FR,Marginal,5.954613358378034
74,100,2,1000,nonlinear,NPT-FR,Correlation,0.0060730067437348096
74,100,2,1000,nonlinear,Marginal-FR,Marginal,5.954613358378034
74,100,2,1000,nonlinear,Marginal-FR,Correlation,0.4032139859162674
74,100,2,1000,nonlinear,Gaussian-FR,Marginal,7.438259410197636
74,100,2,1000,nonlinear,Gaussian-FR,Correlation,0.024667898841818442
75,100,2,1000,nonlinear,NPT-FR,Marginal,5.527910299566663
75,100,2,1000,nonlinear,NPT-FR,Correlation,0.005654774853540676
75,100,2,1000,nonlinear,Marginal-FR,Marginal,5.527910299566663
75,100,2,1000,nonlinear,Marginal-FR,Correlation,0.379634748754
75,100,2,1000,nonlinear,Gaussian-FR,Marginal,6.974179188799718
75,100,2,1000,nonlinear,Gaussian-FR,Correlation,0.02427719654037947
76,100,2,1000,nonlinear,NPT-FR,Marginal,5.670444467730881
76,100,2,1000,nonlinear,NPT-FR,Correlation,0.0050212474150706015
76,100,2,1000,nonlinear,Marginal-FR,Marginal,5.670444467730881
76,100,2,1000,nonlinear,Marginal-FR,Correlation,0.38596876715239553
76,100,2,1000,nonlinear,Gaussian-FR,Marginal,7.007564531849049
76,100,2,1000,nonlinear,Gaussian-FR,Correlation,0.028315450164489078
77,100,2,1000,nonlinear,NPT-FR,Marginal,5.50666001264362
77,100,2,1000,nonlinear,NPT-FR,Correlation,0.005597694989844154
77,100,2,1000,nonlinear,Marginal-FR,Marginal,5.50666001264362
77,100,2,1000,nonlinear,Marginal-FR,Correlation,0.3757697673943021
77,100,2,1000,nonlinear,Gaussian-FR,Marginal,6.915315021510688
77,100,2,1000,nonlinear,Gaussian-FR,Correlation,0.024671578930963948
78,100,2,1000,nonlinear,NPT-FR,Marginal,6.252596737997445
78,100,2,1000,nonlinear,NPT-FR,Correlation,0.006761251153808618
78,100,2,1000,nonlinear,Marginal-FR,Marginal,6.252596737997445
78,100,2,1000,nonlinear,Marginal-FR,Correlation,0.382239964840792
78,100,2,1000,nonlinear,Gaussian-FR,Marginal,7.617016546332803
78,100,2,1000,nonlinear,Gaussian-FR,Correlation,0.025878120779755414
79,100,2,1000,nonlinear,NPT-FR,Marginal,5.9810259428113675
79,100,2,1000,nonlinear,NPT-FR,Correlation,0.0051704108348673
79,100,2,1000,nonlinear,Marginal-FR,Marginal,5.9810259428113675
79,100,2,1000,nonlinear,Marginal-FR,Correlation,0.3699365044647682
79,100,2,1000,nonlinear,Gaussian-FR,Marginal,7.3482779916521705
79,100,2,1000,nonlinear,Gaussian-FR,Correlation,0.01972900993210295
80,100,2,1000,nonlinear,NPT-FR,Marginal,6.226564891611453
80,100,2,1000,nonlinear,NPT-FR,Correlation,0.005560711965912094
80,100,2,1000,nonlinear,Marginal-FR,Marginal,6.226564891611453
80,100,2,1000,nonlinear,Marginal-FR,Correlation,0.3678455015360713
80,100,2,1000,nonlinear,Gaussian-FR,Marginal,7.61786077834393
80,100,2,1000,nonlinear,Gaussian-FR,Correlation,0.02421901563917103
81,100,2,1000,nonlinear,NPT-FR,Marginal,5.512762546757765
81,100,2,1000,nonlinear,NPT-FR,Correlation,0.005942832757367922
81,100,2,1000,nonlinear,Marginal-FR,Marginal,5.512762546757765
81,100,2,1000,nonlinear,Marginal-FR,Correlation,0.36900576177845235
81,100,2,1000,nonlinear,Gaussian-FR,Marginal,6.856167742403239
81,100,2,1000,nonlinear,Gaussian-FR,Correlation,0.023631467371803914
82,100,2,1000,nonlinear,NPT-FR,Marginal,6.30137660817718
82,100,2,1000,nonlinear,NPT-FR,Correlation,0.004915691754511742
82,100,2,1000,nonlinear,Marginal-FR,Marginal,6.30137660817718
82,100,2,1000,nonlinear,Marginal-FR,Correlation,0.38357618978199765
82,100,2,1000,nonlinear,Gaussian-FR,Marginal,7.778779342036266
82,100,2,1000,nonlinear,Gaussian-FR,Correlation,0.022104871747693735
83,100,2,1000,nonlinear,NPT-FR,Marginal,5.775348412956001
83,100,2,1000,nonlinear,NPT-FR,Correlation,0.005006228278489952
83,100,2,1000,nonlinear,Marginal-FR,Marginal,5.775348412956001
83,100,2,1000,nonlinear,Marginal-FR,Correlation,0.38719853966648016
83,100,2,1000,nonlinear,Gaussian-FR,Marginal,7.159774963955505
83,100,2,1000,nonlinear,Gaussian-FR,Correlation,0.022545896867309113
84,100,2,1000,nonlinear,NPT-FR,Marginal,5.6675767762569125
84,100,2,1000,nonlinear,NPT-FR,Correlation,0.006296802201605612
84,100,2,1000,nonlinear,Marginal-FR,Marginal,5.6675767762569125
84,100,2,1000,nonlinear,Marginal-FR,Correlation,0.3773431816896745
84,100,2,1000,nonlinear,Gaussian-FR,Marginal,7.122747824873952
84,100,2,1000,nonlinear,Gaussian-FR,Correlation,0.019337771338082125
85,100,2,1000,nonlinear,NPT-FR,Marginal,5.964422522283477
85,100,2,1000,nonlinear,NPT-FR,Correlation,0.0059140475476488754
85,100,2,1000,nonlinear,Marginal-FR,Marginal,5.964422522283477
85,100,2,1000,nonlinear,Marginal-FR,Correlation,0.37040010674593404
85,100,2,1000,nonlinear,Gaussian-FR,Marginal,7.5382853898711
85,100,2,1000,nonlinear,Gaussian-FR,Correlation,0.026877046305154837
86,100,2,1000,nonlinear,NPT-FR,Marginal,5.694783525223451
86,100,2,1000,nonlinear,NPT-FR,Correlation,0.006149885230696833
86,100,2,1000,nonlinear,Marginal-FR,Marginal,5.694783525223451
86,100,2,1000,nonlinear,Marginal-FR,Correlation,0.3727235238896352
86,100,2,1000,nonlinear,Gaussian-FR,Marginal,7.162243496752081
86,100,2,1000,nonlinear,Gaussian-FR,Correlation,0.025304146425053627
87,100,2,1000,nonlinear,NPT-FR,Marginal,5.9684742333527865
87,100,2,1000,nonlinear,NPT-FR,Correlation,0.005826332888047771
87,100,2,1000,nonlinear,Marginal-FR,Marginal,5.9684742333527865
87,100,2,1000,nonlinear,Marginal-FR,Correlation,0.36319757694906907
87,100,2,1000,nonlinear,Gaussian-FR,Marginal,7.366223175706281
87,100,2,1000,nonlinear,Gaussian-FR,Correlation,0.022915002826766197
88,100,2,1000,nonlinear,NPT-FR,Marginal,5.507790128306407
88,100,2,1000,nonlinear,NPT-FR,Correlation,0.004908705297023823
88,100,2,1000,nonlinear,Marginal-FR,Marginal,5.507790128306407
88,100,2,1000,nonlinear,Marginal-FR,Correlation,0.3692923718145722
88,100,2,1000,nonlinear,Gaussian-FR,Marginal,6.896758388486796
88,100,2,1000,nonlinear,Gaussian-FR,Correlation,0.020649778856408785
89,100,2,1000,nonlinear,NPT-FR,Marginal,5.829768344952573
89,100,2,1000,nonlinear,NPT-FR,Correlation,0.0061052589594533385
89,100,2,1000,nonlinear,Marginal-FR,Marginal,5.829768344952573
89,100,2,1000,nonlinear,Marginal-FR,Correlation,0.38405378914115795
89,100,2,1000,nonlinear,Gaussian-FR,Marginal,7.291245430817442
89,100,2,1000,nonlinear,Gaussian-FR,Correlation,0.03385656295656498
90,100,2,1000,nonlinear,NPT-FR,Marginal,5.977092350834076
90,100,2,1000,nonlinear,NPT-FR,Correlation,0.005175578695577263
90,100,2,1000,nonlinear,Marginal-FR,Marginal,5.977092350834076
90,100,2,1000,nonlinear,Marginal-FR,Correlation,0.3741242861232787
90,100,2,1000,nonlinear,Gaussian-FR,Marginal,7.361931978666851
90,100,2,1000,nonlinear,Gaussian-FR,Correlation,0.026303202380254874
91,100,2,1000,nonlinear,NPT-FR,Marginal,5.731374512602468
91,100,2,1000,nonlinear,NPT-FR,Correlation,0.005449211204622378
91,100,2,1000,nonlinear,Marginal-FR,Marginal,5.731374512602468
91,100,2,1000,nonlinear,Marginal-FR,Correlation,0.36687578051599196
91,100,2,1000,nonlinear,Gaussian-FR,Marginal,7.189853039236603
91,100,2,1000,nonlinear,Gaussian-FR,Correlation,0.021816543572483464
92,100,2,1000,nonlinear,NPT-FR,Marginal,5.749976763649645
92,100,2,1000,nonlinear,NPT-FR,Correlation,0.004173651698379952
92,100,2,1000,nonlinear,Marginal-FR,Marginal,5.749976763649645
92,100,2,1000,nonlinear,Marginal-FR,Correlation,0.3865085604595021
92,100,2,1000,nonlinear,Gaussian-FR,Marginal,7.010496358966453
92,100,2,1000,nonlinear,Gaussian-FR,Correlation,0.021025388574451218
93,100,2,1000,nonlinear,NPT-FR,Marginal,6.093877978127143
93,100,2,1000,nonlinear,NPT-FR,Correlation,0.0049288787905534814
93,100,2,1000,nonlinear,Marginal-FR,Marginal,6.093877978127143
93,100,2,1000,nonlinear,Marginal-FR,Correlation,0.3694280735291653
93,100,2,1000,nonlinear,Gaussian-FR,Marginal,7.3823426516856845
93,100,2,1000,nonlinear,Gaussian-FR,Correlation,0.021418927431433313
94,100,2,1000,nonlinear,NPT-FR,Marginal,5.940844228345039
94,100,2,1000,nonlinear,NPT-FR,Correlation,0.005241050867459246
94,100,2,1000,nonlinear,Marginal-FR,Marginal,5.940844228345039
94,100,2,1000,nonlinear,Marginal-FR,Correlation,0.39351319338476104
94,100,2,1000,nonlinear,Gaussian-FR,Marginal,7.382811979308569
94,100,2,1000,nonlinear,Gaussian-FR,Correlation,0.024248111033222466
95,100,2,1000,nonlinear,NPT-FR,Marginal,5.661501431008984
95,100,2,1000,nonlinear,NPT-FR,Correlation,0.00617069917172936
95,100,2,1000,nonlinear,Marginal-FR,Marginal,5.661501431008984
95,100,2,1000,nonlinear,Marginal-FR,Correlation,0.364405955871753
95,100,2,1000,nonlinear,Gaussian-FR,Marginal,7.093817796465165
95,100,2,1000,nonlinear,Gaussian-FR,Correlation,0.02488618198649283
96,100,2,1000,nonlinear,NPT-FR,Marginal,5.83094202109554
96,100,2,1000,nonlinear,NPT-FR,Correlation,0.006460112976902073
96,100,2,1000,nonlinear,Marginal-FR,Marginal,5.83094202109554
96,100,2,1000,nonlinear,Marginal-FR,Correlation,0.40358894587328786
96,100,2,1000,nonlinear,Gaussian-FR,Marginal,7.202481591435024
96,100,2,1000,nonlinear,Gaussian-FR,Correlation,0.026408322372484732
97,100,2,1000,nonlinear,NPT-FR,Marginal,6.498975900133224
97,100,2,1000,nonlinear,NPT-FR,Correlation,0.005424126452376775
97,100,2,1000,nonlinear,Marginal-FR,Marginal,6.498975900133224
97,100,2,1000,nonlinear,Marginal-FR,Correlation,0.397070967253484
97,100,2,1000,nonlinear,Gaussian-FR,Marginal,7.8850650130674715
97,100,2,1000,nonlinear,Gaussian-FR,Correlation,0.02975753841104173
98,100,2,1000,nonlinear,NPT-FR,Marginal,5.183768531505727
98,100,2,1000,nonlinear,NPT-FR,Correlation,0.005127874170057717
98,100,2,1000,nonlinear,Marginal-FR,Marginal,5.183768531505727
98,100,2,1000,nonlinear,Marginal-FR,Correlation,0.3639921551378204
98,100,2,1000,nonlinear,Gaussian-FR,Marginal,6.7463113940606
98,100,2,1000,nonlinear,Gaussian-FR,Correlation,0.026913546849342815
99,100,2,1000,nonlinear,NPT-FR,Marginal,6.561954199340279
99,100,2,1000,nonlinear,NPT-FR,Correlation,0.00577246805604902
99,100,2,1000,nonlinear,Marginal-FR,Marginal,6.561954199340279
99,100,2,1000,nonlinear,Marginal-FR,Correlation,0.383502645772717
99,100,2,1000,nonlinear,Gaussian-FR,Marginal,8.033522684280943
99,100,2,1000,nonlinear,Gaussian-FR,Correlation,0.036411835654295364
0,200,2,100,linear,NPT-FR,Marginal,5.577139619892031
0,200,2,100,linear,NPT-FR,Correlation,0.005299203784503031
0,200,2,100,linear,Marginal-FR,Marginal,5.577139619892031
0,200,2,100,linear,Marginal-FR,Correlation,0.019612084051352778
0,200,2,100,linear,Gaussian-FR,Marginal,6.895911467504231
0,200,2,100,linear,Gaussian-FR,Correlation,0.005439284479063746
1,200,2,100,linear,NPT-FR,Marginal,5.846505787482942
1,200,2,100,linear,NPT-FR,Correlation,0.005464805360454322
1,200,2,100,linear,Marginal-FR,Marginal,5.846505787482942
1,200,2,100,linear,Marginal-FR,Correlation,0.01984378058549306
1,200,2,100,linear,Gaussian-FR,Marginal,7.193556460634188
1,200,2,100,linear,Gaussian-FR,Correlation,0.005248261544183899
2,200,2,100,linear,NPT-FR,Marginal,5.961109071919344
2,200,2,100,linear,NPT-FR,Correlation,0.005471549394497833
2,200,2,100,linear,Marginal-FR,Marginal,5.961109071919344
2,200,2,100,linear,Marginal-FR,Correlation,0.02297784049746228
2,200,2,100,linear,Gaussian-FR,Marginal,7.330443681022681
2,200,2,100,linear,Gaussian-FR,Correlation,0.005766634438754262
3,200,2,100,linear,NPT-FR,Marginal,5.468384102176932
3,200,2,100,linear,NPT-FR,Correlation,0.0052199747091584295
3,200,2,100,linear,Marginal-FR,Marginal,5.468384102176932
3,200,2,100,linear,Marginal-FR,Correlation,0.021178266038751833
3,200,2,100,linear,Gaussian-FR,Marginal,6.801008800549527
3,200,2,100,linear,Gaussian-FR,Correlation,0.005243788297038331
4,200,2,100,linear,NPT-FR,Marginal,5.42827178109922
4,200,2,100,linear,NPT-FR,Correlation,0.0054020253331726765
4,200,2,100,linear,Marginal-FR,Marginal,5.42827178109922
4,200,2,100,linear,Marginal-FR,Correlation,0.021504729560290366
4,200,2,100,linear,Gaussian-FR,Marginal,6.839645897358927
4,200,2,100,linear,Gaussian-FR,Correlation,0.005316548052900632
5,200,2,100,linear,NPT-FR,Marginal,6.273845161712351
5,200,2,100,linear,NPT-FR,Correlation,0.005835633887517993
5,200,2,100,linear,Marginal-FR,Marginal,6.273845161712351
5,200,2,100,linear,Marginal-FR,Correlation,0.02293713797040087
5,200,2,100,linear,Gaussian-FR,Marginal,7.713081530512396
5,200,2,100,linear,Gaussian-FR,Correlation,0.006207819825733831
6,200,2,100,linear,NPT-FR,Marginal,5.798367528466448
6,200,2,100,linear,NPT-FR,Correlation,0.005219980800307859
6,200,2,100,linear,Marginal-FR,Marginal,5.798367528466448
6,200,2,100,linear,Marginal-FR,Correlation,0.023055724824985673
6,200,2,100,linear,Gaussian-FR,Marginal,7.164297812343143
6,200,2,100,linear,Gaussian-FR,Correlation,0.005249410526395595
7,200,2,100,linear,NPT-FR,Marginal,5.719512163598062
7,200,2,100,linear,NPT-FR,Correlation,0.0048957454045462845
7,200,2,100,linear,Marginal-FR,Marginal,5.719512163598062
7,200,2,100,linear,Marginal-FR,Correlation,0.01910170293566037
7,200,2,100,linear,Gaussian-FR,Marginal,7.095323529792513
7,200,2,100,linear,Gaussian-FR,Correlation,0.005160790609783064
8,200,2,100,linear,NPT-FR,Marginal,5.791242362806459
8,200,2,100,linear,NPT-FR,Correlation,0.005407868459465706
8,200,2,100,linear,Marginal-FR,Marginal,5.791242362806459
8,200,2,100,linear,Marginal-FR,Correlation,0.02044460238694533
8,200,2,100,linear,Gaussian-FR,Marginal,7.286515196056365
8,200,2,100,linear,Gaussian-FR,Correlation,0.005605582294947494
9,200,2,100,linear,NPT-FR,Marginal,4.964003990834131
9,200,2,100,linear,NPT-FR,Correlation,0.005851267097520967
9,200,2,100,linear,Marginal-FR,Marginal,4.964003990834131
9,200,2,100,linear,Marginal-FR,Correlation,0.02175613742952312
9,200,2,100,linear,Gaussian-FR,Marginal,6.404946037635328
9,200,2,100,linear,Gaussian-FR,Correlation,0.006397804772024912
10,200,2,100,linear,NPT-FR,Marginal,5.809547473519472
10,200,2,100,linear,NPT-FR,Correlation,0.004987879168875223
10,200,2,100,linear,Marginal-FR,Marginal,5.809547473519472
10,200,2,100,linear,Marginal-FR,Correlation,0.02231997349343577
10,200,2,100,linear,Gaussian-FR,Marginal,7.171524696337154
10,200,2,100,linear,Gaussian-FR,Correlation,0.005212973181075188
11,200,2,100,linear,NPT-FR,Marginal,5.594337381860523
11,200,2,100,linear,NPT-FR,Correlation,0.005441621538589363
11,200,2,100,linear,Marginal-FR,Marginal,5.594337381860523
11,200,2,100,linear,Marginal-FR,Correlation,0.02067383119910285
11,200,2,100,linear,Gaussian-FR,Marginal,6.831700715331427
11,200,2,100,linear,Gaussian-FR,Correlation,0.005604054880869072
12,200,2,100,linear,NPT-FR,Marginal,5.758228385686374
12,200,2,100,linear,NPT-FR,Correlation,0.00552648544772607
12,200,2,100,linear,Marginal-FR,Marginal,5.758228385686374
12,200,2,100,linear,Marginal-FR,Correlation,0.02165867474972039
12,200,2,100,linear,Gaussian-FR,Marginal,7.091936573102421
12,200,2,100,linear,Gaussian-FR,Correlation,0.005773877764478552
13,200,2,100,linear,NPT-FR,Marginal,6.161552065971265
13,200,2,100,linear,NPT-FR,Correlation,0.005306261980687959
13,200,2,100,linear,Marginal-FR,Marginal,6.161552065971265
13,200,2,100,linear,Marginal-FR,Correlation,0.020546181035122388
13,200,2,100,linear,Gaussian-FR,Marginal,7.505337581949826
13,200,2,100,linear,Gaussian-FR,Correlation,0.005361105685953711
14,200,2,100,linear,NPT-FR,Marginal,6.14282552727067
14,200,2,100,linear,NPT-FR,Correlation,0.005065882688282905
14,200,2,100,linear,Marginal-FR,Marginal,6.14282552727067
14,200,2,100,linear,Marginal-FR,Correlation,0.020285949380257594
14,200,2,100,linear,Gaussian-FR,Marginal,7.403911318588891
14,200,2,100,linear,Gaussian-FR,Correlation,0.005541334434104812
15,200,2,100,linear,NPT-FR,Marginal,5.503902339258444
15,200,2,100,linear,NPT-FR,Correlation,0.005536314892983799
15,200,2,100,linear,Marginal-FR,Marginal,5.503902339258444
15,200,2,100,linear,Marginal-FR,Correlation,0.018658501771959716
15,200,2,100,linear,Gaussian-FR,Marginal,6.787268695497521
15,200,2,100,linear,Gaussian-FR,Correlation,0.005531086618994228
16,200,2,100,linear,NPT-FR,Marginal,6.32101451631865
16,200,2,100,linear,NPT-FR,Correlation,0.005082641469359743
16,200,2,100,linear,Marginal-FR,Marginal,6.32101451631865
16,200,2,100,linear,Marginal-FR,Correlation,0.019632048282165908
16,200,2,100,linear,Gaussian-FR,Marginal,7.566820281198044
16,200,2,100,linear,Gaussian-FR,Correlation,0.005463208096610074
17,200,2,100,linear,NPT-FR,Marginal,5.548029648844201
17,200,2,100,linear,NPT-FR,Correlation,0.004935534554871187
17,200,2,100,linear,Marginal-FR,Marginal,5.548029648844201
17,200,2,100,linear,Marginal-FR,Correlation,0.021727645913180164
17,200,2,100,linear,Gaussian-FR,Marginal,6.7778663834635395
17,200,2,100,linear,Gaussian-FR,Correlation,0.00551740656017898
18,200,2,100,linear,NPT-FR,Marginal,6.021435867873775
18,200,2,100,linear,NPT-FR,Correlation,0.005380344437993294
18,200,2,100,linear,Marginal-FR,Marginal,6.021435867873775
18,200,2,100,linear,Marginal-FR,Correlation,0.02106820206726686
18,200,2,100,linear,Gaussian-FR,Marginal,7.38833421494134
18,200,2,100,linear,Gaussian-FR,Correlation,0.005494805242424798
19,200,2,100,linear,NPT-FR,Marginal,5.3952706694554315
19,200,2,100,linear,NPT-FR,Correlation,0.0052526333649999925
19,200,2,100,linear,Marginal-FR,Marginal,5.3952706694554315
19,200,2,100,linear,Marginal-FR,Correlation,0.01881018041390926
19,200,2,100,linear,Gaussian-FR,Marginal,6.758890077372799
19,200,2,100,linear,Gaussian-FR,Correlation,0.005358200590950516
20,200,2,100,linear,NPT-FR,Marginal,5.540935002538703
20,200,2,100,linear,NPT-FR,Correlation,0.005518530143001158
20,200,2,100,linear,Marginal-FR,Marginal,5.540935002538703
20,200,2,100,linear,Marginal-FR,Correlation,0.020695375275696388
20,200,2,100,linear,Gaussian-FR,Marginal,6.846248508820462
20,200,2,100,linear,Gaussian-FR,Correlation,0.005903912022682637
21,200,2,100,linear,NPT-FR,Marginal,5.991304871525864
21,200,2,100,linear,NPT-FR,Correlation,0.005403301095969938
21,200,2,100,linear,Marginal-FR,Marginal,5.991304871525864
21,200,2,100,linear,Marginal-FR,Correlation,0.01954278289026706
21,200,2,100,linear,Gaussian-FR,Marginal,7.369190387793733
21,200,2,100,linear,Gaussian-FR,Correlation,0.005661016385282184
22,200,2,100,linear,NPT-FR,Marginal,5.287268191068218
22,200,2,100,linear,NPT-FR,Correlation,0.005400984037569763
22,200,2,100,linear,Marginal-FR,Marginal,5.287268191068218
22,200,2,100,linear,Marginal-FR,Correlation,0.02097579746291405
22,200,2,100,linear,Gaussian-FR,Marginal,6.617305001078657
22,200,2,100,linear,Gaussian-FR,Correlation,0.005602991375419232
23,200,2,100,linear,NPT-FR,Marginal,5.642348012685498
23,200,2,100,linear,NPT-FR,Correlation,0.00550879386308891
23,200,2,100,linear,Marginal-FR,Marginal,5.642348012685498
23,200,2,100,linear,Marginal-FR,Correlation,0.02188537183285603
23,200,2,100,linear,Gaussian-FR,Marginal,6.971040304981515
23,200,2,100,linear,Gaussian-FR,Correlation,0.005797996725705377
24,200,2,100,linear,NPT-FR,Marginal,5.144918220976973
24,200,2,100,linear,NPT-FR,Correlation,0.00516653145633634
24,200,2,100,linear,Marginal-FR,Marginal,5.144918220976973
24,200,2,100,linear,Marginal-FR,Correlation,0.019850073871930086
24,200,2,100,linear,Gaussian-FR,Marginal,6.577042173130062
24,200,2,100,linear,Gaussian-FR,Correlation,0.005479554228449413
25,200,2,100,linear,NPT-FR,Marginal,5.8291917340477575
25,200,2,100,linear,NPT-FR,Correlation,0.005355509426701822
25,200,2,100,linear,Marginal-FR,Marginal,5.8291917340477575
25,200,2,100,linear,Marginal-FR,Correlation,0.02070058142810445
25,200,2,100,linear,Gaussian-FR,Marginal,7.200397905234187
25,200,2,100,linear,Gaussian-FR,Correlation,0.005357626300035917
26,200,2,100,linear,NPT-FR,Marginal,5.962497273811135
26,200,2,100,linear,NPT-FR,Correlation,0.004856088499045052
26,200,2,100,linear,Marginal-FR,Marginal,5.962497273811135
26,200,2,100,linear,Marginal-FR,Correlation,0.021277845655201855
26,200,2,100,linear,Gaussian-FR,Marginal,7.3474584706922546
26,200,2,100,linear,Gaussian-FR,Correlation,0.005311428428900767
27,200,2,100,linear,NPT-FR,Marginal,5.605652017424807
27,200,2,100,linear,NPT-FR,Correlation,0.0049108910313209065
27,200,2,100,linear,Marginal-FR,Marginal,5.605652017424807
27,200,2,100,linear,Marginal-FR,Correlation,0.01906114059356772
27,200,2,100,linear,Gaussian-FR,Marginal,6.888599972811642
27,200,2,100,linear,Gaussian-FR,Correlation,0.00507495299069221
28,200,2,100,linear,NPT-FR,Marginal,5.218629260634436
28,200,2,100,linear,NPT-FR,Correlation,0.005813817176493563
28,200,2,100,linear,Marginal-FR,Marginal,5.218629260634436
28,200,2,100,linear,Marginal-FR,Correlation,0.022628955523365735
28,200,2,100,linear,Gaussian-FR,Marginal,6.658974755423452
28,200,2,100,linear,Gaussian-FR,Correlation,0.006126888246236298
29,200,2,100,linear,NPT-FR,Marginal,6.336276192346656
29,200,2,100,linear,NPT-FR,Correlation,0.005735849788733433
29,200,2,100,linear,Marginal-FR,Marginal,6.336276192346656
29,200,2,100,linear,Marginal-FR,Correlation,0.021462216553495686
29,200,2,100,linear,Gaussian-FR,Marginal,7.522098975145822
29,200,2,100,linear,Gaussian-FR,Correlation,0.006176389778465477
30,200,2,100,linear,NPT-FR,Marginal,5.109308219101407
30,200,2,100,linear,NPT-FR,Correlation,0.0051886241828923395
30,200,2,100,linear,Marginal-FR,Marginal,5.109308219101407
30,200,2,100,linear,Marginal-FR,Correlation,0.01933289546362789
30,200,2,100,linear,Gaussian-FR,Marginal,6.3482788250253215
30,200,2,100,linear,Gaussian-FR,Correlation,0.005327084855644832
31,200,2,100,linear,NPT-FR,Marginal,5.785717890671915
31,200,2,100,linear,NPT-FR,Correlation,0.00628014221013351
31,200,2,100,linear,Marginal-FR,Marginal,5.785717890671915
31,200,2,100,linear,Marginal-FR,Correlation,0.023511823251479783
31,200,2,100,linear,Gaussian-FR,Marginal,7.129659695436665
31,200,2,100,linear,Gaussian-FR,Correlation,0.00667079188218094
32,200,2,100,linear,NPT-FR,Marginal,6.015403742121684
32,200,2,100,linear,NPT-FR,Correlation,0.005174489135172649
32,200,2,100,linear,Marginal-FR,Marginal,6.015403742121684
32,200,2,100,linear,Marginal-FR,Correlation,0.02039974617000936
32,200,2,100,linear,Gaussian-FR,Marginal,7.353313304688941
32,200,2,100,linear,Gaussian-FR,Correlation,0.005316022306497709
33,200,2,100,linear,NPT-FR,Marginal,5.669811346139951
33,200,2,100,linear,NPT-FR,Correlation,0.00537328593841397
33,200,2,100,linear,Marginal-FR,Marginal,5.669811346139951
33,200,2,100,linear,Marginal-FR,Correlation,0.02168042176693966
33,200,2,100,linear,Gaussian-FR,Marginal,7.032956004633249
33,200,2,100,linear,Gaussian-FR,Correlation,0.005367557220319818
34,200,2,100,linear,NPT-FR,Marginal,5.940436190487722
34,200,2,100,linear,NPT-FR,Correlation,0.0053136277569823176
34,200,2,100,linear,Marginal-FR,Marginal,5.940436190487722
34,200,2,100,linear,Marginal-FR,Correlation,0.019492321443728096
34,200,2,100,linear,Gaussian-FR,Marginal,7.33500807426914
34,200,2,100,linear,Gaussian-FR,Correlation,0.005777449248522726
35,200,2,100,linear,NPT-FR,Marginal,6.327546884463114
35,200,2,100,linear,NPT-FR,Correlation,0.004941249367947575
35,200,2,100,linear,Marginal-FR,Marginal,6.327546884463114
35,200,2,100,linear,Marginal-FR,Correlation,0.020237636342571547
35,200,2,100,linear,Gaussian-FR,Marginal,7.5991079368082515
35,200,2,100,linear,Gaussian-FR,Correlation,0.005646398060892778
36,200,2,100,linear,NPT-FR,Marginal,6.086647506718226
36,200,2,100,linear,NPT-FR,Correlation,0.005684139730660309
36,200,2,100,linear,Marginal-FR,Marginal,6.086647506718226
36,200,2,100,linear,Marginal-FR,Correlation,0.020331859859672022
36,200,2,100,linear,Gaussian-FR,Marginal,7.511174259802458
36,200,2,100,linear,Gaussian-FR,Correlation,0.0060035225443077125
37,200,2,100,linear,NPT-FR,Marginal,5.574158793612936
37,200,2,100,linear,NPT-FR,Correlation,0.004563857756618747
37,200,2,100,linear,Marginal-FR,Marginal,5.574158793612936
37,200,2,100,linear,Marginal-FR,Correlation,0.019917416628876302
37,200,2,100,linear,Gaussian-FR,Marginal,6.979257729191527
37,200,2,100,linear,Gaussian-FR,Correlation,0.004625453856912337
38,200,2,100,linear,NPT-FR,Marginal,5.984486243225132
38,200,2,100,linear,NPT-FR,Correlation,0.005786181940142709
38,200,2,100,linear,Marginal-FR,Marginal,5.984486243225132
38,200,2,100,linear,Marginal-FR,Correlation,0.02021208237441705
38,200,2,100,linear,Gaussian-FR,Marginal,7.298401613839335
38,200,2,100,linear,Gaussian-FR,Correlation,0.0058071142240167135
39,200,2,100,linear,NPT-FR,Marginal,5.760100733478504
39,200,2,100,linear,NPT-FR,Correlation,0.00563103779274991
39,200,2,100,linear,Marginal-FR,Marginal,5.760100733478504
39,200,2,100,linear,Marginal-FR,Correlation,0.020152334340098166
39,200,2,100,linear,Gaussian-FR,Marginal,7.125972851919821
39,200,2,100,linear,Gaussian-FR,Correlation,0.005694415841330311
40,200,2,100,linear,NPT-FR,Marginal,6.081642157977443
40,200,2,100,linear,NPT-FR,Correlation,0.005324741461158547
40,200,2,100,linear,Marginal-FR,Marginal,6.081642157977443
40,200,2,100,linear,Marginal-FR,Correlation,0.02057917865299253
40,200,2,100,linear,Gaussian-FR,Marginal,7.326269113894757
40,200,2,100,linear,Gaussian-FR,Correlation,0.005969405524976306
41,200,2,100,linear,NPT-FR,Marginal,5.407812224158759
41,200,2,100,linear,NPT-FR,Correlation,0.004876679544297954
41,200,2,100,linear,Marginal-FR,Marginal,5.407812224158759
41,200,2,100,linear,Marginal-FR,Correlation,0.020078282659493574
41,200,2,100,linear,Gaussian-FR,Marginal,6.76043024928703
41,200,2,100,linear,Gaussian-FR,Correlation,0.005092875990514709
42,200,2,100,linear,NPT-FR,Marginal,5.4827000992919555
42,200,2,100,linear,NPT-FR,Correlation,0.00476297367229017
42,200,2,100,linear,Marginal-FR,Marginal,5.4827000992919555
42,200,2,100,linear,Marginal-FR,Correlation,0.021512976118344823
42,200,2,100,linear,Gaussian-FR,Marginal,6.8372807555770985
42,200,2,100,linear,Gaussian-FR,Correlation,0.005268030025262224
43,200,2,100,linear,NPT-FR,Marginal,6.298871621916105
43,200,2,100,linear,NPT-FR,Correlation,0.00544390111865555
43,200,2,100,linear,Marginal-FR,Marginal,6.298871621916105
43,200,2,100,linear,Marginal-FR,Correlation,0.021653604033214837
43,200,2,100,linear,Gaussian-FR,Marginal,7.477860178103594
43,200,2,100,linear,Gaussian-FR,Correlation,0.006224591804181974
44,200,2,100,linear,NPT-FR,Marginal,6.204016913138377
44,200,2,100,linear,NPT-FR,Correlation,0.00531791052832239
44,200,2,100,linear,Marginal-FR,Marginal,6.204016913138377
44,200,2,100,linear,Marginal-FR,Correlation,0.021891859697112142
44,200,2,100,linear,Gaussian-FR,Marginal,7.651421973900094
44,200,2,100,linear,Gaussian-FR,Correlation,0.005381609771830891
45,200,2,100,linear,NPT-FR,Marginal,5.5753617942655325
45,200,2,100,linear,NPT-FR,Correlation,0.0048641535529072005
45,200,2,100,linear,Marginal-FR,Marginal,5.5753617942655325
45,200,2,100,linear,Marginal-FR,Correlation,0.021302004516526692
45,200,2,100,linear,Gaussian-FR,Marginal,6.896006289945793
45,200,2,100,linear,Gaussian-FR,Correlation,0.005676776225686828
46,200,2,100,linear,NPT-FR,Marginal,6.116867645921092
46,200,2,100,linear,NPT-FR,Correlation,0.0049251044322018295
46,200,2,100,linear,Marginal-FR,Marginal,6.116867645921092
46,200,2,100,linear,Marginal-FR,Correlation,0.0208847329303771
46,200,2,100,linear,Gaussian-FR,Marginal,7.626098941007411
46,200,2,100,linear,Gaussian-FR,Correlation,0.0053008638367989126
47,200,2,100,linear,NPT-FR,Marginal,6.4436578251959435
47,200,2,100,linear,NPT-FR,Correlation,0.005253879577815007
47,200,2,100,linear,Marginal-FR,Marginal,6.4436578251959435
47,200,2,100,linear,Marginal-FR,Correlation,0.019866969700118475
47,200,2,100,linear,Gaussian-FR,Marginal,7.744310052917797
47,200,2,100,linear,Gaussian-FR,Correlation,0.005800488769959433
48,200,2,100,linear,NPT-FR,Marginal,5.492657199169939
48,200,2,100,linear,NPT-FR,Correlation,0.005347132087264937
48,200,2,100,linear,Marginal-FR,Marginal,5.492657199169939
48,200,2,100,linear,Marginal-FR,Correlation,0.02061786602542614
48,200,2,100,linear,Gaussian-FR,Marginal,6.766417702267956
48,200,2,100,linear,Gaussian-FR,Correlation,0.0055001943183996165
49,200,2,100,linear,NPT-FR,Marginal,5.811350948127872
49,200,2,100,linear,NPT-FR,Correlation,0.005250378970578844
49,200,2,100,linear,Marginal-FR,Marginal,5.811350948127872
49,200,2,100,linear,Marginal-FR,Correlation,0.021374961458366967
49,200,2,100,linear,Gaussian-FR,Marginal,7.182677629205072
49,200,2,100,linear,Gaussian-FR,Correlation,0.005659798653474747
50,200,2,100,linear,NPT-FR,Marginal,6.120315676132739
50,200,2,100,linear,NPT-FR,Correlation,0.0051181423500634374
50,200,2,100,linear,Marginal-FR,Marginal,6.120315676132739
50,200,2,100,linear,Marginal-FR,Correlation,0.01854643393032856
50,200,2,100,linear,Gaussian-FR,Marginal,7.559331804560596
50,200,2,100,linear,Gaussian-FR,Correlation,0.005357257862531076
51,200,2,100,linear,NPT-FR,Marginal,5.634663273927535
51,200,2,100,linear,NPT-FR,Correlation,0.005374768933632332
51,200,2,100,linear,Marginal-FR,Marginal,5.634663273927535
51,200,2,100,linear,Marginal-FR,Correlation,0.020202178075414377
51,200,2,100,linear,Gaussian-FR,Marginal,6.957358136132335
51,200,2,100,linear,Gaussian-FR,Correlation,0.00541031118204482
52,200,2,100,linear,NPT-FR,Marginal,5.827951917474033
52,200,2,100,linear,NPT-FR,Correlation,0.005214045519041226
52,200,2,100,linear,Marginal-FR,Marginal,5.827951917474033
52,200,2,100,linear,Marginal-FR,Correlation,0.019717951662216543
52,200,2,100,linear,Gaussian-FR,Marginal,7.286512004581547
52,200,2,100,linear,Gaussian-FR,Correlation,0.005269771459437327
53,200,2,100,linear,NPT-FR,Marginal,5.696415961058715
53,200,2,100,linear,NPT-FR,Correlation,0.005091714179187721
53,200,2,100,linear,Marginal-FR,Marginal,5.696415961058715
53,200,2,100,linear,Marginal-FR,Correlation,0.021852813777672626
53,200,2,100,linear,Gaussian-FR,Marginal,6.945161704675379
53,200,2,100,linear,Gaussian-FR,Correlation,0.005300623975350126
54,200,2,100,linear,NPT-FR,Marginal,5.873368063743833
54,200,2,100,linear,NPT-FR,Correlation,0.004976290532138126
54,200,2,100,linear,Marginal-FR,Marginal,5.873368063743833
54,200,2,100,linear,Marginal-FR,Correlation,0.019044414906013666
54,200,2,100,linear,Gaussian-FR,Marginal,7.110846666218642
54,200,2,100,linear,Gaussian-FR,Correlation,0.0051056508521101825
55,200,2,100,linear,NPT-FR,Marginal,5.663133472987788
55,200,2,100,linear,NPT-FR,Correlation,0.005490821701929544
55,200,2,100,linear,Marginal-FR,Marginal,5.663133472987788
55,200,2,100,linear,Marginal-FR,Correlation,0.020038832009855994
55,200,2,100,linear,Gaussian-FR,Marginal,7.087880448855226
55,200,2,100,linear,Gaussian-FR,Correlation,0.005717610633564658
56,200,2,100,linear,NPT-FR,Marginal,5.780560835704943
56,200,2,100,linear,NPT-FR,Correlation,0.005743338570777768
56,200,2,100,linear,Marginal-FR,Marginal,5.780560835704943
56,200,2,100,linear,Marginal-FR,Correlation,0.02102540632317615
56,200,2,100,linear,Gaussian-FR,Marginal,7.021431008213316
56,200,2,100,linear,Gaussian-FR,Correlation,0.006076087770680091
57,200,2,100,linear,NPT-FR,Marginal,5.818076476979444
57,200,2,100,linear,NPT-FR,Correlation,0.0060023604377309825
57,200,2,100,linear,Marginal-FR,Marginal,5.818076476979444
57,200,2,100,linear,Marginal-FR,Correlation,0.02115174011869795
57,200,2,100,linear,Gaussian-FR,Marginal,7.220461439357068
57,200,2,100,linear,Gaussian-FR,Correlation,0.006093965458523733
58,200,2,100,linear,NPT-FR,Marginal,6.222941911088762
58,200,2,100,linear,NPT-FR,Correlation,0.005607872477178649
58,200,2,100,linear,Marginal-FR,Marginal,6.222941911088762
58,200,2,100,linear,Marginal-FR,Correlation,0.02116752530588189
58,200,2,100,linear,Gaussian-FR,Marginal,7.433816135546861
58,200,2,100,linear,Gaussian-FR,Correlation,0.00610891108785003
59,200,2,100,linear,NPT-FR,Marginal,5.482597725199366
59,200,2,100,linear,NPT-FR,Correlation,0.005449641592215903
59,200,2,100,linear,Marginal-FR,Marginal,5.482597725199366
59,200,2,100,linear,Marginal-FR,Correlation,0.020957058255992745
59,200,2,100,linear,Gaussian-FR,Marginal,6.857443108973671
59,200,2,100,linear,Gaussian-FR,Correlation,0.0056901130380241334
60,200,2,100,linear,NPT-FR,Marginal,5.473814907503888
60,200,2,100,linear,NPT-FR,Correlation,0.00572395887581233
60,200,2,100,linear,Marginal-FR,Marginal,5.473814907503888
60,200,2,100,linear,Marginal-FR,Correlation,0.022903439856757937
60,200,2,100,linear,Gaussian-FR,Marginal,6.712481041971532
60,200,2,100,linear,Gaussian-FR,Correlation,0.005668868384160061
61,200,2,100,linear,NPT-FR,Marginal,6.066717043150754
61,200,2,100,linear,NPT-FR,Correlation,0.005397875817717136
61,200,2,100,linear,Marginal-FR,Marginal,6.066717043150754
61,200,2,100,linear,Marginal-FR,Correlation,0.020097250010947358
61,200,2,100,linear,Gaussian-FR,Marginal,7.2928271148197625
61,200,2,100,linear,Gaussian-FR,Correlation,0.005520569357774047
62,200,2,100,linear,NPT-FR,Marginal,5.936818446481141
62,200,2,100,linear,NPT-FR,Correlation,0.005647582254477015
62,200,2,100,linear,Marginal-FR,Marginal,5.936818446481141
62,200,2,100,linear,Marginal-FR,Correlation,0.020465265929779534
62,200,2,100,linear,Gaussian-FR,Marginal,7.277527993892869
62,200,2,100,linear,Gaussian-FR,Correlation,0.006001967538751593
63,200,2,100,linear,NPT-FR,Marginal,5.291879646952832
63,200,2,100,linear,NPT-FR,Correlation,0.005335568422047959
63,200,2,100,linear,Marginal-FR,Marginal,5.291879646952832
63,200,2,100,linear,Marginal-FR,Correlation,0.021721849214773766
63,200,2,100,linear,Gaussian-FR,Marginal,6.659941614503823
63,200,2,100,linear,Gaussian-FR,Correlation,0.005867421607315384
64,200,2,100,linear,NPT-FR,Marginal,5.946407215738122
64,200,2,100,linear,NPT-FR,Correlation,0.005711163360517024
64,200,2,100,linear,Marginal-FR,Marginal,5.946407215738122
64,200,2,100,linear,Marginal-FR,Correlation,0.02088343316746078
64,200,2,100,linear,Gaussian-FR,Marginal,7.244400982827345
64,200,2,100,linear,Gaussian-FR,Correlation,0.006032589079662231
65,200,2,100,linear,NPT-FR,Marginal,5.958792189328214
65,200,2,100,linear,NPT-FR,Correlation,0.005407189930839328
65,200,2,100,linear,Marginal-FR,Marginal,5.958792189328214
65,200,2,100,linear,Marginal-FR,Correlation,0.020054881546059715
65,200,2,100,linear,Gaussian-FR,Marginal,7.3724160489606385
65,200,2,100,linear,Gaussian-FR,Correlation,0.0059248027366552965
66,200,2,100,linear,NPT-FR,Marginal,5.6818949663171
66,200,2,100,linear,NPT-FR,Correlation,0.005407465307273482
66,200,2,100,linear,Marginal-FR,Marginal,5.6818949663171
66,200,2,100,linear,Marginal-FR,Correlation,0.020653055162043278
66,200,2,100,linear,Gaussian-FR,Marginal,6.903876639630328
66,200,2,100,linear,Gaussian-FR,Correlation,0.005969399320105183
67,200,2,100,linear,NPT-FR,Marginal,5.549947462713242
67,200,2,100,linear,NPT-FR,Correlation,0.005249234990275606
67,200,2,100,linear,Marginal-FR,Marginal,5.549947462713242
67,200,2,100,linear,Marginal-FR,Correlation,0.0199780103221287
67,200,2,100,linear,Gaussian-FR,Marginal,7.0431386265163916
67,200,2,100,linear,Gaussian-FR,Correlation,0.0054759491526171124
68,200,2,100,linear,NPT-FR,Marginal,5.674152885292694
68,200,2,100,linear,NPT-FR,Correlation,0.005354606243302593
68,200,2,100,linear,Marginal-FR,Marginal,5.674152885292694
68,200,2,100,linear,Marginal-FR,Correlation,0.021989785053089354
68,200,2,100,linear,Gaussian-FR,Marginal,7.029732425509199
68,200,2,100,linear,Gaussian-FR,Correlation,0.005548965081330906
69,200,2,100,linear,NPT-FR,Marginal,5.960351562247753
69,200,2,100,linear,NPT-FR,Correlation,0.005310134228629013
69,200,2,100,linear,Marginal-FR,Marginal,5.960351562247753
69,200,2,100,linear,Marginal-FR,Correlation,0.021759184280733077
69,200,2,100,linear,Gaussian-FR,Marginal,7.3380269714392465
69,200,2,100,linear,Gaussian-FR,Correlation,0.005614920207576179
70,200,2,100,linear,NPT-FR,Marginal,5.757080007840952
70,200,2,100,linear,NPT-FR,Correlation,0.0047519056671163
70,200,2,100,linear,Marginal-FR,Marginal,5.757080007840952
70,200,2,100,linear,Marginal-FR,Correlation,0.020131192772011863
70,200,2,100,linear,Gaussian-FR,Marginal,7.129178379230398
70,200,2,100,linear,Gaussian-FR,Correlation,0.004975106592572818
71,200,2,100,linear,NPT-FR,Marginal,5.75581017701205
71,200,2,100,linear,NPT-FR,Correlation,0.005869280416173969
71,200,2,100,linear,Marginal-FR,Marginal,5.75581017701205
71,200,2,100,linear,Marginal-FR,Correlation,0.021848690266042064
71,200,2,100,linear,Gaussian-FR,Marginal,7.083729232329562
71,200,2,100,linear,Gaussian-FR,Correlation,0.006108820886389362
72,200,2,100,linear,NPT-FR,Marginal,6.0508025825733025
72,200,2,100,linear,NPT-FR,Correlation,0.005858163206798944
72,200,2,100,linear,Marginal-FR,Marginal,6.0508025825733025
72,200,2,100,linear,Marginal-FR,Correlation,0.021394263084775135
72,200,2,100,linear,Gaussian-FR,Marginal,7.465901358084613
72,200,2,100,linear,Gaussian-FR,Correlation,0.006048322200319954
73,200,2,100,linear,NPT-FR,Marginal,6.461882059887349
73,200,2,100,linear,NPT-FR,Correlation,0.005389830543548682
73,200,2,100,linear,Marginal-FR,Marginal,6.461882059887349
73,200,2,100,linear,Marginal-FR,Correlation,0.020877676765491564
73,200,2,100,linear,Gaussian-FR,Marginal,7.771012451999608
73,200,2,100,linear,Gaussian-FR,Correlation,0.005634496366597529
74,200,2,100,linear,NPT-FR,Marginal,6.12435429385466
74,200,2,100,linear,NPT-FR,Correlation,0.005580559814534935
74,200,2,100,linear,Marginal-FR,Marginal,6.12435429385466
74,200,2,100,linear,Marginal-FR,Correlation,0.02214737555055359
74,200,2,100,linear,Gaussian-FR,Marginal,7.467368271615537
74,200,2,100,linear,Gaussian-FR,Correlation,0.005981159398462676
75,200,2,100,linear,NPT-FR,Marginal,5.417879617589385
75,200,2,100,linear,NPT-FR,Correlation,0.0058452959980830116
75,200,2,100,linear,Marginal-FR,Marginal,5.417879617589385
75,200,2,100,linear,Marginal-FR,Correlation,0.021107340724363505
75,200,2,100,linear,Gaussian-FR,Marginal,6.709235287606964
75,200,2,100,linear,Gaussian-FR,Correlation,0.006213317681502446
76,200,2,100,linear,NPT-FR,Marginal,5.394343710034989
76,200,2,100,linear,NPT-FR,Correlation,0.00444734477405667
76,200,2,100,linear,Marginal-FR,Marginal,5.394343710034989
76,200,2,100,linear,Marginal-FR,Correlation,0.02008538171123943
76,200,2,100,linear,Gaussian-FR,Marginal,6.790789782794733
76,200,2,100,linear,Gaussian-FR,Correlation,0.004753317334117386
77,200,2,100,linear,NPT-FR,Marginal,5.4334564114567225
77,200,2,100,linear,NPT-FR,Correlation,0.0051631193082238595
77,200,2,100,linear,Marginal-FR,Marginal,5.4334564114567225
77,200,2,100,linear,Marginal-FR,Correlation,0.0200479235542753
77,200,2,100,linear,Gaussian-FR,Marginal,6.821263455947529
77,200,2,100,linear,Gaussian-FR,Correlation,0.005294105320478929
78,200,2,100,linear,NPT-FR,Marginal,5.742809007549807
78,200,2,100,linear,NPT-FR,Correlation,0.005238214694417368
78,200,2,100,linear,Marginal-FR,Marginal,5.742809007549807
78,200,2,100,linear,Marginal-FR,Correlation,0.020972632966708815
78,200,2,100,linear,Gaussian-FR,Marginal,6.967013228247518
78,200,2,100,linear,Gaussian-FR,Correlation,0.005447115294411298
79,200,2,100,linear,NPT-FR,Marginal,5.5226169213844205
79,200,2,100,linear,NPT-FR,Correlation,0.004822609093281217
79,200,2,100,linear,Marginal-FR,Marginal,5.5226169213844205
79,200,2,100,linear,Marginal-FR,Correlation,0.01959736675684543
79,200,2,100,linear,Gaussian-FR,Marginal,6.902808901472316
79,200,2,100,linear,Gaussian-FR,Correlation,0.005058230371749207
80,200,2,100,linear,NPT-FR,Marginal,5.201390787330887
80,200,2,100,linear,NPT-FR,Correlation,0.004911725521158991
80,200,2,100,linear,Marginal-FR,Marginal,5.201390787330887
80,200,2,100,linear,Marginal-FR,Correlation,0.020454829169050056
80,200,2,100,linear,Gaussian-FR,Marginal,6.556458748221269
80,200,2,100,linear,Gaussian-FR,Correlation,0.005114216458656257
81,200,2,100,linear,NPT-FR,Marginal,5.844023309500162
81,200,2,100,linear,NPT-FR,Correlation,0.005553519169390033
81,200,2,100,linear,Marginal-FR,Marginal,5.844023309500162
81,200,2,100,linear,Marginal-FR,Correlation,0.018089924110189476
81,200,2,100,linear,Gaussian-FR,Marginal,7.1121387004655325
81,200,2,100,linear,Gaussian-FR,Correlation,0.005675437851143162
82,200,2,100,linear,NPT-FR,Marginal,6.007539016319729
82,200,2,100,linear,NPT-FR,Correlation,0.005691977889029812
82,200,2,100,linear,Marginal-FR,Marginal,6.007539016319729
82,200,2,100,linear,Marginal-FR,Correlation,0.020467235837765003
82,200,2,100,linear,Gaussian-FR,Marginal,7.299761498865082
82,200,2,100,linear,Gaussian-FR,Correlation,0.0061229207718192765
83,200,2,100,linear,NPT-FR,Marginal,5.303197144017751
83,200,2,100,linear,NPT-FR,Correlation,0.005397403542090942
83,200,2,100,linear,Marginal-FR,Marginal,5.303197144017751
83,200,2,100,linear,Marginal-FR,Correlation,0.02033968837290305
83,200,2,100,linear,Gaussian-FR,Marginal,6.68233273453046
83,200,2,100,linear,Gaussian-FR,Correlation,0.005854860190290914
84,200,2,100,linear,NPT-FR,Marginal,6.320493390041319
84,200,2,100,linear,NPT-FR,Correlation,0.005245596157258559
84,200,2,100,linear,Marginal-FR,Marginal,6.320493390041319
84,200,2,100,linear,Marginal-FR,Correlation,0.020674257765949205
84,200,2,100,linear,Gaussian-FR,Marginal,7.758984601721448
84,200,2,100,linear,Gaussian-FR,Correlation,0.005473170477675164
85,200,2,100,linear,NPT-FR,Marginal,5.346588436525925
85,200,2,100,linear,NPT-FR,Correlation,0.005454798104562217
85,200,2,100,linear,Marginal-FR,Marginal,5.346588436525925
85,200,2,100,linear,Marginal-FR,Correlation,0.02012001872799075
85,200,2,100,linear,Gaussian-FR,Marginal,6.765319758762677
85,200,2,100,linear,Gaussian-FR,Correlation,0.005675890394546755
86,200,2,100,linear,NPT-FR,Marginal,5.491967858655598
86,200,2,100,linear,NPT-FR,Correlation,0.005615811528377973
86,200,2,100,linear,Marginal-FR,Marginal,5.491967858655598
86,200,2,100,linear,Marginal-FR,Correlation,0.021442939424597563
86,200,2,100,linear,Gaussian-FR,Marginal,6.846601652473933
86,200,2,100,linear,Gaussian-FR,Correlation,0.00618192677223495
87,200,2,100,linear,NPT-FR,Marginal,6.2554176151813685
87,200,2,100,linear,NPT-FR,Correlation,0.005175790083521659
87,200,2,100,linear,Marginal-FR,Marginal,6.2554176151813685
87,200,2,100,linear,Marginal-FR,Correlation,0.01986351318660491
87,200,2,100,linear,Gaussian-FR,Marginal,7.724224086732514
87,200,2,100,linear,Gaussian-FR,Correlation,0.005230425719562994
88,200,2,100,linear,NPT-FR,Marginal,5.633499014015699
88,200,2,100,linear,NPT-FR,Correlation,0.005622864784081762
88,200,2,100,linear,Marginal-FR,Marginal,5.633499014015699
88,200,2,100,linear,Marginal-FR,Correlation,0.020264016645708517
88,200,2,100,linear,Gaussian-FR,Marginal,6.964159484762438
88,200,2,100,linear,Gaussian-FR,Correlation,0.005537351388264782
89,200,2,100,linear,NPT-FR,Marginal,6.077454969492582
89,200,2,100,linear,NPT-FR,Correlation,0.005203715658893742
89,200,2,100,linear,Marginal-FR,Marginal,6.077454969492582
89,200,2,100,linear,Marginal-FR,Correlation,0.020125345538711262
89,200,2,100,linear,Gaussian-FR,Marginal,7.374129986801888
89,200,2,100,linear,Gaussian-FR,Correlation,0.005591640177430748
90,200,2,100,linear,NPT-FR,Marginal,5.758198397798123
90,200,2,100,linear,NPT-FR,Correlation,0.005300505096872188
90,200,2,100,linear,Marginal-FR,Marginal,5.758198397798123
90,200,2,100,linear,Marginal-FR,Correlation,0.022786170312117777
90,200,2,100,linear,Gaussian-FR,Marginal,7.140062911177583
90,200,2,100,linear,Gaussian-FR,Correlation,0.00591283001645187
91,200,2,100,linear,NPT-FR,Marginal,5.798976801843562
91,200,2,100,linear,NPT-FR,Correlation,0.0053056461315541875
91,200,2,100,linear,Marginal-FR,Marginal,5.798976801843562
91,200,2,100,linear,Marginal-FR,Correlation,0.021611835557246897
91,200,2,100,linear,Gaussian-FR,Marginal,7.022333534850819
91,200,2,100,linear,Gaussian-FR,Correlation,0.005584432390933044
92,200,2,100,linear,NPT-FR,Marginal,5.446123965499016
92,200,2,100,linear,NPT-FR,Correlation,0.005612472730145022
92,200,2,100,linear,Marginal-FR,Marginal,5.446123965499016
92,200,2,100,linear,Marginal-FR,Correlation,0.0209742435788547
92,200,2,100,linear,Gaussian-FR,Marginal,6.865936721304143
92,200,2,100,linear,Gaussian-FR,Correlation,0.005888202204654813
93,200,2,100,linear,NPT-FR,Marginal,5.877181962216339
93,200,2,100,linear,NPT-FR,Correlation,0.005227803923255305
93,200,2,100,linear,Marginal-FR,Marginal,5.877181962216339
93,200,2,100,linear,Marginal-FR,Correlation,0.020544660426271073
93,200,2,100,linear,Gaussian-FR,Marginal,7.2010015329459005
93,200,2,100,linear,Gaussian-FR,Correlation,0.005489272526749756
94,200,2,100,linear,NPT-FR,Marginal,5.696668607386435
94,200,2,100,linear,NPT-FR,Correlation,0.005797345262039125
94,200,2,100,linear,Marginal-FR,Marginal,5.696668607386435
94,200,2,100,linear,Marginal-FR,Correlation,0.020364604638542397
94,200,2,100,linear,Gaussian-FR,Marginal,7.01450654566656
94,200,2,100,linear,Gaussian-FR,Correlation,0.0060217838879078845
95,200,2,100,linear,NPT-FR,Marginal,5.375225591019339
95,200,2,100,linear,NPT-FR,Correlation,0.005812984209033447
95,200,2,100,linear,Marginal-FR,Marginal,5.375225591019339
95,200,2,100,linear,Marginal-FR,Correlation,0.022900367480225572
95,200,2,100,linear,Gaussian-FR,Marginal,6.752295606001185
95,200,2,100,linear,Gaussian-FR,Correlation,0.005521482331410729
96,200,2,100,linear,NPT-FR,Marginal,5.442549527763936
96,200,2,100,linear,NPT-FR,Correlation,0.005397966831432303
96,200,2,100,linear,Marginal-FR,Marginal,5.442549527763936
96,200,2,100,linear,Marginal-FR,Correlation,0.019105109469502862
96,200,2,100,linear,Gaussian-FR,Marginal,6.760231350057332
96,200,2,100,linear,Gaussian-FR,Correlation,0.005727406823265415
97,200,2,100,linear,NPT-FR,Marginal,5.696318451001186
97,200,2,100,linear,NPT-FR,Correlation,0.00456478400532467
97,200,2,100,linear,Marginal-FR,Marginal,5.696318451001186
97,200,2,100,linear,Marginal-FR,Correlation,0.01964983890628137
97,200,2,100,linear,Gaussian-FR,Marginal,6.962237783488151
97,200,2,100,linear,Gaussian-FR,Correlation,0.004778918883481898
98,200,2,100,linear,NPT-FR,Marginal,5.665116865637744
98,200,2,100,linear,NPT-FR,Correlation,0.005162280168009073
98,200,2,100,linear,Marginal-FR,Marginal,5.665116865637744
98,200,2,100,linear,Marginal-FR,Correlation,0.020608808844769802
98,200,2,100,linear,Gaussian-FR,Marginal,7.072720504017454
98,200,2,100,linear,Gaussian-FR,Correlation,0.005241066130201643
99,200,2,100,linear,NPT-FR,Marginal,5.96809133913486
99,200,2,100,linear,NPT-FR,Correlation,0.004965496832310199
99,200,2,100,linear,Marginal-FR,Marginal,5.96809133913486
99,200,2,100,linear,Marginal-FR,Correlation,0.02152808200752463
99,200,2,100,linear,Gaussian-FR,Marginal,7.3704053696652
99,200,2,100,linear,Gaussian-FR,Correlation,0.005267240597439226
0,200,2,100,nonlinear,NPT-FR,Marginal,5.611123752320927
0,200,2,100,nonlinear,NPT-FR,Correlation,0.005349672031880394
0,200,2,100,nonlinear,Marginal-FR,Marginal,5.611123752320927
0,200,2,100,nonlinear,Marginal-FR,Correlation,0.3845743183730516
0,200,2,100,nonlinear,Gaussian-FR,Marginal,6.818100974379124
0,200,2,100,nonlinear,Gaussian-FR,Correlation,0.021081157637902224
1,200,2,100,nonlinear,NPT-FR,Marginal,5.733048091483297
1,200,2,100,nonlinear,NPT-FR,Correlation,0.0047138921616111645
1,200,2,100,nonlinear,Marginal-FR,Marginal,5.733048091483297
1,200,2,100,nonlinear,Marginal-FR,Correlation,0.38059296804959064
1,200,2,100,nonlinear,Gaussian-FR,Marginal,7.075375104175132
1,200,2,100,nonlinear,Gaussian-FR,Correlation,0.022705665071717646
2,200,2,100,nonlinear,NPT-FR,Marginal,6.181145219426284
2,200,2,100,nonlinear,NPT-FR,Correlation,0.0054245861462884366
2,200,2,100,nonlinear,Marginal-FR,Marginal,6.181145219426284
2,200,2,100,nonlinear,Marginal-FR,Correlation,0.3795670841933966
2,200,2,100,nonlinear,Gaussian-FR,Marginal,7.495201837476952
2,200,2,100,nonlinear,Gaussian-FR,Correlation,0.0229632394640873
3,200,2,100,nonlinear,NPT-FR,Marginal,5.474036882622713
3,200,2,100,nonlinear,NPT-FR,Correlation,0.004966024483101078
3,200,2,100,nonlinear,Marginal-FR,Marginal,5.474036882622713
3,200,2,100,nonlinear,Marginal-FR,Correlation,0.3977848638239022
3,200,2,100,nonlinear,Gaussian-FR,Marginal,6.874734580153657
3,200,2,100,nonlinear,Gaussian-FR,Correlation,0.021798661774564528
4,200,2,100,nonlinear,NPT-FR,Marginal,5.717500964297972
4,200,2,100,nonlinear,NPT-FR,Correlation,0.005098973382735117
4,200,2,100,nonlinear,Marginal-FR,Marginal,5.717500964297972
4,200,2,100,nonlinear,Marginal-FR,Correlation,0.37705659294594446
4,200,2,100,nonlinear,Gaussian-FR,Marginal,7.065862650176958
4,200,2,100,nonlinear,Gaussian-FR,Correlation,0.020972694152411462
5,200,2,100,nonlinear,NPT-FR,Marginal,6.112421019150144
5,200,2,100,nonlinear,NPT-FR,Correlation,0.005362712525497888
5,200,2,100,nonlinear,Marginal-FR,Marginal,6.112421019150144
5,200,2,100,nonlinear,Marginal-FR,Correlation,0.37970313366440306
5,200,2,100,nonlinear,Gaussian-FR,Marginal,7.4173849947253565
5,200,2,100,nonlinear,Gaussian-FR,Correlation,0.023470316905979154
6,200,2,100,nonlinear,NPT-FR,Marginal,5.658377664416257
6,200,2,100,nonlinear,NPT-FR,Correlation,0.005948134656077734
6,200,2,100,nonlinear,Marginal-FR,Marginal,5.658377664416257
6,200,2,100,nonlinear,Marginal-FR,Correlation,0.3860782965720048
6,200,2,100,nonlinear,Gaussian-FR,Marginal,7.004841082044205
6,200,2,100,nonlinear,Gaussian-FR,Correlation,0.02420174911258459
7,200,2,100,nonlinear,NPT-FR,Marginal,5.742559200876137
7,200,2,100,nonlinear,NPT-FR,Correlation,0.004781332368153253
7,200,2,100,nonlinear,Marginal-FR,Marginal,5.742559200876137
7,200,2,100,nonlinear,Marginal-FR,Correlation,0.36550500677803416
7,200,2,100,nonlinear,Gaussian-FR,Marginal,7.1590641370878485
7,200,2,100,nonlinear,Gaussian-FR,Correlation,0.019342472920287464
8,200,2,100,nonlinear,NPT-FR,Marginal,5.852594429223083
8,200,2,100,nonlinear,NPT-FR,Correlation,0.00553606435579465
8,200,2,100,nonlinear,Marginal-FR,Marginal,5.852594429223083
8,200,2,100,nonlinear,Marginal-FR,Correlation,0.3918744016260367
8,200,2,100,nonlinear,Gaussian-FR,Marginal,7.224901392101404
8,200,2,100,nonlinear,Gaussian-FR,Correlation,0.02600029809620585
9,200,2,100,nonlinear,NPT-FR,Marginal,5.957118517335973
9,200,2,100,nonlinear,NPT-FR,Correlation,0.006007009911844486
9,200,2,100,nonlinear,Marginal-FR,Marginal,5.957118517335973
9,200,2,100,nonlinear,Marginal-FR,Correlation,0.36159922394612776
9,200,2,100,nonlinear,Gaussian-FR,Marginal,7.30667035074784
9,200,2,100,nonlinear,Gaussian-FR,Correlation,0.022850578662991623
10,200,2,100,nonlinear,NPT-FR,Marginal,5.228139945610856
10,200,2,100,nonlinear,NPT-FR,Correlation,0.005694974944990581
10,200,2,100,nonlinear,Marginal-FR,Marginal,5.228139945610856
10,200,2,100,nonlinear,Marginal-FR,Correlation,0.378914074883883
10,200,2,100,nonlinear,Gaussian-FR,Marginal,6.653521568341137
10,200,2,100,nonlinear,Gaussian-FR,Correlation,0.02278530009225038
11,200,2,100,nonlinear,NPT-FR,Marginal,5.9563040785328845
11,200,2,100,nonlinear,NPT-FR,Correlation,0.004670048494098141
11,200,2,100,nonlinear,Marginal-FR,Marginal,5.9563040785328845
11,200,2,100,nonlinear,Marginal-FR,Correlation,0.3933206553556333
11,200,2,100,nonlinear,Gaussian-FR,Marginal,7.320892786981847
11,200,2,100,nonlinear,Gaussian-FR,Correlation,0.029530313010573267
12,200,2,100,nonlinear,NPT-FR,Marginal,6.089946472123016
12,200,2,100,nonlinear,NPT-FR,Correlation,0.005038642185039192
12,200,2,100,nonlinear,Marginal-FR,Marginal,6.089946472123016
12,200,2,100,nonlinear,Marginal-FR,Correlation,0.3671298242411487
12,200,2,100,nonlinear,Gaussian-FR,Marginal,7.505352326884573
12,200,2,100,nonlinear,Gaussian-FR,Correlation,0.02400680471894811
13,200,2,100,nonlinear,NPT-FR,Marginal,5.482235352473188
13,200,2,100,nonlinear,NPT-FR,Correlation,0.0053291558553306174
13,200,2,100,nonlinear,Marginal-FR,Marginal,5.482235352473188
13,200,2,100,nonlinear,Marginal-FR,Correlation,0.3712006696963509
13,200,2,100,nonlinear,Gaussian-FR,Marginal,6.844042414848333
13,200,2,100,nonlinear,Gaussian-FR,Correlation,0.021925986453461305
14,200,2,100,nonlinear,NPT-FR,Marginal,5.793489694543148
14,200,2,100,nonlinear,NPT-FR,Correlation,0.005126042538402819
14,200,2,100,nonlinear,Marginal-FR,Marginal,5.793489694543148
14,200,2,100,nonlinear,Marginal-FR,Correlation,0.3792364544322908
14,200,2,100,nonlinear,Gaussian-FR,Marginal,7.2022808136156655
14,200,2,100,nonlinear,Gaussian-FR,Correlation,0.022103656143920715
15,200,2,100,nonlinear,NPT-FR,Marginal,5.900231311535821
15,200,2,100,nonlinear,NPT-FR,Correlation,0.005401914819068328
15,200,2,100,nonlinear,Marginal-FR,Marginal,5.900231311535821
15,200,2,100,nonlinear,Marginal-FR,Correlation,0.3805405267992739
15,200,2,100,nonlinear,Gaussian-FR,Marginal,7.265537726029846
15,200,2,100,nonlinear,Gaussian-FR,Correlation,0.021850905488914343
16,200,2,100,nonlinear,NPT-FR,Marginal,5.880527392406698
16,200,2,100,nonlinear,NPT-FR,Correlation,0.004794679618175349
16,200,2,100,nonlinear,Marginal-FR,Marginal,5.880527392406698
16,200,2,100,nonlinear,Marginal-FR,Correlation,0.37449033133687176
16,200,2,100,nonlinear,Gaussian-FR,Marginal,7.357397249859632
16,200,2,100,nonlinear,Gaussian-FR,Correlation,0.019646732460458886
17,200,2,100,nonlinear,NPT-FR,Marginal,5.484130441877672
17,200,2,100,nonlinear,NPT-FR,Correlation,0.004974399421976277
17,200,2,100,nonlinear,Marginal-FR,Marginal,5.484130441877672
17,200,2,100,nonlinear,Marginal-FR,Correlation,0.38488496910734216
17,200,2,100,nonlinear,Gaussian-FR,Marginal,6.935935651373418
17,200,2,100,nonlinear,Gaussian-FR,Correlation,0.01899855951009377
18,200,2,100,nonlinear,NPT-FR,Marginal,6.068652292877907
18,200,2,100,nonlinear,NPT-FR,Correlation,0.005923093675478113
18,200,2,100,nonlinear,Marginal-FR,Marginal,6.068652292877907
18,200,2,100,nonlinear,Marginal-FR,Correlation,0.3845543002575415
18,200,2,100,nonlinear,Gaussian-FR,Marginal,7.509682203262258
18,200,2,100,nonlinear,Gaussian-FR,Correlation,0.02096632346107407
19,200,2,100,nonlinear,NPT-FR,Marginal,6.091430160480431
19,200,2,100,nonlinear,NPT-FR,Correlation,0.00578580310477292
19,200,2,100,nonlinear,Marginal-FR,Marginal,6.091430160480431
19,200,2,100,nonlinear,Marginal-FR,Correlation,0.38306991796389217
19,200,2,100,nonlinear,Gaussian-FR,Marginal,7.519439385734445
19,200,2,100,nonlinear,Gaussian-FR,Correlation,0.02257561342377588
20,200,2,100,nonlinear,NPT-FR,Marginal,5.515997173854235
20,200,2,100,nonlinear,NPT-FR,Correlation,0.0051356950037986845
20,200,2,100,nonlinear,Marginal-FR,Marginal,5.515997173854235
20,200,2,100,nonlinear,Marginal-FR,Correlation,0.37167695160868086
20,200,2,100,nonlinear,Gaussian-FR,Marginal,6.725429480243766
20,200,2,100,nonlinear,Gaussian-FR,Correlation,0.021515647706859382
21,200,2,100,nonlinear,NPT-FR,Marginal,6.025908418404804
21,200,2,100,nonlinear,NPT-FR,Correlation,0.0058164552411527504
21,200,2,100,nonlinear,Marginal-FR,Marginal,6.025908418404804
21,200,2,100,nonlinear,Marginal-FR,Correlation,0.38483565935432607
21,200,2,100,nonlinear,Gaussian-FR,Marginal,7.399126396443761
21,200,2,100,nonlinear,Gaussian-FR,Correlation,0.02198070516270729
22,200,2,100,nonlinear,NPT-FR,Marginal,5.666741142546925
22,200,2,100,nonlinear,NPT-FR,Correlation,0.005030073009027278
22,200,2,100,nonlinear,Marginal-FR,Marginal,5.666741142546925
22,200,2,100,nonlinear,Marginal-FR,Correlation,0.38102721963982533
22,200,2,100,nonlinear,Gaussian-FR,Marginal,7.077700139629558
22,200,2,100,nonlinear,Gaussian-FR,Correlation,0.02766709330025292
23,200,2,100,nonlinear,NPT-FR,Marginal,5.914529650699842
23,200,2,100,nonlinear,NPT-FR,Correlation,0.005361134964979045
23,200,2,100,nonlinear,Marginal-FR,Marginal,5.914529650699842
23,200,2,100,nonlinear,Marginal-FR,Correlation,0.38940325238218043
23,200,2,100,nonlinear,Gaussian-FR,Marginal,7.288446326639113
23,200,2,100,nonlinear,Gaussian-FR,Correlation,0.02149957492131367
24,200,2,100,nonlinear,NPT-FR,Marginal,6.501271892178943
24,200,2,100,nonlinear,NPT-FR,Correlation,0.005611368718807999
24,200,2,100,nonlinear,Marginal-FR,Marginal,6.501271892178943
24,200,2,100,nonlinear,Marginal-FR,Correlation,0.3772238240736664
24,200,2,100,nonlinear,Gaussian-FR,Marginal,7.828292419351912
24,200,2,100,nonlinear,Gaussian-FR,Correlation,0.024738349492050678
25,200,2,100,nonlinear,NPT-FR,Marginal,5.673228926800494
25,200,2,100,nonlinear,NPT-FR,Correlation,0.005925602509983329
25,200,2,100,nonlinear,Marginal-FR,Marginal,5.673228926800494
25,200,2,100,nonlinear,Marginal-FR,Correlation,0.3756034450583284
25,200,2,100,nonlinear,Gaussian-FR,Marginal,7.166116440821789
25,200,2,100,nonlinear,Gaussian-FR,Correlation,0.024242718031657624
26,200,2,100,nonlinear,NPT-FR,Marginal,5.584747810520669
26,200,2,100,nonlinear,NPT-FR,Correlation,0.0053168053265858365
26,200,2,100,nonlinear,Marginal-FR,Marginal,5.584747810520669
26,200,2,100,nonlinear,Marginal-FR,Correlation,0.36009079544623734
26,200,2,100,nonlinear,Gaussian-FR,Marginal,7.035864333801307
26,200,2,100,nonlinear,Gaussian-FR,Correlation,0.02278987152992194
27,200,2,100,nonlinear,NPT-FR,Marginal,6.08016398686976
27,200,2,100,nonlinear,NPT-FR,Correlation,0.005768408675911303
27,200,2,100,nonlinear,Marginal-FR,Marginal,6.08016398686976
27,200,2,100,nonlinear,Marginal-FR,Correlation,0.3782153616578109
27,200,2,100,nonlinear,Gaussian-FR,Marginal,7.470929488678314
27,200,2,100,nonlinear,Gaussian-FR,Correlation,0.023900135949800363
28,200,2,100,nonlinear,NPT-FR,Marginal,5.228293759606867
28,200,2,100,nonlinear,NPT-FR,Correlation,0.004317889789370887
28,200,2,100,nonlinear,Marginal-FR,Marginal,5.228293759606867
28,200,2,100,nonlinear,Marginal-FR,Correlation,0.38095651948396725
28,200,2,100,nonlinear,Gaussian-FR,Marginal,6.681357191830073
28,200,2,100,nonlinear,Gaussian-FR,Correlation,0.020045348767644158
29,200,2,100,nonlinear,NPT-FR,Marginal,5.934025721522806
29,200,2,100,nonlinear,NPT-FR,Correlation,0.0055545702954343575
29,200,2,100,nonlinear,Marginal-FR,Marginal,5.934025721522806
29,200,2,100,nonlinear,Marginal-FR,Correlation,0.38180454195424096
29,200,2,100,nonlinear,Gaussian-FR,Marginal,7.223266729592565
29,200,2,100,nonlinear,Gaussian-FR,Correlation,0.024354481082137638
30,200,2,100,nonlinear,NPT-FR,Marginal,5.7483879484363545
30,200,2,100,nonlinear,NPT-FR,Correlation,0.005417907100963992
30,200,2,100,nonlinear,Marginal-FR,Marginal,5.7483879484363545
30,200,2,100,nonlinear,Marginal-FR,Correlation,0.3799308773137027
30,200,2,100,nonlinear,Gaussian-FR,Marginal,7.012314353098336
30,200,2,100,nonlinear,Gaussian-FR,Correlation,0.021059477655510705
31,200,2,100,nonlinear,NPT-FR,Marginal,5.866567709904574
31,200,2,100,nonlinear,NPT-FR,Correlation,0.004742535781987038
31,200,2,100,nonlinear,Marginal-FR,Marginal,5.866567709904574
31,200,2,100,nonlinear,Marginal-FR,Correlation,0.40169733972768795
31,200,2,100,nonlinear,Gaussian-FR,Marginal,7.2616113374453555
31,200,2,100,nonlinear,Gaussian-FR,Correlation,0.02289523682142204
32,200,2,100,nonlinear,NPT-FR,Marginal,5.74772361796304
32,200,2,100,nonlinear,NPT-FR,Correlation,0.0050743000107518555
32,200,2,100,nonlinear,Marginal-FR,Marginal,5.74772361796304
32,200,2,100,nonlinear,Marginal-FR,Correlation,0.3819720743872012
32,200,2,100,nonlinear,Gaussian-FR,Marginal,7.1155254139961475
32,200,2,100,nonlinear,Gaussian-FR,Correlation,0.021162118672561132
33,200,2,100,nonlinear,NPT-FR,Marginal,5.7008136610181435
33,200,2,100,nonlinear,NPT-FR,Correlation,0.006932204986936817
33,200,2,100,nonlinear,Marginal-FR,Marginal,5.7008136610181435
33,200,2,100,nonlinear,Marginal-FR,Correlation,0.35860313222403545
33,200,2,100,nonlinear,Gaussian-FR,Marginal,7.056912028518406
33,200,2,100,nonlinear,Gaussian-FR,Correlation,0.02834589584652852
34,200,2,100,nonlinear,NPT-FR,Marginal,5.686305191375057
34,200,2,100,nonlinear,NPT-FR,Correlation,0.006017429702629661
34,200,2,100,nonlinear,Marginal-FR,Marginal,5.686305191375057
34,200,2,100,nonlinear,Marginal-FR,Correlation,0.3838198878460848
34,200,2,100,nonlinear,Gaussian-FR,Marginal,7.064541721411658
34,200,2,100,nonlinear,Gaussian-FR,Correlation,0.02007579928980855
35,200,2,100,nonlinear,NPT-FR,Marginal,5.766260305411889
35,200,2,100,nonlinear,NPT-FR,Correlation,0.005791250590664268
35,200,2,100,nonlinear,Marginal-FR,Marginal,5.766260305411889
35,200,2,100,nonlinear,Marginal-FR,Correlation,0.3831325659244559
35,200,2,100,nonlinear,Gaussian-FR,Marginal,7.128771073899699
35,200,2,100,nonlinear,Gaussian-FR,Correlation,0.024139856103176753
36,200,2,100,nonlinear,NPT-FR,Marginal,5.439482059098812
36,200,2,100,nonlinear,NPT-FR,Correlation,0.005734912586470069
36,200,2,100,nonlinear,Marginal-FR,Marginal,5.439482059098812
36,200,2,100,nonlinear,Marginal-FR,Correlation,0.3596981527822011
36,200,2,100,nonlinear,Gaussian-FR,Marginal,6.7646079057895125
36,200,2,100,nonlinear,Gaussian-FR,Correlation,0.02383004307431559
37,200,2,100,nonlinear,NPT-FR,Marginal,5.650307365179145
37,200,2,100,nonlinear,NPT-FR,Correlation,0.005654110202612877
37,200,2,100,nonlinear,Marginal-FR,Marginal,5.650307365179145
37,200,2,100,nonlinear,Marginal-FR,Correlation,0.375693010119176
37,200,2,100,nonlinear,Gaussian-FR,Marginal,7.023105666769455
37,200,2,100,nonlinear,Gaussian-FR,Correlation,0.020826424655717605
38,200,2,100,nonlinear,NPT-FR,Marginal,6.013691972431241
38,200,2,100,nonlinear,NPT-FR,Correlation,0.004355146948628535
38,200,2,100,nonlinear,Marginal-FR,Marginal,6.013691972431241
38,200,2,100,nonlinear,Marginal-FR,Correlation,0.3899607561168561
38,200,2,100,nonlinear,Gaussian-FR,Marginal,7.222595712217258
38,200,2,100,nonlinear,Gaussian-FR,Correlation,0.018195557487984727
39,200,2,100,nonlinear,NPT-FR,Marginal,5.670699371716387
39,200,2,100,nonlinear,NPT-FR,Correlation,0.004786728983539638
39,200,2,100,nonlinear,Marginal-FR,Marginal,5.670699371716387
39,200,2,100,nonlinear,Marginal-FR,Correlation,0.3728121589863565
39,200,2,100,nonlinear,Gaussian-FR,Marginal,7.0391479247066355
39,200,2,100,nonlinear,Gaussian-FR,Correlation,0.021186955076850155
40,200,2,100,nonlinear,NPT-FR,Marginal,5.8583979524767456
40,200,2,100,nonlinear,NPT-FR,Correlation,0.006283459179644896
40,200,2,100,nonlinear,Marginal-FR,Marginal,5.8583979524767456
40,200,2,100,nonlinear,Marginal-FR,Correlation,0.37524339838519
40,200,2,100,nonlinear,Gaussian-FR,Marginal,7.199641331232197
40,200,2,100,nonlinear,Gaussian-FR,Correlation,0.02481159566358633
41,200,2,100,nonlinear,NPT-FR,Marginal,5.401077993317333
41,200,2,100,nonlinear,NPT-FR,Correlation,0.005925538617460907
41,200,2,100,nonlinear,Marginal-FR,Marginal,5.401077993317333
41,200,2,100,nonlinear,Marginal-FR,Correlation,0.38414028491175095
41,200,2,100,nonlinear,Gaussian-FR,Marginal,6.812390728542307
41,200,2,100,nonlinear,Gaussian-FR,Correlation,0.023142720543640673
42,200,2,100,nonlinear,NPT-FR,Marginal,5.420988227747971
42,200,2,100,nonlinear,NPT-FR,Correlation,0.005357641474117035
42,200,2,100,nonlinear,Marginal-FR,Marginal,5.420988227747971
42,200,2,100,nonlinear,Marginal-FR,Correlation,0.3736600077647313
42,200,2,100,nonlinear,Gaussian-FR,Marginal,6.741487314516911
42,200,2,100,nonlinear,Gaussian-FR,Correlation,0.022564110169875355
43,200,2,100,nonlinear,NPT-FR,Marginal,5.525098325134213
43,200,2,100,nonlinear,NPT-FR,Correlation,0.004440927865101084
43,200,2,100,nonlinear,Marginal-FR,Marginal,5.525098325134213
43,200,2,100,nonlinear,Marginal-FR,Correlation,0.3851642205979258
43,200,2,100,nonlinear,Gaussian-FR,Marginal,6.991459491682398
43,200,2,100,nonlinear,Gaussian-FR,Correlation,0.020909811032530444
44,200,2,100,nonlinear,NPT-FR,Marginal,5.652971303939922
44,200,2,100,nonlinear,NPT-FR,Correlation,0.006136170302454735
44,200,2,100,nonlinear,Marginal-FR,Marginal,5.652971303939922
44,200,2,100,nonlinear,Marginal-FR,Correlation,0.36877644543922844
44,200,2,100,nonlinear,Gaussian-FR,Marginal,7.071089793281538
44,200,2,100,nonlinear,Gaussian-FR,Correlation,0.023011261969120494
45,200,2,100,nonlinear,NPT-FR,Marginal,5.7487493886554475
45,200,2,100,nonlinear,NPT-FR,Correlation,0.0055336721061048965
45,200,2,100,nonlinear,Marginal-FR,Marginal,5.7487493886554475
45,200,2,100,nonlinear,Marginal-FR,Correlation,0.3877242665038798
45,200,2,100,nonlinear,Gaussian-FR,Marginal,7.139846798922669
45,200,2,100,nonlinear,Gaussian-FR,Correlation,0.021775659130709266
46,200,2,100,nonlinear,NPT-FR,Marginal,6.261508705503532
46,200,2,100,nonlinear,NPT-FR,Correlation,0.004733693715798566
46,200,2,100,nonlinear,Marginal-FR,Marginal,6.261508705503532
46,200,2,100,nonlinear,Marginal-FR,Correlation,0.3731862968317942
46,200,2,100,nonlinear,Gaussian-FR,Marginal,7.668508065294644
46,200,2,100,nonlinear,Gaussian-FR,Correlation,0.02160822792715278
47,200,2,100,nonlinear,NPT-FR,Marginal,6.593286577437395
47,200,2,100,nonlinear,NPT-FR,Correlation,0.005915888877949348
47,200,2,100,nonlinear,Marginal-FR,Marginal,6.593286577437395
47,200,2,100,nonlinear,Marginal-FR,Correlation,0.3618106272901736
47,200,2,100,nonlinear,Gaussian-FR,Marginal,8.014883993382217
47,200,2,100,nonlinear,Gaussian-FR,Correlation,0.024631205746457198
48,200,2,100,nonlinear,NPT-FR,Marginal,5.719132026814521
48,200,2,100,nonlinear,NPT-FR,Correlation,0.0052055960314158975
48,200,2,100,nonlinear,Marginal-FR,Marginal,5.719132026814521
48,200,2,100,nonlinear,Marginal-FR,Correlation,0.3852090368193406
48,200,2,100,nonlinear,Gaussian-FR,Marginal,7.028111585140131
48,200,2,100,nonlinear,Gaussian-FR,Correlation,0.020136415325284564
49,200,2,100,nonlinear,NPT-FR,Marginal,5.211181676112097
49,200,2,100,nonlinear,NPT-FR,Correlation,0.004848358527411251
49,200,2,100,nonlinear,Marginal-FR,Marginal,5.211181676112097
49,200,2,100,nonlinear,Marginal-FR,Correlation,0.39305101861795244
49,200,2,100,nonlinear,Gaussian-FR,Marginal,6.588071772545927
49,200,2,100,nonlinear,Gaussian-FR,Correlation,0.022044749530459595
50,200,2,100,nonlinear,NPT-FR,Marginal,5.100424717990697
50,200,2,100,nonlinear,NPT-FR,Correlation,0.005378673607802265
50,200,2,100,nonlinear,Marginal-FR,Marginal,5.100424717990697
50,200,2,100,nonlinear,Marginal-FR,Correlation,0.39963662612215667
50,200,2,100,nonlinear,Gaussian-FR,Marginal,6.523251695503728
50,200,2,100,nonlinear,Gaussian-FR,Correlation,0.026436658957449524
51,200,2,100,nonlinear,NPT-FR,Marginal,5.7977443524383485
51,200,2,100,nonlinear,NPT-FR,Correlation,0.005545866379278013
51,200,2,100,nonlinear,Marginal-FR,Marginal,5.7977443524383485
51,200,2,100,nonlinear,Marginal-FR,Correlation,0.37540595031468577
51,200,2,100,nonlinear,Gaussian-FR,Marginal,7.197200196226989
51,200,2,100,nonlinear,Gaussian-FR,Correlation,0.019943920757748118
52,200,2,100,nonlinear,NPT-FR,Marginal,5.518353672108077
52,200,2,100,nonlinear,NPT-FR,Correlation,0.005180008888484291
52,200,2,100,nonlinear,Marginal-FR,Marginal,5.518353672108077
52,200,2,100,nonlinear,Marginal-FR,Correlation,0.3744436602903463
52,200,2,100,nonlinear,Gaussian-FR,Marginal,6.64195030947646
52,200,2,100,nonlinear,Gaussian-FR,Correlation,0.02213360647646742
53,200,2,100,nonlinear,NPT-FR,Marginal,5.316493146282449
53,200,2,100,nonlinear,NPT-FR,Correlation,0.005927002778389264
53,200,2,100,nonlinear,Marginal-FR,Marginal,5.316493146282449
53,200,2,100,nonlinear,Marginal-FR,Correlation,0.3735502404173517
53,200,2,100,nonlinear,Gaussian-FR,Marginal,6.751143707724911
53,200,2,100,nonlinear,Gaussian-FR,Correlation,0.03163631637707427
54,200,2,100,nonlinear,NPT-FR,Marginal,5.483636307102779
54,200,2,100,nonlinear,NPT-FR,Correlation,0.005299033469359937
54,200,2,100,nonlinear,Marginal-FR,Marginal,5.483636307102779
54,200,2,100,nonlinear,Marginal-FR,Correlation,0.38000466010977574
54,200,2,100,nonlinear,Gaussian-FR,Marginal,6.996344366065687
54,200,2,100,nonlinear,Gaussian-FR,Correlation,0.02381328788649548
55,200,2,100,nonlinear,NPT-FR,Marginal,6.0858478432645775
55,200,2,100,nonlinear,NPT-FR,Correlation,0.00590033770001106
55,200,2,100,nonlinear,Marginal-FR,Marginal,6.0858478432645775
55,200,2,100,nonlinear,Marginal-FR,Correlation,0.3899980839233932
55,200,2,100,nonlinear,Gaussian-FR,Marginal,7.680992498332254
55,200,2,100,nonlinear,Gaussian-FR,Correlation,0.022194582424748976
56,200,2,100,nonlinear,NPT-FR,Marginal,5.712915818416908
56,200,2,100,nonlinear,NPT-FR,Correlation,0.005665211293046612
56,200,2,100,nonlinear,Marginal-FR,Marginal,5.712915818416908
56,200,2,100,nonlinear,Marginal-FR,Correlation,0.3657405423848071
56,200,2,100,nonlinear,Gaussian-FR,Marginal,7.009249529828473
56,200,2,100,nonlinear,Gaussian-FR,Correlation,0.029924560730282487
57,200,2,100,nonlinear,NPT-FR,Marginal,5.461724446248205
57,200,2,100,nonlinear,NPT-FR,Correlation,0.004234772943294416
57,200,2,100,nonlinear,Marginal-FR,Marginal,5.461724446248205
57,200,2,100,nonlinear,Marginal-FR,Correlation,0.3858866794542498
57,200,2,100,nonlinear,Gaussian-FR,Marginal,6.88385723032992
57,200,2,100,nonlinear,Gaussian-FR,Correlation,0.01793384915722913
58,200,2,100,nonlinear,NPT-FR,Marginal,6.456706464537641
58,200,2,100,nonlinear,NPT-FR,Correlation,0.005029530665056558
58,200,2,100,nonlinear,Marginal-FR,Marginal,6.456706464537641
58,200,2,100,nonlinear,Marginal-FR,Correlation,0.3619910512151642
58,200,2,100,nonlinear,Gaussian-FR,Marginal,7.892110700678668
58,200,2,100,nonlinear,Gaussian-FR,Correlation,0.022422329609675547
59,200,2,100,nonlinear,NPT-FR,Marginal,5.212338679278487
59,200,2,100,nonlinear,NPT-FR,Correlation,0.005229945814691766
59,200,2,100,nonlinear,Marginal-FR,Marginal,5.212338679278487
59,200,2,100,nonlinear,Marginal-FR,Correlation,0.38043157674899647
59,200,2,100,nonlinear,Gaussian-FR,Marginal,6.579740484303041
59,200,2,100,nonlinear,Gaussian-FR,Correlation,0.025095521023381636
60,200,2,100,nonlinear,NPT-FR,Marginal,6.026674671719506
60,200,2,100,nonlinear,NPT-FR,Correlation,0.005739152751625677
60,200,2,100,nonlinear,Marginal-FR,Marginal,6.026674671719506
60,200,2,100,nonlinear,Marginal-FR,Correlation,0.39356719082537817
60,200,2,100,nonlinear,Gaussian-FR,Marginal,7.292462223553523
60,200,2,100,nonlinear,Gaussian-FR,Correlation,0.024547908000421708
61,200,2,100,nonlinear,NPT-FR,Marginal,5.881770191849688
61,200,2,100,nonlinear,NPT-FR,Correlation,0.006523256732707706
61,200,2,100,nonlinear,Marginal-FR,Marginal,5.881770191849688
61,200,2,100,nonlinear,Marginal-FR,Correlation,0.37354721931729296
61,200,2,100,nonlinear,Gaussian-FR,Marginal,7.291157230387418
61,200,2,100,nonlinear,Gaussian-FR,Correlation,0.02115502014200022
62,200,2,100,nonlinear,NPT-FR,Marginal,6.015825963517846
62,200,2,100,nonlinear,NPT-FR,Correlation,0.004901494868683015
62,200,2,100,nonlinear,Marginal-FR,Marginal,6.015825963517846
62,200,2,100,nonlinear,Marginal-FR,Correlation,0.3954700897451607
62,200,2,100,nonlinear,Gaussian-FR,Marginal,7.346504366631105
62,200,2,100,nonlinear,Gaussian-FR,Correlation,0.018052417707967974
63,200,2,100,nonlinear,NPT-FR,Marginal,5.141286093804152
63,200,2,100,nonlinear,NPT-FR,Correlation,0.0054910848205445536
63,200,2,100,nonlinear,Marginal-FR,Marginal,5.141286093804152
63,200,2,100,nonlinear,Marginal-FR,Correlation,0.38718746291329054
63,200,2,100,nonlinear,Gaussian-FR,Marginal,6.465788370413483
63,200,2,100,nonlinear,Gaussian-FR,Correlation,0.021582865590061832
64,200,2,100,nonlinear,NPT-FR,Marginal,5.712915818416908
64,200,2,100,nonlinear,NPT-FR,Correlation,0.005665211293046612
64,200,2,100,nonlinear,Marginal-FR,Marginal,5.712915818416908
64,200,2,100,nonlinear,Marginal-FR,Correlation,0.3657405423848071
64,200,2,100,nonlinear,Gaussian-FR,Marginal,7.009249529828473
64,200,2,100,nonlinear,Gaussian-FR,Correlation,0.029924560730282487
65,200,2,100,nonlinear,NPT-FR,Marginal,5.823119396171856
65,200,2,100,nonlinear,NPT-FR,Correlation,0.006183117893007818
65,200,2,100,nonlinear,Marginal-FR,Marginal,5.823119396171856
65,200,2,100,nonlinear,Marginal-FR,Correlation,0.37461454699931446
65,200,2,100,nonlinear,Gaussian-FR,Marginal,7.17448584736727
65,200,2,100,nonlinear,Gaussian-FR,Correlation,0.023705836994629036
66,200,2,100,nonlinear,NPT-FR,Marginal,5.861827004621646
66,200,2,100,nonlinear,NPT-FR,Correlation,0.00523901743304343
66,200,2,100,nonlinear,Marginal-FR,Marginal,5.861827004621646
66,200,2,100,nonlinear,Marginal-FR,Correlation,0.3840215356788082
66,200,2,100,nonlinear,Gaussian-FR,Marginal,7.2692983607505965
66,200,2,100,nonlinear,Gaussian-FR,Correlation,0.01754649158734262
67,200,2,100,nonlinear,NPT-FR,Marginal,5.576128791308092
67,200,2,100,nonlinear,NPT-FR,Correlation,0.006339813412754129
67,200,2,100,nonlinear,Marginal-FR,Marginal,5.576128791308092
67,200,2,100,nonlinear,Marginal-FR,Correlation,0.38668369088290483
67,200,2,100,nonlinear,Gaussian-FR,Marginal,7.059155789707848
67,200,2,100,nonlinear,Gaussian-FR,Correlation,0.02451929302651255
68,200,2,100,nonlinear,NPT-FR,Marginal,5.795498679686399
68,200,2,100,nonlinear,NPT-FR,Correlation,0.006448394215845901
68,200,2,100,nonlinear,Marginal-FR,Marginal,5.795498679686399
68,200,2,100,nonlinear,Marginal-FR,Correlation,0.38168725841267953
68,200,2,100,nonlinear,Gaussian-FR,Marginal,7.19194535389383
68,200,2,100,nonlinear,Gaussian-FR,Correlation,0.019412233660786846
69,200,2,100,nonlinear,NPT-FR,Marginal,5.80363832682982
69,200,2,100,nonlinear,NPT-FR,Correlation,0.005657239974945252
69,200,2,100,nonlinear,Marginal-FR,Marginal,5.80363832682982
69,200,2,100,nonlinear,Marginal-FR,Correlation,0.3802082497907425
69,200,2,100,nonlinear,Gaussian-FR,Marginal,7.226345308280623
69,200,2,100,nonlinear,Gaussian-FR,Correlation,0.022757744081857115
70,200,2,100,nonlinear,NPT-FR,Marginal,5.346541096553775
70,200,2,100,nonlinear,NPT-FR,Correlation,0.0050711083054166784
70,200,2,100,nonlinear,Marginal-FR,Marginal,5.346541096553775
70,200,2,100,nonlinear,Marginal-FR,Correlation,0.389189756003772
70,200,2,100,nonlinear,Gaussian-FR,Marginal,6.702316125853059
70,200,2,100,nonlinear,Gaussian-FR,Correlation,0.02294825139143047
71,200,2,100,nonlinear,NPT-FR,Marginal,7.148190428278587
71,200,2,100,nonlinear,NPT-FR,Correlation,0.005493215973895848
71,200,2,100,nonlinear,Marginal-FR,Marginal,7.148190428278587
71,200,2,100,nonlinear,Marginal-FR,Correlation,0.3730100211429386
71,200,2,100,nonlinear,Gaussian-FR,Marginal,8.545379346332457
71,200,2,100,nonlinear,Gaussian-FR,Correlation,0.021257426509262208
72,200,2,100,nonlinear,NPT-FR,Marginal,5.9670255323619035
72,200,2,100,nonlinear,NPT-FR,Correlation,0.005515279930257363
72,200,2,100,nonlinear,Marginal-FR,Marginal,5.9670255323619035
72,200,2,100,nonlinear,Marginal-FR,Correlation,0.3959355787027652
72,200,2,100,nonlinear,Gaussian-FR,Marginal,7.203246707015527
72,200,2,100,nonlinear,Gaussian-FR,Correlation,0.02160696910478802
73,200,2,100,nonlinear,NPT-FR,Marginal,5.503255710030968
73,200,2,100,nonlinear,NPT-FR,Correlation,0.005523609777346294
73,200,2,100,nonlinear,Marginal-FR,Marginal,5.503255710030968
73,200,2,100,nonlinear,Marginal-FR,Correlation,0.3759365476860972
73,200,2,100,nonlinear,Gaussian-FR,Marginal,6.916484315984334
73,200,2,100,nonlinear,Gaussian-FR,Correlation,0.018368383800493614
74,200,2,100,nonlinear,NPT-FR,Marginal,5.849600822287414
74,200,2,100,nonlinear,NPT-FR,Correlation,0.005003470692498317
74,200,2,100,nonlinear,Marginal-FR,Marginal,5.849600822287414
74,200,2,100,nonlinear,Marginal-FR,Correlation,0.36753497181783223
74,200,2,100,nonlinear,Gaussian-FR,Marginal,7.199230217704747
74,200,2,100,nonlinear,Gaussian-FR,Correlation,0.020620189581033586
75,200,2,100,nonlinear,NPT-FR,Marginal,5.5093973680320545
75,200,2,100,nonlinear,NPT-FR,Correlation,0.005944906733175427
75,200,2,100,nonlinear,Marginal-FR,Marginal,5.5093973680320545
75,200,2,100,nonlinear,Marginal-FR,Correlation,0.37391017171346347
75,200,2,100,nonlinear,Gaussian-FR,Marginal,6.9506368742402636
75,200,2,100,nonlinear,Gaussian-FR,Correlation,0.021997685544945966
76,200,2,100,nonlinear,NPT-FR,Marginal,6.019885328549733
76,200,2,100,nonlinear,NPT-FR,Correlation,0.005023903509938987
76,200,2,100,nonlinear,Marginal-FR,Marginal,6.019885328549733
76,200,2,100,nonlinear,Marginal-FR,Correlation,0.36566516365363894
76,200,2,100,nonlinear,Gaussian-FR,Marginal,7.36783722443235
76,200,2,100,nonlinear,Gaussian-FR,Correlation,0.016677993482814887
77,200,2,100,nonlinear,NPT-FR,Marginal,5.701932878041124
77,200,2,100,nonlinear,NPT-FR,Correlation,0.005509273337297457
77,200,2,100,nonlinear,Marginal-FR,Marginal,5.701932878041124
77,200,2,100,nonlinear,Marginal-FR,Correlation,0.3783884667297013
77,200,2,100,nonlinear,Gaussian-FR,Marginal,7.184433124272228
77,200,2,100,nonlinear,Gaussian-FR,Correlation,0.024064467429014032
78,200,2,100,nonlinear,NPT-FR,Marginal,6.166954433223246
78,200,2,100,nonlinear,NPT-FR,Correlation,0.0055211186882321885
78,200,2,100,nonlinear,Marginal-FR,Marginal,6.166954433223246
78,200,2,100,nonlinear,Marginal-FR,Correlation,0.3617551568466274
78,200,2,100,nonlinear,Gaussian-FR,Marginal,7.521786553099979
78,200,2,100,nonlinear,Gaussian-FR,Correlation,0.022678487563618923
79,200,2,100,nonlinear,NPT-FR,Marginal,5.3157822220361535
79,200,2,100,nonlinear,NPT-FR,Correlation,0.005257145112305331
79,200,2,100,nonlinear,Marginal-FR,Marginal,5.3157822220361535
79,200,2,100,nonlinear,Marginal-FR,Correlation,0.3694839055687339
79,200,2,100,nonlinear,Gaussian-FR,Marginal,6.659105527005174
79,200,2,100,nonlinear,Gaussian-FR,Correlation,0.02397065563932235
80,200,2,100,nonlinear,NPT-FR,Marginal,5.972328436017488
80,200,2,100,nonlinear,NPT-FR,Correlation,0.005569974694719902
80,200,2,100,nonlinear,Marginal-FR,Marginal,5.972328436017488
80,200,2,100,nonlinear,Marginal-FR,Correlation,0.37649825581739044
80,200,2,100,nonlinear,Gaussian-FR,Marginal,7.31510025019864
80,200,2,100,nonlinear,Gaussian-FR,Correlation,0.021843827885705373
81,200,2,100,nonlinear,NPT-FR,Marginal,5.646938919565935
81,200,2,100,nonlinear,NPT-FR,Correlation,0.005935202235477437
81,200,2,100,nonlinear,Marginal-FR,Marginal,5.646938919565935
81,200,2,100,nonlinear,Marginal-FR,Correlation,0.3834648505316507
81,200,2,100,nonlinear,Gaussian-FR,Marginal,7.076521151062636
81,200,2,100,nonlinear,Gaussian-FR,Correlation,0.03294843135174396
82,200,2,100,nonlinear,NPT-FR,Marginal,6.233970246802386
82,200,2,100,nonlinear,NPT-FR,Correlation,0.005651529987010572
82,200,2,100,nonlinear,Marginal-FR,Marginal,6.233970246802386
82,200,2,100,nonlinear,Marginal-FR,Correlation,0.3575371190177356
82,200,2,100,nonlinear,Gaussian-FR,Marginal,7.604445430248791
82,200,2,100,nonlinear,Gaussian-FR,Correlation,0.024685795526903538
83,200,2,100,nonlinear,NPT-FR,Marginal,6.00674671402415
83,200,2,100,nonlinear,NPT-FR,Correlation,0.005076415934760041
83,200,2,100,nonlinear,Marginal-FR,Marginal,6.00674671402415
83,200,2,100,nonlinear,Marginal-FR,Correlation,0.39424041468453097
83,200,2,100,nonlinear,Gaussian-FR,Marginal,7.392636427893304
83,200,2,100,nonlinear,Gaussian-FR,Correlation,0.022354831692648913
84,200,2,100,nonlinear,NPT-FR,Marginal,5.803922755373913
84,200,2,100,nonlinear,NPT-FR,Correlation,0.005771659377524109
84,200,2,100,nonlinear,Marginal-FR,Marginal,5.803922755373913
84,200,2,100,nonlinear,Marginal-FR,Correlation,0.37378582966765167
84,200,2,100,nonlinear,Gaussian-FR,Marginal,7.252233995435745
84,200,2,100,nonlinear,Gaussian-FR,Correlation,0.02483556903246541
85,200,2,100,nonlinear,NPT-FR,Marginal,5.8249107482033144
85,200,2,100,nonlinear,NPT-FR,Correlation,0.005440955893580651
85,200,2,100,nonlinear,Marginal-FR,Marginal,5.8249107482033144
85,200,2,100,nonlinear,Marginal-FR,Correlation,0.3688660867326478
85,200,2,100,nonlinear,Gaussian-FR,Marginal,7.166473265798194
85,200,2,100,nonlinear,Gaussian-FR,Correlation,0.02390400696621142
86,200,2,100,nonlinear,NPT-FR,Marginal,5.813226445192296
86,200,2,100,nonlinear,NPT-FR,Correlation,0.004610378544096952
86,200,2,100,nonlinear,Marginal-FR,Marginal,5.813226445192296
86,200,2,100,nonlinear,Marginal-FR,Correlation,0.38972765612110744
86,200,2,100,nonlinear,Gaussian-FR,Marginal,7.193691214013491
86,200,2,100,nonlinear,Gaussian-FR,Correlation,0.018719575408598282
87,200,2,100,nonlinear,NPT-FR,Marginal,6.057163309452061
87,200,2,100,nonlinear,NPT-FR,Correlation,0.005615760423706919
87,200,2,100,nonlinear,Marginal-FR,Marginal,6.057163309452061
87,200,2,100,nonlinear,Marginal-FR,Correlation,0.3781867285002954
87,200,2,100,nonlinear,Gaussian-FR,Marginal,7.444388733514274
87,200,2,100,nonlinear,Gaussian-FR,Correlation,0.01994729900389263
88,200,2,100,nonlinear,NPT-FR,Marginal,5.419764338953267
88,200,2,100,nonlinear,NPT-FR,Correlation,0.0058295347489087275
88,200,2,100,nonlinear,Marginal-FR,Marginal,5.419764338953267
88,200,2,100,nonlinear,Marginal-FR,Correlation,0.35760037812155293
88,200,2,100,nonlinear,Gaussian-FR,Marginal,6.803904238636205
88,200,2,100,nonlinear,Gaussian-FR,Correlation,0.023781163016223517
89,200,2,100,nonlinear,NPT-FR,Marginal,5.727462855687227
89,200,2,100,nonlinear,NPT-FR,Correlation,0.006043753657138174
89,200,2,100,nonlinear,Marginal-FR,Marginal,5.727462855687227
89,200,2,100,nonlinear,Marginal-FR,Correlation,0.3654534791123453
89,200,2,100,nonlinear,Gaussian-FR,Marginal,7.0962206288697836
89,200,2,100,nonlinear,Gaussian-FR,Correlation,0.0264351999117334
90,200,2,100,nonlinear,NPT-FR,Marginal,5.754125493441573
90,200,2,100,nonlinear,NPT-FR,Correlation,0.00600882817724456
90,200,2,100,nonlinear,Marginal-FR,Marginal,5.754125493441573
90,200,2,100,nonlinear,Marginal-FR,Correlation,0.3631577951959048
90,200,2,100,nonlinear,Gaussian-FR,Marginal,7.126053918452783
90,200,2,100,nonlinear,Gaussian-FR,Correlation,0.02559077008727118
91,200,2,100,nonlinear,NPT-FR,Marginal,6.026588452569701
91,200,2,100,nonlinear,NPT-FR,Correlation,0.005627859671741925
91,200,2,100,nonlinear,Marginal-FR,Marginal,6.026588452569701
91,200,2,100,nonlinear,Marginal-FR,Correlation,0.3924296378741131
91,200,2,100,nonlinear,Gaussian-FR,Marginal,7.410611650582348
91,200,2,100,nonlinear,Gaussian-FR,Correlation,0.02190732607953043
92,200,2,100,nonlinear,NPT-FR,Marginal,5.315710100518627
92,200,2,100,nonlinear,NPT-FR,Correlation,0.005352334540226499
92,200,2,100,nonlinear,Marginal-FR,Marginal,5.315710100518627
92,200,2,100,nonlinear,Marginal-FR,Correlation,0.3868556001438834
92,200,2,100,nonlinear,Gaussian-FR,Marginal,6.842615714829804
92,200,2,100,nonlinear,Gaussian-FR,Correlation,0.020535544106290098
93,200,2,100,nonlinear,NPT-FR,Marginal,5.389306789598018
93,200,2,100,nonlinear,NPT-FR,Correlation,0.006380066765502591
93,200,2,100,nonlinear,Marginal-FR,Marginal,5.389306789598018
93,200,2,100,nonlinear,Marginal-FR,Correlation,0.3869066722892171
93,200,2,100,nonlinear,Gaussian-FR,Marginal,6.745038594053639
93,200,2,100,nonlinear,Gaussian-FR,Correlation,0.022443399283788273
94,200,2,100,nonlinear,NPT-FR,Marginal,5.736325090803312
94,200,2,100,nonlinear,NPT-FR,Correlation,0.005483851286536496
94,200,2,100,nonlinear,Marginal-FR,Marginal,5.736325090803312
94,200,2,100,nonlinear,Marginal-FR,Correlation,0.3846593896639068
94,200,2,100,nonlinear,Gaussian-FR,Marginal,7.235182245198748
94,200,2,100,nonlinear,Gaussian-FR,Correlation,0.01987972268732129
95,200,2,100,nonlinear,NPT-FR,Marginal,5.40862915916852
95,200,2,100,nonlinear,NPT-FR,Correlation,0.004711344574733138
95,200,2,100,nonlinear,Marginal-FR,Marginal,5.40862915916852
95,200,2,100,nonlinear,Marginal-FR,Correlation,0.4173137638998146
95,200,2,100,nonlinear,Gaussian-FR,Marginal,6.807573040549453
95,200,2,100,nonlinear,Gaussian-FR,Correlation,0.0263416637765567
96,200,2,100,nonlinear,NPT-FR,Marginal,5.8035464798653
96,200,2,100,nonlinear,NPT-FR,Correlation,0.0051635277598596615
96,200,2,100,nonlinear,Marginal-FR,Marginal,5.8035464798653
96,200,2,100,nonlinear,Marginal-FR,Correlation,0.3599436650310519
96,200,2,100,nonlinear,Gaussian-FR,Marginal,7.029602620163621
96,200,2,100,nonlinear,Gaussian-FR,Correlation,0.019182766712431958
97,200,2,100,nonlinear,NPT-FR,Marginal,5.5116086748786675
97,200,2,100,nonlinear,NPT-FR,Correlation,0.005044077396218699
97,200,2,100,nonlinear,Marginal-FR,Marginal,5.5116086748786675
97,200,2,100,nonlinear,Marginal-FR,Correlation,0.3640797327426081
97,200,2,100,nonlinear,Gaussian-FR,Marginal,6.74841607584143
97,200,2,100,nonlinear,Gaussian-FR,Correlation,0.01946789772333991
98,200,2,100,nonlinear,NPT-FR,Marginal,5.346809582164577
98,200,2,100,nonlinear,NPT-FR,Correlation,0.005255809954527672
98,200,2,100,nonlinear,Marginal-FR,Marginal,5.346809582164577
98,200,2,100,nonlinear,Marginal-FR,Correlation,0.37156919687953327
98,200,2,100,nonlinear,Gaussian-FR,Marginal,6.743628525616251
98,200,2,100,nonlinear,Gaussian-FR,Correlation,0.020100376496696073
99,200,2,100,nonlinear,NPT-FR,Marginal,6.26295512971738
99,200,2,100,nonlinear,NPT-FR,Correlation,0.005516799017258135
99,200,2,100,nonlinear,Marginal-FR,Marginal,6.26295512971738
99,200,2,100,nonlinear,Marginal-FR,Correlation,0.355535877359919
99,200,2,100,nonlinear,Gaussian-FR,Marginal,7.568237517495296
99,200,2,100,nonlinear,Gaussian-FR,Correlation,0.02388905520644841
0,200,2,1000,linear,NPT-FR,Marginal,5.462694231630264
0,200,2,1000,linear,NPT-FR,Correlation,0.0055431392805591825
0,200,2,1000,linear,Marginal-FR,Marginal,5.462694231630264
0,200,2,1000,linear,Marginal-FR,Correlation,0.021131467528922192
0,200,2,1000,linear,Gaussian-FR,Marginal,6.889009036147096
0,200,2,1000,linear,Gaussian-FR,Correlation,0.00577922360388638
1,200,2,1000,linear,NPT-FR,Marginal,5.7283506753895
1,200,2,1000,linear,NPT-FR,Correlation,0.004890400104799204
1,200,2,1000,linear,Marginal-FR,Marginal,5.7283506753895
1,200,2,1000,linear,Marginal-FR,Correlation,0.021641885412286333
1,200,2,1000,linear,Gaussian-FR,Marginal,7.117254827705482
1,200,2,1000,linear,Gaussian-FR,Correlation,0.005025705507864022
2,200,2,1000,linear,NPT-FR,Marginal,5.295526209020112
2,200,2,1000,linear,NPT-FR,Correlation,0.0050679379556669265
2,200,2,1000,linear,Marginal-FR,Marginal,5.295526209020112
2,200,2,1000,linear,Marginal-FR,Correlation,0.02145978762616947
2,200,2,1000,linear,Gaussian-FR,Marginal,6.6183541924678
2,200,2,1000,linear,Gaussian-FR,Correlation,0.005668498555883805
3,200,2,1000,linear,NPT-FR,Marginal,5.774043839085087
3,200,2,1000,linear,NPT-FR,Correlation,0.00507641840200772
3,200,2,1000,linear,Marginal-FR,Marginal,5.774043839085087
3,200,2,1000,linear,Marginal-FR,Correlation,0.02003508081879986
3,200,2,1000,linear,Gaussian-FR,Marginal,7.206477250207435
3,200,2,1000,linear,Gaussian-FR,Correlation,0.005343261507921264
4,200,2,1000,linear,NPT-FR,Marginal,5.6753124697785475
4,200,2,1000,linear,NPT-FR,Correlation,0.005055849610202499
4,200,2,1000,linear,Marginal-FR,Marginal,5.6753124697785475
4,200,2,1000,linear,Marginal-FR,Correlation,0.0201085232011902
4,200,2,1000,linear,Gaussian-FR,Marginal,7.0248452997083035
4,200,2,1000,linear,Gaussian-FR,Correlation,0.005313863802977011
5,200,2,1000,linear,NPT-FR,Marginal,5.628347831235036
5,200,2,1000,linear,NPT-FR,Correlation,0.0054530492572844895
5,200,2,1000,linear,Marginal-FR,Marginal,5.628347831235036
5,200,2,1000,linear,Marginal-FR,Correlation,0.02105076144879132
5,200,2,1000,linear,Gaussian-FR,Marginal,7.056471648350795
5,200,2,1000,linear,Gaussian-FR,Correlation,0.005592592474324729
6,200,2,1000,linear,NPT-FR,Marginal,5.804610467822489
6,200,2,1000,linear,NPT-FR,Correlation,0.005494310001938266
6,200,2,1000,linear,Marginal-FR,Marginal,5.804610467822489
6,200,2,1000,linear,Marginal-FR,Correlation,0.01960385680560386
6,200,2,1000,linear,Gaussian-FR,Marginal,7.188538035970643
6,200,2,1000,linear,Gaussian-FR,Correlation,0.005909334428130567
7,200,2,1000,linear,NPT-FR,Marginal,5.752400679855327
7,200,2,1000,linear,NPT-FR,Correlation,0.00534328874783312
7,200,2,1000,linear,Marginal-FR,Marginal,5.752400679855327
7,200,2,1000,linear,Marginal-FR,Correlation,0.020504737289287037
7,200,2,1000,linear,Gaussian-FR,Marginal,7.121210093499775
7,200,2,1000,linear,Gaussian-FR,Correlation,0.005446021200246768
8,200,2,1000,linear,NPT-FR,Marginal,5.593887284635576
8,200,2,1000,linear,NPT-FR,Correlation,0.005328501293789766
8,200,2,1000,linear,Marginal-FR,Marginal,5.593887284635576
8,200,2,1000,linear,Marginal-FR,Correlation,0.020977140956874876
8,200,2,1000,linear,Gaussian-FR,Marginal,6.930289646945521
8,200,2,1000,linear,Gaussian-FR,Correlation,0.005711594928600607
9,200,2,1000,linear,NPT-FR,Marginal,5.469368275737475
9,200,2,1000,linear,NPT-FR,Correlation,0.005014814799899872
9,200,2,1000,linear,Marginal-FR,Marginal,5.469368275737475
9,200,2,1000,linear,Marginal-FR,Correlation,0.019265808539778176
9,200,2,1000,linear,Gaussian-FR,Marginal,6.895043705863058
9,200,2,1000,linear,Gaussian-FR,Correlation,0.00505948341827338
10,200,2,1000,linear,NPT-FR,Marginal,5.665109894366745
10,200,2,1000,linear,NPT-FR,Correlation,0.005073147521926625
10,200,2,1000,linear,Marginal-FR,Marginal,5.665109894366745
10,200,2,1000,linear,Marginal-FR,Correlation,0.018391781896924746
10,200,2,1000,linear,Gaussian-FR,Marginal,7.050220933202915
10,200,2,1000,linear,Gaussian-FR,Correlation,0.005136177893196158
11,200,2,1000,linear,NPT-FR,Marginal,6.0296640183996395
11,200,2,1000,linear,NPT-FR,Correlation,0.005437609947646944
11,200,2,1000,linear,Marginal-FR,Marginal,6.0296640183996395
11,200,2,1000,linear,Marginal-FR,Correlation,0.020695655981446986
11,200,2,1000,linear,Gaussian-FR,Marginal,7.408801181365744
11,200,2,1000,linear,Gaussian-FR,Correlation,0.005620203468287095
12,200,2,1000,linear,NPT-FR,Marginal,4.916375898953623
12,200,2,1000,linear,NPT-FR,Correlation,0.0049303332294253184
12,200,2,1000,linear,Marginal-FR,Marginal,4.916375898953623
12,200,2,1000,linear,Marginal-FR,Correlation,0.020382068916249354
12,200,2,1000,linear,Gaussian-FR,Marginal,6.28302483032831
12,200,2,1000,linear,Gaussian-FR,Correlation,0.005106024178881201
13,200,2,1000,linear,NPT-FR,Marginal,6.200569989661675
13,200,2,1000,linear,NPT-FR,Correlation,0.005286808474147478
13,200,2,1000,linear,Marginal-FR,Marginal,6.200569989661675
13,200,2,1000,linear,Marginal-FR,Correlation,0.01896157194723094
13,200,2,1000,linear,Gaussian-FR,Marginal,7.648048136945849
13,200,2,1000,linear,Gaussian-FR,Correlation,0.005467368242053539
14,200,2,1000,linear,NPT-FR,Marginal,5.540423029784417
14,200,2,1000,linear,NPT-FR,Correlation,0.004912642280301735
14,200,2,1000,linear,Marginal-FR,Marginal,5.540423029784417
14,200,2,1000,linear,Marginal-FR,Correlation,0.01840334280975857
14,200,2,1000,linear,Gaussian-FR,Marginal,7.0166558583290985
14,200,2,1000,linear,Gaussian-FR,Correlation,0.004929754158312032
15,200,2,1000,linear,NPT-FR,Marginal,5.8064796743155345
15,200,2,1000,linear,NPT-FR,Correlation,0.004985334189641478
15,200,2,1000,linear,Marginal-FR,Marginal,5.8064796743155345
15,200,2,1000,linear,Marginal-FR,Correlation,0.02196660918232354
15,200,2,1000,linear,Gaussian-FR,Marginal,7.304159349599187
15,200,2,1000,linear,Gaussian-FR,Correlation,0.005219457073046203
16,200,2,1000,linear,NPT-FR,Marginal,5.732014707002191
16,200,2,1000,linear,NPT-FR,Correlation,0.004608140489809967
16,200,2,1000,linear,Marginal-FR,Marginal,5.732014707002191
16,200,2,1000,linear,Marginal-FR,Correlation,0.018991742177490077
16,200,2,1000,linear,Gaussian-FR,Marginal,7.1334557894059625
16,200,2,1000,linear,Gaussian-FR,Correlation,0.004671360432120489
17,200,2,1000,linear,NPT-FR,Marginal,5.785969553635619
17,200,2,1000,linear,NPT-FR,Correlation,0.005442839416992498
17,200,2,1000,linear,Marginal-FR,Marginal,5.785969553635619
17,200,2,1000,linear,Marginal-FR,Correlation,0.020846723409562222
17,200,2,1000,linear,Gaussian-FR,Marginal,7.124184899077684
17,200,2,1000,linear,Gaussian-FR,Correlation,0.005490116288221373
18,200,2,1000,linear,NPT-FR,Marginal,5.844371674848911
18,200,2,1000,linear,NPT-FR,Correlation,0.00536733223497157
18,200,2,1000,linear,Marginal-FR,Marginal,5.844371674848911
18,200,2,1000,linear,Marginal-FR,Correlation,0.01957152675350678
18,200,2,1000,linear,Gaussian-FR,Marginal,7.226482744984771
18,200,2,1000,linear,Gaussian-FR,Correlation,0.005502318242420041
19,200,2,1000,linear,NPT-FR,Marginal,6.104397450128037
19,200,2,1000,linear,NPT-FR,Correlation,0.005417936551716816
19,200,2,1000,linear,Marginal-FR,Marginal,6.104397450128037
19,200,2,1000,linear,Marginal-FR,Correlation,0.02049404208487252
19,200,2,1000,linear,Gaussian-FR,Marginal,7.5255856241603425
19,200,2,1000,linear,Gaussian-FR,Correlation,0.005503825973254973
20,200,2,1000,linear,NPT-FR,Marginal,5.567398884064822
20,200,2,1000,linear,NPT-FR,Correlation,0.005433804097048006
20,200,2,1000,linear,Marginal-FR,Marginal,5.567398884064822
20,200,2,1000,linear,Marginal-FR,Correlation,0.019447717200245407
20,200,2,1000,linear,Gaussian-FR,Marginal,6.958896711640792
20,200,2,1000,linear,Gaussian-FR,Correlation,0.005556635473763586
21,200,2,1000,linear,NPT-FR,Marginal,5.771876872893701
21,200,2,1000,linear,NPT-FR,Correlation,0.005745992650538418
21,200,2,1000,linear,Marginal-FR,Marginal,5.771876872893701
21,200,2,1000,linear,Marginal-FR,Correlation,0.02012662711509255
21,200,2,1000,linear,Gaussian-FR,Marginal,7.143089957324344
21,200,2,1000,linear,Gaussian-FR,Correlation,0.0058569454579342995
22,200,2,1000,linear,NPT-FR,Marginal,5.656985618333424
22,200,2,1000,linear,NPT-FR,Correlation,0.005060338706237191
22,200,2,1000,linear,Marginal-FR,Marginal,5.656985618333424
22,200,2,1000,linear,Marginal-FR,Correlation,0.021029307394238254
22,200,2,1000,linear,Gaussian-FR,Marginal,7.061265429815743
22,200,2,1000,linear,Gaussian-FR,Correlation,0.005250874130901387
23,200,2,1000,linear,NPT-FR,Marginal,5.736537124081519
23,200,2,1000,linear,NPT-FR,Correlation,0.004849917609757657
23,200,2,1000,linear,Marginal-FR,Marginal,5.736537124081519
23,200,2,1000,linear,Marginal-FR,Correlation,0.02176865562046245
23,200,2,1000,linear,Gaussian-FR,Marginal,7.134127042359957
23,200,2,1000,linear,Gaussian-FR,Correlation,0.005289578193878346
24,200,2,1000,linear,NPT-FR,Marginal,5.298186699135545
24,200,2,1000,linear,NPT-FR,Correlation,0.004945444530318415
24,200,2,1000,linear,Marginal-FR,Marginal,5.298186699135545
24,200,2,1000,linear,Marginal-FR,Correlation,0.020778465997890058
24,200,2,1000,linear,Gaussian-FR,Marginal,6.659693836236627
24,200,2,1000,linear,Gaussian-FR,Correlation,0.005158205822824427
25,200,2,1000,linear,NPT-FR,Marginal,6.431005422090646
25,200,2,1000,linear,NPT-FR,Correlation,0.0051356170477439966
25,200,2,1000,linear,Marginal-FR,Marginal,6.431005422090646
25,200,2,1000,linear,Marginal-FR,Correlation,0.022107662257555522
25,200,2,1000,linear,Gaussian-FR,Marginal,7.799713123646961
25,200,2,1000,linear,Gaussian-FR,Correlation,0.005565838176742229
26,200,2,1000,linear,NPT-FR,Marginal,6.03908480059636
26,200,2,1000,linear,NPT-FR,Correlation,0.005360645719266277
26,200,2,1000,linear,Marginal-FR,Marginal,6.03908480059636
26,200,2,1000,linear,Marginal-FR,Correlation,0.01982907060078941
26,200,2,1000,linear,Gaussian-FR,Marginal,7.4674548589258976
26,200,2,1000,linear,Gaussian-FR,Correlation,0.005640001133207
27,200,2,1000,linear,NPT-FR,Marginal,5.672490241205534
27,200,2,1000,linear,NPT-FR,Correlation,0.005186211047048996
27,200,2,1000,linear,Marginal-FR,Marginal,5.672490241205534
27,200,2,1000,linear,Marginal-FR,Correlation,0.020164453779146434
27,200,2,1000,linear,Gaussian-FR,Marginal,7.030085268419946
27,200,2,1000,linear,Gaussian-FR,Correlation,0.005454947192850718
28,200,2,1000,linear,NPT-FR,Marginal,5.220710911052045
28,200,2,1000,linear,NPT-FR,Correlation,0.00589805849654718
28,200,2,1000,linear,Marginal-FR,Marginal,5.220710911052045
28,200,2,1000,linear,Marginal-FR,Correlation,0.022628955523365735
28,200,2,1000,linear,Gaussian-FR,Marginal,6.680552425482573
28,200,2,1000,linear,Gaussian-FR,Correlation,0.006332095656826232
29,200,2,1000,linear,NPT-FR,Marginal,6.172427927145415
29,200,2,1000,linear,NPT-FR,Correlation,0.005485523984585658
29,200,2,1000,linear,Marginal-FR,Marginal,6.172427927145415
29,200,2,1000,linear,Marginal-FR,Correlation,0.021195191559028406
29,200,2,1000,linear,Gaussian-FR,Marginal,7.524864224699586
29,200,2,1000,linear,Gaussian-FR,Correlation,0.005957037944458239
30,200,2,1000,linear,NPT-FR,Marginal,5.7335709785673235
30,200,2,1000,linear,NPT-FR,Correlation,0.0053098692853108965
30,200,2,1000,linear,Marginal-FR,Marginal,5.7335709785673235
30,200,2,1000,linear,Marginal-FR,Correlation,0.02058340579141197
30,200,2,1000,linear,Gaussian-FR,Marginal,7.130092287351834
30,200,2,1000,linear,Gaussian-FR,Correlation,0.005617797759209293
31,200,2,1000,linear,NPT-FR,Marginal,5.997761748829234
31,200,2,1000,linear,NPT-FR,Correlation,0.0055899762979103864
31,200,2,1000,linear,Marginal-FR,Marginal,5.997761748829234
31,200,2,1000,linear,Marginal-FR,Correlation,0.020418507672154383
31,200,2,1000,linear,Gaussian-FR,Marginal,7.442124924392013
31,200,2,1000,linear,Gaussian-FR,Correlation,0.006116903705874991
32,200,2,1000,linear,NPT-FR,Marginal,6.225087226295667
32,200,2,1000,linear,NPT-FR,Correlation,0.005297020373153588
32,200,2,1000,linear,Marginal-FR,Marginal,6.225087226295667
32,200,2,1000,linear,Marginal-FR,Correlation,0.022133381614071895
32,200,2,1000,linear,Gaussian-FR,Marginal,7.685267147437303
32,200,2,1000,linear,Gaussian-FR,Correlation,0.005585433069268793
33,200,2,1000,linear,NPT-FR,Marginal,5.207352821682501
33,200,2,1000,linear,NPT-FR,Correlation,0.0057962123962326546
33,200,2,1000,linear,Marginal-FR,Marginal,5.207352821682501
33,200,2,1000,linear,Marginal-FR,Correlation,0.019834707839103835
33,200,2,1000,linear,Gaussian-FR,Marginal,6.526476424718117
33,200,2,1000,linear,Gaussian-FR,Correlation,0.006192938519129003
34,200,2,1000,linear,NPT-FR,Marginal,5.680942515509076
34,200,2,1000,linear,NPT-FR,Correlation,0.005519938660617981
34,200,2,1000,linear,Marginal-FR,Marginal,5.680942515509076
34,200,2,1000,linear,Marginal-FR,Correlation,0.02104790615293812
34,200,2,1000,linear,Gaussian-FR,Marginal,7.143933043207419
34,200,2,1000,linear,Gaussian-FR,Correlation,0.0059098540786395246
35,200,2,1000,linear,NPT-FR,Marginal,5.008639263485639
35,200,2,1000,linear,NPT-FR,Correlation,0.0051224215322484366
35,200,2,1000,linear,Marginal-FR,Marginal,5.008639263485639
35,200,2,1000,linear,Marginal-FR,Correlation,0.019505605712859395
35,200,2,1000,linear,Gaussian-FR,Marginal,6.432416398981825
35,200,2,1000,linear,Gaussian-FR,Correlation,0.005464026882526628
36,200,2,1000,linear,NPT-FR,Marginal,5.43208711872259
36,200,2,1000,linear,NPT-FR,Correlation,0.005680230689482665
36,200,2,1000,linear,Marginal-FR,Marginal,5.43208711872259
36,200,2,1000,linear,Marginal-FR,Correlation,0.023013672262480526
36,200,2,1000,linear,Gaussian-FR,Marginal,6.855296655120625
36,200,2,1000,linear,Gaussian-FR,Correlation,0.006101457284545204
37,200,2,1000,linear,NPT-FR,Marginal,5.380040343191262
37,200,2,1000,linear,NPT-FR,Correlation,0.005447932430626617
37,200,2,1000,linear,Marginal-FR,Marginal,5.380040343191262
37,200,2,1000,linear,Marginal-FR,Correlation,0.022521776132538987
37,200,2,1000,linear,Gaussian-FR,Marginal,6.734817338874373
37,200,2,1000,linear,Gaussian-FR,Correlation,0.005751298847932905
38,200,2,1000,linear,NPT-FR,Marginal,6.024450242157771
38,200,2,1000,linear,NPT-FR,Correlation,0.005833426019198905
38,200,2,1000,linear,Marginal-FR,Marginal,6.024450242157771
38,200,2,1000,linear,Marginal-FR,Correlation,0.02230524954720633
38,200,2,1000,linear,Gaussian-FR,Marginal,7.516252790925516
38,200,2,1000,linear,Gaussian-FR,Correlation,0.006180240496469724
39,200,2,1000,linear,NPT-FR,Marginal,5.166282766525164
39,200,2,1000,linear,NPT-FR,Correlation,0.004872881959202192
39,200,2,1000,linear,Marginal-FR,Marginal,5.166282766525164
39,200,2,1000,linear,Marginal-FR,Correlation,0.019772512168185312
39,200,2,1000,linear,Gaussian-FR,Marginal,6.562406382018222
39,200,2,1000,linear,Gaussian-FR,Correlation,0.005123515684389979
40,200,2,1000,linear,NPT-FR,Marginal,5.641751914469998
40,200,2,1000,linear,NPT-FR,Correlation,0.005274712395481038
40,200,2,1000,linear,Marginal-FR,Marginal,5.641751914469998
40,200,2,1000,linear,Marginal-FR,Correlation,0.022006519836948044
40,200,2,1000,linear,Gaussian-FR,Marginal,6.9995731893391
40,200,2,1000,linear,Gaussian-FR,Correlation,0.005637119465345487
41,200,2,1000,linear,NPT-FR,Marginal,5.657822198854628
41,200,2,1000,linear,NPT-FR,Correlation,0.005256566984028909
41,200,2,1000,linear,Marginal-FR,Marginal,5.657822198854628
41,200,2,1000,linear,Marginal-FR,Correlation,0.02014625908785446
41,200,2,1000,linear,Gaussian-FR,Marginal,7.117200663690118
41,200,2,1000,linear,Gaussian-FR,Correlation,0.005362880875785429
42,200,2,1000,linear,NPT-FR,Marginal,6.236630427010985
42,200,2,1000,linear,NPT-FR,Correlation,0.005947862602411436
42,200,2,1000,linear,Marginal-FR,Marginal,6.236630427010985
42,200,2,1000,linear,Marginal-FR,Correlation,0.021029388487612644
42,200,2,1000,linear,Gaussian-FR,Marginal,7.6641925416949945
42,200,2,1000,linear,Gaussian-FR,Correlation,0.006462934352717144
43,200,2,1000,linear,NPT-FR,Marginal,5.673164171975646
43,200,2,1000,linear,NPT-FR,Correlation,0.005376561927341906
43,200,2,1000,linear,Marginal-FR,Marginal,5.673164171975646
43,200,2,1000,linear,Marginal-FR,Correlation,0.019754347366054463
43,200,2,1000,linear,Gaussian-FR,Marginal,7.15799745856248
43,200,2,1000,linear,Gaussian-FR,Correlation,0.005621805718265122
44,200,2,1000,linear,NPT-FR,Marginal,5.770502897277602
44,200,2,1000,linear,NPT-FR,Correlation,0.005087961405884322
44,200,2,1000,linear,Marginal-FR,Marginal,5.770502897277602
44,200,2,1000,linear,Marginal-FR,Correlation,0.019388135067679592
44,200,2,1000,linear,Gaussian-FR,Marginal,7.242721874878139
44,200,2,1000,linear,Gaussian-FR,Correlation,0.0055032355884760955
45,200,2,1000,linear,NPT-FR,Marginal,5.509366747572445
45,200,2,1000,linear,NPT-FR,Correlation,0.005592998192189043
45,200,2,1000,linear,Marginal-FR,Marginal,5.509366747572445
45,200,2,1000,linear,Marginal-FR,Correlation,0.02002324186617041
45,200,2,1000,linear,Gaussian-FR,Marginal,6.806834014555307
45,200,2,1000,linear,Gaussian-FR,Correlation,0.005895196112707414
46,200,2,1000,linear,NPT-FR,Marginal,5.689499239462441
46,200,2,1000,linear,NPT-FR,Correlation,0.005311054929608842
46,200,2,1000,linear,Marginal-FR,Marginal,5.689499239462441
46,200,2,1000,linear,Marginal-FR,Correlation,0.020310616936291673
46,200,2,1000,linear,Gaussian-FR,Marginal,7.001814718158464
46,200,2,1000,linear,Gaussian-FR,Correlation,0.005550005571408812
47,200,2,1000,linear,NPT-FR,Marginal,5.647965353265153
47,200,2,1000,linear,NPT-FR,Correlation,0.005123140809960898
47,200,2,1000,linear,Marginal-FR,Marginal,5.647965353265153
47,200,2,1000,linear,Marginal-FR,Correlation,0.019640152217056207
47,200,2,1000,linear,Gaussian-FR,Marginal,7.069517703823941
47,200,2,1000,linear,Gaussian-FR,Correlation,0.005302195404491015
48,200,2,1000,linear,NPT-FR,Marginal,5.532665466671984
48,200,2,1000,linear,NPT-FR,Correlation,0.004562270925358789
48,200,2,1000,linear,Marginal-FR,Marginal,5.532665466671984
48,200,2,1000,linear,Marginal-FR,Correlation,0.021424275847419468
48,200,2,1000,linear,Gaussian-FR,Marginal,6.925232325896939
48,200,2,1000,linear,Gaussian-FR,Correlation,0.005045554583977291
49,200,2,1000,linear,NPT-FR,Marginal,5.6780785065852974
49,200,2,1000,linear,NPT-FR,Correlation,0.0052136484733048645
49,200,2,1000,linear,Marginal-FR,Marginal,5.6780785065852974
49,200,2,1000,linear,Marginal-FR,Correlation,0.02112288171699236
49,200,2,1000,linear,Gaussian-FR,Marginal,7.097123993864203
49,200,2,1000,linear,Gaussian-FR,Correlation,0.005534790529701617
50,200,2,1000,linear,NPT-FR,Marginal,6.095134663563911
50,200,2,1000,linear,NPT-FR,Correlation,0.004872602867225341
50,200,2,1000,linear,Marginal-FR,Marginal,6.095134663563911
50,200,2,1000,linear,Marginal-FR,Correlation,0.01962041657177339
50,200,2,1000,linear,Gaussian-FR,Marginal,7.4494126634313504
50,200,2,1000,linear,Gaussian-FR,Correlation,0.005215199345053572
51,200,2,1000,linear,NPT-FR,Marginal,5.279211071646946
51,200,2,1000,linear,NPT-FR,Correlation,0.005457559300712599
51,200,2,1000,linear,Marginal-FR,Marginal,5.279211071646946
51,200,2,1000,linear,Marginal-FR,Correlation,0.020398950553608516
51,200,2,1000,linear,Gaussian-FR,Marginal,6.651065493955113
51,200,2,1000,linear,Gaussian-FR,Correlation,0.005658645536077559
52,200,2,1000,linear,NPT-FR,Marginal,5.3295946542655805
52,200,2,1000,linear,NPT-FR,Correlation,0.005819585961640949
52,200,2,1000,linear,Marginal-FR,Marginal,5.3295946542655805
52,200,2,1000,linear,Marginal-FR,Correlation,0.018871261546183245
52,200,2,1000,linear,Gaussian-FR,Marginal,6.7587686210077536
52,200,2,1000,linear,Gaussian-FR,Correlation,0.005950587631464513
53,200,2,1000,linear,NPT-FR,Marginal,5.793823174183888
53,200,2,1000,linear,NPT-FR,Correlation,0.00493297199421661
53,200,2,1000,linear,Marginal-FR,Marginal,5.793823174183888
53,200,2,1000,linear,Marginal-FR,Correlation,0.01995046834285985
53,200,2,1000,linear,Gaussian-FR,Marginal,7.102603520322255
53,200,2,1000,linear,Gaussian-FR,Correlation,0.005041067711041994
54,200,2,1000,linear,NPT-FR,Marginal,5.502679089698246
54,200,2,1000,linear,NPT-FR,Correlation,0.005075225656097535
54,200,2,1000,linear,Marginal-FR,Marginal,5.502679089698246
54,200,2,1000,linear,Marginal-FR,Correlation,0.01957522138345247
54,200,2,1000,linear,Gaussian-FR,Marginal,6.866394991492853
54,200,2,1000,linear,Gaussian-FR,Correlation,0.00551689141357517
55,200,2,1000,linear,NPT-FR,Marginal,5.391288346942323
55,200,2,1000,linear,NPT-FR,Correlation,0.0053304593540989325
55,200,2,1000,linear,Marginal-FR,Marginal,5.391288346942323
55,200,2,1000,linear,Marginal-FR,Correlation,0.022243149701114483
55,200,2,1000,linear,Gaussian-FR,Marginal,6.825904339444056
55,200,2,1000,linear,Gaussian-FR,Correlation,0.005600012166305912
56,200,2,1000,linear,NPT-FR,Marginal,5.93365732119671
56,200,2,1000,linear,NPT-FR,Correlation,0.005076948168866289
56,200,2,1000,linear,Marginal-FR,Marginal,5.93365732119671
56,200,2,1000,linear,Marginal-FR,Correlation,0.020392204617439378
56,200,2,1000,linear,Gaussian-FR,Marginal,7.309770468456416
56,200,2,1000,linear,Gaussian-FR,Correlation,0.005253495728975345
57,200,2,1000,linear,NPT-FR,Marginal,5.688616522570653
57,200,2,1000,linear,NPT-FR,Correlation,0.0051797983646033096
57,200,2,1000,linear,Marginal-FR,Marginal,5.688616522570653
57,200,2,1000,linear,Marginal-FR,Correlation,0.021703570822846754
57,200,2,1000,linear,Gaussian-FR,Marginal,7.067740382481627
57,200,2,1000,linear,Gaussian-FR,Correlation,0.005695492182449836
58,200,2,1000,linear,NPT-FR,Marginal,5.330212239431738
58,200,2,1000,linear,NPT-FR,Correlation,0.005184687308628882
58,200,2,1000,linear,Marginal-FR,Marginal,5.330212239431738
58,200,2,1000,linear,Marginal-FR,Correlation,0.01860763021665532
58,200,2,1000,linear,Gaussian-FR,Marginal,6.79029529325072
58,200,2,1000,linear,Gaussian-FR,Correlation,0.005320932101487847
59,200,2,1000,linear,NPT-FR,Marginal,5.316435084462462
59,200,2,1000,linear,NPT-FR,Correlation,0.005132240966162806
59,200,2,1000,linear,Marginal-FR,Marginal,5.316435084462462
59,200,2,1000,linear,Marginal-FR,Correlation,0.020349171810793414
59,200,2,1000,linear,Gaussian-FR,Marginal,6.705843135986512
59,200,2,1000,linear,Gaussian-FR,Correlation,0.005183241278623291
60,200,2,1000,linear,NPT-FR,Marginal,5.624075151772686
60,200,2,1000,linear,NPT-FR,Correlation,0.005287264134620303
60,200,2,1000,linear,Marginal-FR,Marginal,5.624075151772686
60,200,2,1000,linear,Marginal-FR,Correlation,0.022252818710386646
60,200,2,1000,linear,Gaussian-FR,Marginal,7.085749225262198
60,200,2,1000,linear,Gaussian-FR,Correlation,0.005884681529507297
61,200,2,1000,linear,NPT-FR,Marginal,5.565521164157218
61,200,2,1000,linear,NPT-FR,Correlation,0.004501190169980928
61,200,2,1000,linear,Marginal-FR,Marginal,5.565521164157218
61,200,2,1000,linear,Marginal-FR,Correlation,0.01923981799584771
61,200,2,1000,linear,Gaussian-FR,Marginal,6.877207146490603
61,200,2,1000,linear,Gaussian-FR,Correlation,0.004768241701859247
62,200,2,1000,linear,NPT-FR,Marginal,5.861690698687836
62,200,2,1000,linear,NPT-FR,Correlation,0.005286887357186412
62,200,2,1000,linear,Marginal-FR,Marginal,5.861690698687836
62,200,2,1000,linear,Marginal-FR,Correlation,0.020465265929779534
62,200,2,1000,linear,Gaussian-FR,Marginal,7.2474731411888484
62,200,2,1000,linear,Gaussian-FR,Correlation,0.005595148717012816
63,200,2,1000,linear,NPT-FR,Marginal,5.3675794999772055
63,200,2,1000,linear,NPT-FR,Correlation,0.005223967220409732
63,200,2,1000,linear,Marginal-FR,Marginal,5.3675794999772055
63,200,2,1000,linear,Marginal-FR,Correlation,0.020648965881136894
63,200,2,1000,linear,Gaussian-FR,Marginal,6.7219622275039
63,200,2,1000,linear,Gaussian-FR,Correlation,0.005610324140714064
64,200,2,1000,linear,NPT-FR,Marginal,5.319439242493836
64,200,2,1000,linear,NPT-FR,Correlation,0.005250886458045499
64,200,2,1000,linear,Marginal-FR,Marginal,5.319439242493836
64,200,2,1000,linear,Marginal-FR,Correlation,0.02220807494449531
64,200,2,1000,linear,Gaussian-FR,Marginal,6.689965558437269
64,200,2,1000,linear,Gaussian-FR,Correlation,0.005570500267338839
65,200,2,1000,linear,NPT-FR,Marginal,5.122827285359907
65,200,2,1000,linear,NPT-FR,Correlation,0.005179878807505011
65,200,2,1000,linear,Marginal-FR,Marginal,5.122827285359907
65,200,2,1000,linear,Marginal-FR,Correlation,0.020713586374241758
65,200,2,1000,linear,Gaussian-FR,Marginal,6.583202844469868
65,200,2,1000,linear,Gaussian-FR,Correlation,0.005370394988856646
66,200,2,1000,linear,NPT-FR,Marginal,5.921045731683581
66,200,2,1000,linear,NPT-FR,Correlation,0.0054488586847142376
66,200,2,1000,linear,Marginal-FR,Marginal,5.921045731683581
66,200,2,1000,linear,Marginal-FR,Correlation,0.019939861155913504
66,200,2,1000,linear,Gaussian-FR,Marginal,7.328685500514116
66,200,2,1000,linear,Gaussian-FR,Correlation,0.005706140159985682
67,200,2,1000,linear,NPT-FR,Marginal,5.5995994638004465
67,200,2,1000,linear,NPT-FR,Correlation,0.004917294515340959
67,200,2,1000,linear,Marginal-FR,Marginal,5.5995994638004465
67,200,2,1000,linear,Marginal-FR,Correlation,0.020009252033263262
67,200,2,1000,linear,Gaussian-FR,Marginal,7.0022231128881405
67,200,2,1000,linear,Gaussian-FR,Correlation,0.005374534648438394
68,200,2,1000,linear,NPT-FR,Marginal,5.75818019533528
68,200,2,1000,linear,NPT-FR,Correlation,0.004979607483757856
68,200,2,1000,linear,Marginal-FR,Marginal,5.75818019533528
68,200,2,1000,linear,Marginal-FR,Correlation,0.01775167720791553
68,200,2,1000,linear,Gaussian-FR,Marginal,7.216115181092025
68,200,2,1000,linear,Gaussian-FR,Correlation,0.004811087365276794
69,200,2,1000,linear,NPT-FR,Marginal,5.777060944350328
69,200,2,1000,linear,NPT-FR,Correlation,0.004792264446825685
69,200,2,1000,linear,Marginal-FR,Marginal,5.777060944350328
69,200,2,1000,linear,Marginal-FR,Correlation,0.018681519778272787
69,200,2,1000,linear,Gaussian-FR,Marginal,7.208763609686128
69,200,2,1000,linear,Gaussian-FR,Correlation,0.004844901805313195
70,200,2,1000,linear,NPT-FR,Marginal,5.2253650732353405
70,200,2,1000,linear,NPT-FR,Correlation,0.00540632766480424
70,200,2,1000,linear,Marginal-FR,Marginal,5.2253650732353405
70,200,2,1000,linear,Marginal-FR,Correlation,0.020542818882944132
70,200,2,1000,linear,Gaussian-FR,Marginal,6.7595539151688575
70,200,2,1000,linear,Gaussian-FR,Correlation,0.005624998644823359
71,200,2,1000,linear,NPT-FR,Marginal,5.394652662461315
71,200,2,1000,linear,NPT-FR,Correlation,0.005272543163197182
71,200,2,1000,linear,Marginal-FR,Marginal,5.394652662461315
71,200,2,1000,linear,Marginal-FR,Correlation,0.021318804929553965
71,200,2,1000,linear,Gaussian-FR,Marginal,6.889818072054776
71,200,2,1000,linear,Gaussian-FR,Correlation,0.005571055791280818
72,200,2,1000,linear,NPT-FR,Marginal,5.698289579234995
72,200,2,1000,linear,NPT-FR,Correlation,0.005107527128592119
72,200,2,1000,linear,Marginal-FR,Marginal,5.698289579234995
72,200,2,1000,linear,Marginal-FR,Correlation,0.02125843897786194
72,200,2,1000,linear,Gaussian-FR,Marginal,7.052100457793589
72,200,2,1000,linear,Gaussian-FR,Correlation,0.005508558612228364
73,200,2,1000,linear,NPT-FR,Marginal,5.64286418848771
73,200,2,1000,linear,NPT-FR,Correlation,0.005497390555655015
73,200,2,1000,linear,Marginal-FR,Marginal,5.64286418848771
73,200,2,1000,linear,Marginal-FR,Correlation,0.02253912480471253
73,200,2,1000,linear,Gaussian-FR,Marginal,7.107987269146417
73,200,2,1000,linear,Gaussian-FR,Correlation,0.00575059802621019
74,200,2,1000,linear,NPT-FR,Marginal,5.996184172620092
74,200,2,1000,linear,NPT-FR,Correlation,0.005388647304725972
74,200,2,1000,linear,Marginal-FR,Marginal,5.996184172620092
74,200,2,1000,linear,Marginal-FR,Correlation,0.02105231119962298
74,200,2,1000,linear,Gaussian-FR,Marginal,7.423475840885883
74,200,2,1000,linear,Gaussian-FR,Correlation,0.005688565426962809
75,200,2,1000,linear,NPT-FR,Marginal,5.615114024904184
75,200,2,1000,linear,NPT-FR,Correlation,0.0055049189740782704
75,200,2,1000,linear,Marginal-FR,Marginal,5.615114024904184
75,200,2,1000,linear,Marginal-FR,Correlation,0.02122943501149814
75,200,2,1000,linear,Gaussian-FR,Marginal,6.977524435510052
75,200,2,1000,linear,Gaussian-FR,Correlation,0.005780809999879034
76,200,2,1000,linear,NPT-FR,Marginal,5.428517114160501
76,200,2,1000,linear,NPT-FR,Correlation,0.0053400443252546006
76,200,2,1000,linear,Marginal-FR,Marginal,5.428517114160501
76,200,2,1000,linear,Marginal-FR,Correlation,0.02036375843136196
76,200,2,1000,linear,Gaussian-FR,Marginal,6.8605669828095674
76,200,2,1000,linear,Gaussian-FR,Correlation,0.005409642227829078
77,200,2,1000,linear,NPT-FR,Marginal,5.245470435372969
77,200,2,1000,linear,NPT-FR,Correlation,0.005227589898706218
77,200,2,1000,linear,Marginal-FR,Marginal,5.245470435372969
77,200,2,1000,linear,Marginal-FR,Correlation,0.02148793289731977
77,200,2,1000,linear,Gaussian-FR,Marginal,6.628381207929738
77,200,2,1000,linear,Gaussian-FR,Correlation,0.005399690418278925
78,200,2,1000,linear,NPT-FR,Marginal,5.1650555154792
78,200,2,1000,linear,NPT-FR,Correlation,0.004920804444264944
78,200,2,1000,linear,Marginal-FR,Marginal,5.1650555154792
78,200,2,1000,linear,Marginal-FR,Correlation,0.020326831655394832
78,200,2,1000,linear,Gaussian-FR,Marginal,6.597282548461585
78,200,2,1000,linear,Gaussian-FR,Correlation,0.005136384854796889
79,200,2,1000,linear,NPT-FR,Marginal,6.074268310026014
79,200,2,1000,linear,NPT-FR,Correlation,0.004942341653839574
79,200,2,1000,linear,Marginal-FR,Marginal,6.074268310026014
79,200,2,1000,linear,Marginal-FR,Correlation,0.02049027349666039
79,200,2,1000,linear,Gaussian-FR,Marginal,7.394139789794459
79,200,2,1000,linear,Gaussian-FR,Correlation,0.005089622535990357
80,200,2,1000,linear,NPT-FR,Marginal,5.5014954329241075
80,200,2,1000,linear,NPT-FR,Correlation,0.005207623131186119
80,200,2,1000,linear,Marginal-FR,Marginal,5.5014954329241075
80,200,2,1000,linear,Marginal-FR,Correlation,0.022065224175890442
80,200,2,1000,linear,Gaussian-FR,Marginal,6.943601617773012
80,200,2,1000,linear,Gaussian-FR,Correlation,0.005482644194625975
81,200,2,1000,linear,NPT-FR,Marginal,5.962416161100776
81,200,2,1000,linear,NPT-FR,Correlation,0.00482460820043229
81,200,2,1000,linear,Marginal-FR,Marginal,5.962416161100776
81,200,2,1000,linear,Marginal-FR,Correlation,0.019513345843067093
81,200,2,1000,linear,Gaussian-FR,Marginal,7.381683095338336
81,200,2,1000,linear,Gaussian-FR,Correlation,0.00494767727824816
82,200,2,1000,linear,NPT-FR,Marginal,5.871518250336699
82,200,2,1000,linear,NPT-FR,Correlation,0.00568527698382
82,200,2,1000,linear,Marginal-FR,Marginal,5.871518250336699
82,200,2,1000,linear,Marginal-FR,Correlation,0.0229204250373827
82,200,2,1000,linear,Gaussian-FR,Marginal,7.222561456456958
82,200,2,1000,linear,Gaussian-FR,Correlation,0.006099200942498639
83,200,2,1000,linear,NPT-FR,Marginal,6.068164452067995
83,200,2,1000,linear,NPT-FR,Correlation,0.005173414975573465
83,200,2,1000,linear,Marginal-FR,Marginal,6.068164452067995
83,200,2,1000,linear,Marginal-FR,Correlation,0.01994355965063326
83,200,2,1000,linear,Gaussian-FR,Marginal,7.475718177189201
83,200,2,1000,linear,Gaussian-FR,Correlation,0.005696807766752647
84,200,2,1000,linear,NPT-FR,Marginal,5.7868625267852565
84,200,2,1000,linear,NPT-FR,Correlation,0.005367281715154805
84,200,2,1000,linear,Marginal-FR,Marginal,5.7868625267852565
84,200,2,1000,linear,Marginal-FR,Correlation,0.019579262568049084
84,200,2,1000,linear,Gaussian-FR,Marginal,7.059304127143697
84,200,2,1000,linear,Gaussian-FR,Correlation,0.005714299443383931
85,200,2,1000,linear,NPT-FR,Marginal,5.718610619281977
85,200,2,1000,linear,NPT-FR,Correlation,0.005124201300743555
85,200,2,1000,linear,Marginal-FR,Marginal,5.718610619281977
85,200,2,1000,linear,Marginal-FR,Correlation,0.021428306221053833
85,200,2,1000,linear,Gaussian-FR,Marginal,7.161730301313703
85,200,2,1000,linear,Gaussian-FR,Correlation,0.005613474257799443
86,200,2,1000,linear,NPT-FR,Marginal,5.650584820337439
86,200,2,1000,linear,NPT-FR,Correlation,0.005179959445331767
86,200,2,1000,linear,Marginal-FR,Marginal,5.650584820337439
86,200,2,1000,linear,Marginal-FR,Correlation,0.021560041550452085
86,200,2,1000,linear,Gaussian-FR,Marginal,7.044256047058146
86,200,2,1000,linear,Gaussian-FR,Correlation,0.005606674411834099
87,200,2,1000,linear,NPT-FR,Marginal,5.624247806303735
87,200,2,1000,linear,NPT-FR,Correlation,0.005202995917534228
87,200,2,1000,linear,Marginal-FR,Marginal,5.624247806303735
87,200,2,1000,linear,Marginal-FR,Correlation,0.019930327537256425
87,200,2,1000,linear,Gaussian-FR,Marginal,7.064813127208211
87,200,2,1000,linear,Gaussian-FR,Correlation,0.0054884692964107615
88,200,2,1000,linear,NPT-FR,Marginal,5.194064915854781
88,200,2,1000,linear,NPT-FR,Correlation,0.005121447781399219
88,200,2,1000,linear,Marginal-FR,Marginal,5.194064915854781
88,200,2,1000,linear,Marginal-FR,Correlation,0.019697677952270308
88,200,2,1000,linear,Gaussian-FR,Marginal,6.589327980661212
88,200,2,1000,linear,Gaussian-FR,Correlation,0.005192617351098769
89,200,2,1000,linear,NPT-FR,Marginal,6.280798643804486
89,200,2,1000,linear,NPT-FR,Correlation,0.005667508014324284
89,200,2,1000,linear,Marginal-FR,Marginal,6.280798643804486
89,200,2,1000,linear,Marginal-FR,Correlation,0.021639111162202507
89,200,2,1000,linear,Gaussian-FR,Marginal,7.597648610910577
89,200,2,1000,linear,Gaussian-FR,Correlation,0.005895423743213656
90,200,2,1000,linear,NPT-FR,Marginal,5.176143454056962
90,200,2,1000,linear,NPT-FR,Correlation,0.005693905347889922
90,200,2,1000,linear,Marginal-FR,Marginal,5.176143454056962
90,200,2,1000,linear,Marginal-FR,Correlation,0.02029183325563385
90,200,2,1000,linear,Gaussian-FR,Marginal,6.567383910577641
90,200,2,1000,linear,Gaussian-FR,Correlation,0.0060088116073089125
91,200,2,1000,linear,NPT-FR,Marginal,5.523588320125011
91,200,2,1000,linear,NPT-FR,Correlation,0.005096302888556757
91,200,2,1000,linear,Marginal-FR,Marginal,5.523588320125011
91,200,2,1000,linear,Marginal-FR,Correlation,0.021713890565731604
91,200,2,1000,linear,Gaussian-FR,Marginal,6.930454009120576
91,200,2,1000,linear,Gaussian-FR,Correlation,0.005512615734985154
92,200,2,1000,linear,NPT-FR,Marginal,6.0858173517678615
92,200,2,1000,linear,NPT-FR,Correlation,0.005407469785247781
92,200,2,1000,linear,Marginal-FR,Marginal,6.0858173517678615
92,200,2,1000,linear,Marginal-FR,Correlation,0.020182137793735677
92,200,2,1000,linear,Gaussian-FR,Marginal,7.545602180400204
92,200,2,1000,linear,Gaussian-FR,Correlation,0.005330750739943132
93,200,2,1000,linear,NPT-FR,Marginal,5.230988290821367
93,200,2,1000,linear,NPT-FR,Correlation,0.005140090054143207
93,200,2,1000,linear,Marginal-FR,Marginal,5.230988290821367
93,200,2,1000,linear,Marginal-FR,Correlation,0.021076796648895054
93,200,2,1000,linear,Gaussian-FR,Marginal,6.683542468302732
93,200,2,1000,linear,Gaussian-FR,Correlation,0.005623163479720253
94,200,2,1000,linear,NPT-FR,Marginal,6.139104829121512
94,200,2,1000,linear,NPT-FR,Correlation,0.0055713592689689145
94,200,2,1000,linear,Marginal-FR,Marginal,6.139104829121512
94,200,2,1000,linear,Marginal-FR,Correlation,0.01947937069384188
94,200,2,1000,linear,Gaussian-FR,Marginal,7.535404639275738
94,200,2,1000,linear,Gaussian-FR,Correlation,0.0059056886113910455
95,200,2,1000,linear,NPT-FR,Marginal,5.852307665649045
95,200,2,1000,linear,NPT-FR,Correlation,0.005404119488830005
95,200,2,1000,linear,Marginal-FR,Marginal,5.852307665649045
95,200,2,1000,linear,Marginal-FR,Correlation,0.022070152946007164
95,200,2,1000,linear,Gaussian-FR,Marginal,7.192076127133464
95,200,2,1000,linear,Gaussian-FR,Correlation,0.005478480763943868
96,200,2,1000,linear,NPT-FR,Marginal,6.0911937283943125
96,200,2,1000,linear,NPT-FR,Correlation,0.005359668275836677
96,200,2,1000,linear,Marginal-FR,Marginal,6.0911937283943125
96,200,2,1000,linear,Marginal-FR,Correlation,0.022979089153810608
96,200,2,1000,linear,Gaussian-FR,Marginal,7.528055428061771
96,200,2,1000,linear,Gaussian-FR,Correlation,0.005810232592587878
97,200,2,1000,linear,NPT-FR,Marginal,5.662881634469021
97,200,2,1000,linear,NPT-FR,Correlation,0.005137097220157471
97,200,2,1000,linear,Marginal-FR,Marginal,5.662881634469021
97,200,2,1000,linear,Marginal-FR,Correlation,0.02019278055252353
97,200,2,1000,linear,Gaussian-FR,Marginal,6.949898829960406
97,200,2,1000,linear,Gaussian-FR,Correlation,0.005800972734324094
98,200,2,1000,linear,NPT-FR,Marginal,5.621056715909161
98,200,2,1000,linear,NPT-FR,Correlation,0.005166171895839109
98,200,2,1000,linear,Marginal-FR,Marginal,5.621056715909161
98,200,2,1000,linear,Marginal-FR,Correlation,0.020608808844769802
98,200,2,1000,linear,Gaussian-FR,Marginal,7.043302904081808
98,200,2,1000,linear,Gaussian-FR,Correlation,0.005271544800475875
99,200,2,1000,linear,NPT-FR,Marginal,5.573199113420458
99,200,2,1000,linear,NPT-FR,Correlation,0.005895686711628236
99,200,2,1000,linear,Marginal-FR,Marginal,5.573199113420458
99,200,2,1000,linear,Marginal-FR,Correlation,0.021686179246197
99,200,2,1000,linear,Gaussian-FR,Marginal,6.895756950220088
99,200,2,1000,linear,Gaussian-FR,Correlation,0.006195285079851579
0,200,2,1000,nonlinear,NPT-FR,Marginal,6.640729362319526
0,200,2,1000,nonlinear,NPT-FR,Correlation,0.005068751352753577
0,200,2,1000,nonlinear,Marginal-FR,Marginal,6.640729362319526
0,200,2,1000,nonlinear,Marginal-FR,Correlation,0.3922048774861986
0,200,2,1000,nonlinear,Gaussian-FR,Marginal,8.080154435952071
0,200,2,1000,nonlinear,Gaussian-FR,Correlation,0.022193378752080006
1,200,2,1000,nonlinear,NPT-FR,Marginal,5.675125646922141
1,200,2,1000,nonlinear,NPT-FR,Correlation,0.005483994778648888
1,200,2,1000,nonlinear,Marginal-FR,Marginal,5.675125646922141
1,200,2,1000,nonlinear,Marginal-FR,Correlation,0.3614380100814991
1,200,2,1000,nonlinear,Gaussian-FR,Marginal,7.023368095363667
1,200,2,1000,nonlinear,Gaussian-FR,Correlation,0.02474068098137614
2,200,2,1000,nonlinear,NPT-FR,Marginal,5.36841187296346
2,200,2,1000,nonlinear,NPT-FR,Correlation,0.004973612191578072
2,200,2,1000,nonlinear,Marginal-FR,Marginal,5.36841187296346
2,200,2,1000,nonlinear,Marginal-FR,Correlation,0.36412999757200293
2,200,2,1000,nonlinear,Gaussian-FR,Marginal,6.782864384223391
2,200,2,1000,nonlinear,Gaussian-FR,Correlation,0.02030862216682018
3,200,2,1000,nonlinear,NPT-FR,Marginal,5.561660803549513
3,200,2,1000,nonlinear,NPT-FR,Correlation,0.004781559282426681
3,200,2,1000,nonlinear,Marginal-FR,Marginal,5.561660803549513
3,200,2,1000,nonlinear,Marginal-FR,Correlation,0.37745764488458505
3,200,2,1000,nonlinear,Gaussian-FR,Marginal,7.086992527155678
3,200,2,1000,nonlinear,Gaussian-FR,Correlation,0.02032641363344532
4,200,2,1000,nonlinear,NPT-FR,Marginal,5.16585190748696
4,200,2,1000,nonlinear,NPT-FR,Correlation,0.005939908679816598
4,200,2,1000,nonlinear,Marginal-FR,Marginal,5.16585190748696
4,200,2,1000,nonlinear,Marginal-FR,Correlation,0.371401988574953
4,200,2,1000,nonlinear,Gaussian-FR,Marginal,6.5375864533
4,200,2,1000,nonlinear,Gaussian-FR,Correlation,0.022527580459264205
5,200,2,1000,nonlinear,NPT-FR,Marginal,5.510039129910645
5,200,2,1000,nonlinear,NPT-FR,Correlation,0.005138702881029021
5,200,2,1000,nonlinear,Marginal-FR,Marginal,5.510039129910645
5,200,2,1000,nonlinear,Marginal-FR,Correlation,0.3964058322098212
5,200,2,1000,nonlinear,Gaussian-FR,Marginal,6.968962586862149
5,200,2,1000,nonlinear,Gaussian-FR,Correlation,0.02327757238461433
6,200,2,1000,nonlinear,NPT-FR,Marginal,6.022681581626283
6,200,2,1000,nonlinear,NPT-FR,Correlation,0.005962098102471684
6,200,2,1000,nonlinear,Marginal-FR,Marginal,6.022681581626283
6,200,2,1000,nonlinear,Marginal-FR,Correlation,0.3837464463365498
6,200,2,1000,nonlinear,Gaussian-FR,Marginal,7.442111585449437
6,200,2,1000,nonlinear,Gaussian-FR,Correlation,0.02210392817047625
7,200,2,1000,nonlinear,NPT-FR,Marginal,5.601206393029621
7,200,2,1000,nonlinear,NPT-FR,Correlation,0.00659633250949143
7,200,2,1000,nonlinear,Marginal-FR,Marginal,5.601206393029621
7,200,2,1000,nonlinear,Marginal-FR,Correlation,0.3746801889008938
7,200,2,1000,nonlinear,Gaussian-FR,Marginal,7.013263519808029
7,200,2,1000,nonlinear,Gaussian-FR,Correlation,0.02609956154931831
8,200,2,1000,nonlinear,NPT-FR,Marginal,5.7316080131275156
8,200,2,1000,nonlinear,NPT-FR,Correlation,0.005725093534708468
8,200,2,1000,nonlinear,Marginal-FR,Marginal,5.7316080131275156
8,200,2,1000,nonlinear,Marginal-FR,Correlation,0.3643738703809325
8,200,2,1000,nonlinear,Gaussian-FR,Marginal,7.137536503959147
8,200,2,1000,nonlinear,Gaussian-FR,Correlation,0.02429213466984331
9,200,2,1000,nonlinear,NPT-FR,Marginal,5.90863339501038
9,200,2,1000,nonlinear,NPT-FR,Correlation,0.004944935449931061
9,200,2,1000,nonlinear,Marginal-FR,Marginal,5.90863339501038
9,200,2,1000,nonlinear,Marginal-FR,Correlation,0.3805211430113938
9,200,2,1000,nonlinear,Gaussian-FR,Marginal,7.280997796111945
9,200,2,1000,nonlinear,Gaussian-FR,Correlation,0.024520700297711615
10,200,2,1000,nonlinear,NPT-FR,Marginal,5.903591471015972
10,200,2,1000,nonlinear,NPT-FR,Correlation,0.006441582273983898
10,200,2,1000,nonlinear,Marginal-FR,Marginal,5.903591471015972
10,200,2,1000,nonlinear,Marginal-FR,Correlation,0.3722322997320622
10,200,2,1000,nonlinear,Gaussian-FR,Marginal,7.319573803047878
10,200,2,1000,nonlinear,Gaussian-FR,Correlation,0.019897017815893092
11,200,2,1000,nonlinear,NPT-FR,Marginal,5.454799639473734
11,200,2,1000,nonlinear,NPT-FR,Correlation,0.005580801458700024
11,200,2,1000,nonlinear,Marginal-FR,Marginal,5.454799639473734
11,200,2,1000,nonlinear,Marginal-FR,Correlation,0.3894524018585858
11,200,2,1000,nonlinear,Gaussian-FR,Marginal,6.8898968760446255
11,200,2,1000,nonlinear,Gaussian-FR,Correlation,0.028750920829762255
12,200,2,1000,nonlinear,NPT-FR,Marginal,6.1081974644921635
12,200,2,1000,nonlinear,NPT-FR,Correlation,0.0053488711834134015
12,200,2,1000,nonlinear,Marginal-FR,Marginal,6.1081974644921635
12,200,2,1000,nonlinear,Marginal-FR,Correlation,0.36608282502511463
12,200,2,1000,nonlinear,Gaussian-FR,Marginal,7.579956699011472
12,200,2,1000,nonlinear,Gaussian-FR,Correlation,0.025116115192159585
13,200,2,1000,nonlinear,NPT-FR,Marginal,5.348955521347715
13,200,2,1000,nonlinear,NPT-FR,Correlation,0.005120998831923044
13,200,2,1000,nonlinear,Marginal-FR,Marginal,5.348955521347715
13,200,2,1000,nonlinear,Marginal-FR,Correlation,0.38970914307986193
13,200,2,1000,nonlinear,Gaussian-FR,Marginal,6.813078448219126
13,200,2,1000,nonlinear,Gaussian-FR,Correlation,0.027544492205399108
14,200,2,1000,nonlinear,NPT-FR,Marginal,6.221223064579739
14,200,2,1000,nonlinear,NPT-FR,Correlation,0.00599996778949671
14,200,2,1000,nonlinear,Marginal-FR,Marginal,6.221223064579739
14,200,2,1000,nonlinear,Marginal-FR,Correlation,0.3579457398528602
14,200,2,1000,nonlinear,Gaussian-FR,Marginal,7.686002629798702
14,200,2,1000,nonlinear,Gaussian-FR,Correlation,0.021331566114342556
15,200,2,1000,nonlinear,NPT-FR,Marginal,5.778691375105318
15,200,2,1000,nonlinear,NPT-FR,Correlation,0.0050982603104725716
15,200,2,1000,nonlinear,Marginal-FR,Marginal,5.778691375105318
15,200,2,1000,nonlinear,Marginal-FR,Correlation,0.38522599431391896
15,200,2,1000,nonlinear,Gaussian-FR,Marginal,7.216821239969624
15,200,2,1000,nonlinear,Gaussian-FR,Correlation,0.0234635191815147
16,200,2,1000,nonlinear,NPT-FR,Marginal,5.5812234716285944
16,200,2,1000,nonlinear,NPT-FR,Correlation,0.005031974995173707
16,200,2,1000,nonlinear,Marginal-FR,Marginal,5.5812234716285944
16,200,2,1000,nonlinear,Marginal-FR,Correlation,0.3971871825078058
16,200,2,1000,nonlinear,Gaussian-FR,Marginal,6.990809866051546
16,200,2,1000,nonlinear,Gaussian-FR,Correlation,0.026754762312622832
17,200,2,1000,nonlinear,NPT-FR,Marginal,5.795355289179124
17,200,2,1000,nonlinear,NPT-FR,Correlation,0.0052383958338636915
17,200,2,1000,nonlinear,Marginal-FR,Marginal,5.795355289179124
17,200,2,1000,nonlinear,Marginal-FR,Correlation,0.3583301012125961
17,200,2,1000,nonlinear,Gaussian-FR,Marginal,7.262729963295451
17,200,2,1000,nonlinear,Gaussian-FR,Correlation,0.022139362200919825
18,200,2,1000,nonlinear,NPT-FR,Marginal,5.821933115206552
18,200,2,1000,nonlinear,NPT-FR,Correlation,0.005974221094815079
18,200,2,1000,nonlinear,Marginal-FR,Marginal,5.821933115206552
18,200,2,1000,nonlinear,Marginal-FR,Correlation,0.38688211491158686
18,200,2,1000,nonlinear,Gaussian-FR,Marginal,7.289486871413965
18,200,2,1000,nonlinear,Gaussian-FR,Correlation,0.022859323737426315
19,200,2,1000,nonlinear,NPT-FR,Marginal,5.653984607672079
19,200,2,1000,nonlinear,NPT-FR,Correlation,0.005773643556265842
19,200,2,1000,nonlinear,Marginal-FR,Marginal,5.653984607672079
19,200,2,1000,nonlinear,Marginal-FR,Correlation,0.38283871518746704
19,200,2,1000,nonlinear,Gaussian-FR,Marginal,7.102753284110539
19,200,2,1000,nonlinear,Gaussian-FR,Correlation,0.02191171977311195
20,200,2,1000,nonlinear,NPT-FR,Marginal,6.1812765584662355
20,200,2,1000,nonlinear,NPT-FR,Correlation,0.0055645931949386595
20,200,2,1000,nonlinear,Marginal-FR,Marginal,6.1812765584662355
20,200,2,1000,nonlinear,Marginal-FR,Correlation,0.37893997005022784
20,200,2,1000,nonlinear,Gaussian-FR,Marginal,7.688343274365128
20,200,2,1000,nonlinear,Gaussian-FR,Correlation,0.02210923735675063
21,200,2,1000,nonlinear,NPT-FR,Marginal,5.317985537822924
21,200,2,1000,nonlinear,NPT-FR,Correlation,0.005212485954715114
21,200,2,1000,nonlinear,Marginal-FR,Marginal,5.317985537822924
21,200,2,1000,nonlinear,Marginal-FR,Correlation,0.37612857911625314
21,200,2,1000,nonlinear,Gaussian-FR,Marginal,6.707643013902397
21,200,2,1000,nonlinear,Gaussian-FR,Correlation,0.026370690083126033
22,200,2,1000,nonlinear,NPT-FR,Marginal,5.747921593349823
22,200,2,1000,nonlinear,NPT-FR,Correlation,0.005226684330706244
22,200,2,1000,nonlinear,Marginal-FR,Marginal,5.747921593349823
22,200,2,1000,nonlinear,Marginal-FR,Correlation,0.3730455401870158
22,200,2,1000,nonlinear,Gaussian-FR,Marginal,7.223156917080583
22,200,2,1000,nonlinear,Gaussian-FR,Correlation,0.02755032463987673
23,200,2,1000,nonlinear,NPT-FR,Marginal,6.184621839070065
23,200,2,1000,nonlinear,NPT-FR,Correlation,0.006043637081991566
23,200,2,1000,nonlinear,Marginal-FR,Marginal,6.184621839070065
23,200,2,1000,nonlinear,Marginal-FR,Correlation,0.3762213221203628
23,200,2,1000,nonlinear,Gaussian-FR,Marginal,7.723205342066273
23,200,2,1000,nonlinear,Gaussian-FR,Correlation,0.023696567640144914
24,200,2,1000,nonlinear,NPT-FR,Marginal,5.606584951025366
24,200,2,1000,nonlinear,NPT-FR,Correlation,0.0064923510215071315
24,200,2,1000,nonlinear,Marginal-FR,Marginal,5.606584951025366
24,200,2,1000,nonlinear,Marginal-FR,Correlation,0.3697338248250519
24,200,2,1000,nonlinear,Gaussian-FR,Marginal,7.0833629865852545
24,200,2,1000,nonlinear,Gaussian-FR,Correlation,0.022562844766647657
25,200,2,1000,nonlinear,NPT-FR,Marginal,5.665947571281043
25,200,2,1000,nonlinear,NPT-FR,Correlation,0.005876600119967089
25,200,2,1000,nonlinear,Marginal-FR,Marginal,5.665947571281043
25,200,2,1000,nonlinear,Marginal-FR,Correlation,0.385154926876753
25,200,2,1000,nonlinear,Gaussian-FR,Marginal,7.070523268332684
25,200,2,1000,nonlinear,Gaussian-FR,Correlation,0.022604450478668766
26,200,2,1000,nonlinear,NPT-FR,Marginal,5.570728583196654
26,200,2,1000,nonlinear,NPT-FR,Correlation,0.0054641428322635115
26,200,2,1000,nonlinear,Marginal-FR,Marginal,5.570728583196654
26,200,2,1000,nonlinear,Marginal-FR,Correlation,0.3616699007828692
26,200,2,1000,nonlinear,Gaussian-FR,Marginal,6.9694504247493905
26,200,2,1000,nonlinear,Gaussian-FR,Correlation,0.027511749847847163
27,200,2,1000,nonlinear,NPT-FR,Marginal,6.09117197189016
27,200,2,1000,nonlinear,NPT-FR,Correlation,0.005962452000614656
27,200,2,1000,nonlinear,Marginal-FR,Marginal,6.09117197189016
27,200,2,1000,nonlinear,Marginal-FR,Correlation,0.37051669715571883
27,200,2,1000,nonlinear,Gaussian-FR,Marginal,7.491339629308649
27,200,2,1000,nonlinear,Gaussian-FR,Correlation,0.02173131880732611
28,200,2,1000,nonlinear,NPT-FR,Marginal,5.505001333730213
28,200,2,1000,nonlinear,NPT-FR,Correlation,0.005621958452883045
28,200,2,1000,nonlinear,Marginal-FR,Marginal,5.505001333730213
28,200,2,1000,nonlinear,Marginal-FR,Correlation,0.3715228571474573
28,200,2,1000,nonlinear,Gaussian-FR,Marginal,6.854081445726896
28,200,2,1000,nonlinear,Gaussian-FR,Correlation,0.026753208126867524
29,200,2,1000,nonlinear,NPT-FR,Marginal,5.525111664334496
29,200,2,1000,nonlinear,NPT-FR,Correlation,0.005579300597719244
29,200,2,1000,nonlinear,Marginal-FR,Marginal,5.525111664334496
29,200,2,1000,nonlinear,Marginal-FR,Correlation,0.38427564867868025
29,200,2,1000,nonlinear,Gaussian-FR,Marginal,7.016518921771107
29,200,2,1000,nonlinear,Gaussian-FR,Correlation,0.02368112105018198
30,200,2,1000,nonlinear,NPT-FR,Marginal,5.375650479856207
30,200,2,1000,nonlinear,NPT-FR,Correlation,0.0052387432347001574
30,200,2,1000,nonlinear,Marginal-FR,Marginal,5.375650479856207
30,200,2,1000,nonlinear,Marginal-FR,Correlation,0.3816997804490649
30,200,2,1000,nonlinear,Gaussian-FR,Marginal,6.745847305804781
30,200,2,1000,nonlinear,Gaussian-FR,Correlation,0.021744589540411707
31,200,2,1000,nonlinear,NPT-FR,Marginal,5.624959740917084
31,200,2,1000,nonlinear,NPT-FR,Correlation,0.006699082605836044
31,200,2,1000,nonlinear,Marginal-FR,Marginal,5.624959740917084
31,200,2,1000,nonlinear,Marginal-FR,Correlation,0.3669466864865091
31,200,2,1000,nonlinear,Gaussian-FR,Marginal,7.029158485238966
31,200,2,1000,nonlinear,Gaussian-FR,Correlation,0.030234361003632457
32,200,2,1000,nonlinear,NPT-FR,Marginal,6.179867850283815
32,200,2,1000,nonlinear,NPT-FR,Correlation,0.004933712727673669
32,200,2,1000,nonlinear,Marginal-FR,Marginal,6.179867850283815
32,200,2,1000,nonlinear,Marginal-FR,Correlation,0.3906849592311092
32,200,2,1000,nonlinear,Gaussian-FR,Marginal,7.73376435377327
32,200,2,1000,nonlinear,Gaussian-FR,Correlation,0.02044822562683959
33,200,2,1000,nonlinear,NPT-FR,Marginal,5.78600811524373
33,200,2,1000,nonlinear,NPT-FR,Correlation,0.00509867021147639
33,200,2,1000,nonlinear,Marginal-FR,Marginal,5.78600811524373
33,200,2,1000,nonlinear,Marginal-FR,Correlation,0.35932894152943834
33,200,2,1000,nonlinear,Gaussian-FR,Marginal,7.204521519615286
33,200,2,1000,nonlinear,Gaussian-FR,Correlation,0.02015918043728406
34,200,2,1000,nonlinear,NPT-FR,Marginal,5.3515217942946
34,200,2,1000,nonlinear,NPT-FR,Correlation,0.005237876303718034
34,200,2,1000,nonlinear,Marginal-FR,Marginal,5.3515217942946
34,200,2,1000,nonlinear,Marginal-FR,Correlation,0.3860155511911938
34,200,2,1000,nonlinear,Gaussian-FR,Marginal,6.770970563026314
34,200,2,1000,nonlinear,Gaussian-FR,Correlation,0.022757367120442414
35,200,2,1000,nonlinear,NPT-FR,Marginal,5.570602830296815
35,200,2,1000,nonlinear,NPT-FR,Correlation,0.0050687994358245255
35,200,2,1000,nonlinear,Marginal-FR,Marginal,5.570602830296815
35,200,2,1000,nonlinear,Marginal-FR,Correlation,0.3645961539963585
35,200,2,1000,nonlinear,Gaussian-FR,Marginal,6.9401323529199885
35,200,2,1000,nonlinear,Gaussian-FR,Correlation,0.01959464950008074
36,200,2,1000,nonlinear,NPT-FR,Marginal,5.491596641372323
36,200,2,1000,nonlinear,NPT-FR,Correlation,0.005949599180427758
36,200,2,1000,nonlinear,Marginal-FR,Marginal,5.491596641372323
36,200,2,1000,nonlinear,Marginal-FR,Correlation,0.38812300585582893
36,200,2,1000,nonlinear,Gaussian-FR,Marginal,6.927316474812556
36,200,2,1000,nonlinear,Gaussian-FR,Correlation,0.021159645459620003
37,200,2,1000,nonlinear,NPT-FR,Marginal,5.737311663561563
37,200,2,1000,nonlinear,NPT-FR,Correlation,0.005665771206825675
37,200,2,1000,nonlinear,Marginal-FR,Marginal,5.737311663561563
37,200,2,1000,nonlinear,Marginal-FR,Correlation,0.3911851486478889
37,200,2,1000,nonlinear,Gaussian-FR,Marginal,7.167470458523553
37,200,2,1000,nonlinear,Gaussian-FR,Correlation,0.02548772766678999
38,200,2,1000,nonlinear,NPT-FR,Marginal,5.933482695952732
38,200,2,1000,nonlinear,NPT-FR,Correlation,0.004943778018575107
38,200,2,1000,nonlinear,Marginal-FR,Marginal,5.933482695952732
38,200,2,1000,nonlinear,Marginal-FR,Correlation,0.3783276660271831
38,200,2,1000,nonlinear,Gaussian-FR,Marginal,7.454902606865684
38,200,2,1000,nonlinear,Gaussian-FR,Correlation,0.023543345102596515
39,200,2,1000,nonlinear,NPT-FR,Marginal,5.403995109355079
39,200,2,1000,nonlinear,NPT-FR,Correlation,0.005674983090659042
39,200,2,1000,nonlinear,Marginal-FR,Marginal,5.403995109355079
39,200,2,1000,nonlinear,Marginal-FR,Correlation,0.3930329568034815
39,200,2,1000,nonlinear,Gaussian-FR,Marginal,6.855980721451782
39,200,2,1000,nonlinear,Gaussian-FR,Correlation,0.028326068104428625
40,200,2,1000,nonlinear,NPT-FR,Marginal,5.64283894065009
40,200,2,1000,nonlinear,NPT-FR,Correlation,0.005171874516249363
40,200,2,1000,nonlinear,Marginal-FR,Marginal,5.64283894065009
40,200,2,1000,nonlinear,Marginal-FR,Correlation,0.37545138184317256
40,200,2,1000,nonlinear,Gaussian-FR,Marginal,7.030758496612856
40,200,2,1000,nonlinear,Gaussian-FR,Correlation,0.02225150319217517
41,200,2,1000,nonlinear,NPT-FR,Marginal,5.643974030973107
41,200,2,1000,nonlinear,NPT-FR,Correlation,0.0055595223503956724
41,200,2,1000,nonlinear,Marginal-FR,Marginal,5.643974030973107
41,200,2,1000,nonlinear,Marginal-FR,Correlation,0.38944324980509065
41,200,2,1000,nonlinear,Gaussian-FR,Marginal,7.0435119271155635
41,200,2,1000,nonlinear,Gaussian-FR,Correlation,0.024531325943086598
42,200,2,1000,nonlinear,NPT-FR,Marginal,5.592470016746424
42,200,2,1000,nonlinear,NPT-FR,Correlation,0.005752239100619577
42,200,2,1000,nonlinear,Marginal-FR,Marginal,5.592470016746424
42,200,2,1000,nonlinear,Marginal-FR,Correlation,0.3757148740091842
42,200,2,1000,nonlinear,Gaussian-FR,Marginal,7.0393331490048645
42,200,2,1000,nonlinear,Gaussian-FR,Correlation,0.032524232846407264
43,200,2,1000,nonlinear,NPT-FR,Marginal,5.467321986615373
43,200,2,1000,nonlinear,NPT-FR,Correlation,0.004905892383917766
43,200,2,1000,nonlinear,Marginal-FR,Marginal,5.467321986615373
43,200,2,1000,nonlinear,Marginal-FR,Correlation,0.3714786795918121
43,200,2,1000,nonlinear,Gaussian-FR,Marginal,6.951155841011944
43,200,2,1000,nonlinear,Gaussian-FR,Correlation,0.022346714825662698
44,200,2,1000,nonlinear,NPT-FR,Marginal,5.594411470720681
44,200,2,1000,nonlinear,NPT-FR,Correlation,0.005148810795760151
44,200,2,1000,nonlinear,Marginal-FR,Marginal,5.594411470720681
44,200,2,1000,nonlinear,Marginal-FR,Correlation,0.3669281660902034
44,200,2,1000,nonlinear,Gaussian-FR,Marginal,6.977184519565211
44,200,2,1000,nonlinear,Gaussian-FR,Correlation,0.025416619370105267
45,200,2,1000,nonlinear,NPT-FR,Marginal,5.737311663561563
45,200,2,1000,nonlinear,NPT-FR,Correlation,0.005665771206825675
45,200,2,1000,nonlinear,Marginal-FR,Marginal,5.737311663561563
45,200,2,1000,nonlinear,Marginal-FR,Correlation,0.3911851486478889
45,200,2,1000,nonlinear,Gaussian-FR,Marginal,7.167470458523553
45,200,2,1000,nonlinear,Gaussian-FR,Correlation,0.02548772766678999
46,200,2,1000,nonlinear,NPT-FR,Marginal,5.531887616823749
46,200,2,1000,nonlinear,NPT-FR,Correlation,0.0059728896874038815
46,200,2,1000,nonlinear,Marginal-FR,Marginal,5.531887616823749
46,200,2,1000,nonlinear,Marginal-FR,Correlation,0.37711807995260516
46,200,2,1000,nonlinear,Gaussian-FR,Marginal,7.024752523010813
46,200,2,1000,nonlinear,Gaussian-FR,Correlation,0.027099582884391484
47,200,2,1000,nonlinear,NPT-FR,Marginal,5.7470024337183006
47,200,2,1000,nonlinear,NPT-FR,Correlation,0.005195601363875627
47,200,2,1000,nonlinear,Marginal-FR,Marginal,5.7470024337183006
47,200,2,1000,nonlinear,Marginal-FR,Correlation,0.38525567405114824
47,200,2,1000,nonlinear,Gaussian-FR,Marginal,7.2904665245872184
47,200,2,1000,nonlinear,Gaussian-FR,Correlation,0.023196308103018683
48,200,2,1000,nonlinear,NPT-FR,Marginal,5.931488517680718
48,200,2,1000,nonlinear,NPT-FR,Correlation,0.00566248413007592
48,200,2,1000,nonlinear,Marginal-FR,Marginal,5.931488517680718
48,200,2,1000,nonlinear,Marginal-FR,Correlation,0.396628279709843
48,200,2,1000,nonlinear,Gaussian-FR,Marginal,7.394645736757917
48,200,2,1000,nonlinear,Gaussian-FR,Correlation,0.02461391335590963
49,200,2,1000,nonlinear,NPT-FR,Marginal,5.53628055908163
49,200,2,1000,nonlinear,NPT-FR,Correlation,0.005412914217990322
49,200,2,1000,nonlinear,Marginal-FR,Marginal,5.53628055908163
49,200,2,1000,nonlinear,Marginal-FR,Correlation,0.37091611126008245
49,200,2,1000,nonlinear,Gaussian-FR,Marginal,6.916446014171738
49,200,2,1000,nonlinear,Gaussian-FR,Correlation,0.02193197284525325
50,200,2,1000,nonlinear,NPT-FR,Marginal,5.646386589214085
50,200,2,1000,nonlinear,NPT-FR,Correlation,0.005924330556004846
50,200,2,1000,nonlinear,Marginal-FR,Marginal,5.646386589214085
50,200,2,1000,nonlinear,Marginal-FR,Correlation,0.38052707714227263
50,200,2,1000,nonlinear,Gaussian-FR,Marginal,7.0865747132592904
50,200,2,1000,nonlinear,Gaussian-FR,Correlation,0.025800289271546782
51,200,2,1000,nonlinear,NPT-FR,Marginal,5.948230187253433
51,200,2,1000,nonlinear,NPT-FR,Correlation,0.005206622567780644
51,200,2,1000,nonlinear,Marginal-FR,Marginal,5.948230187253433
51,200,2,1000,nonlinear,Marginal-FR,Correlation,0.38873148292208254
51,200,2,1000,nonlinear,Gaussian-FR,Marginal,7.454029891175201
51,200,2,1000,nonlinear,Gaussian-FR,Correlation,0.026987528415253554
52,200,2,1000,nonlinear,NPT-FR,Marginal,5.769794629159067
52,200,2,1000,nonlinear,NPT-FR,Correlation,0.005642788093070051
52,200,2,1000,nonlinear,Marginal-FR,Marginal,5.769794629159067
52,200,2,1000,nonlinear,Marginal-FR,Correlation,0.36331653802947517
52,200,2,1000,nonlinear,Gaussian-FR,Marginal,7.127128923990712
52,200,2,1000,nonlinear,Gaussian-FR,Correlation,0.021711736473036196
53,200,2,1000,nonlinear,NPT-FR,Marginal,5.447385830010979
53,200,2,1000,nonlinear,NPT-FR,Correlation,0.005506442400364888
53,200,2,1000,nonlinear,Marginal-FR,Marginal,5.447385830010979
53,200,2,1000,nonlinear,Marginal-FR,Correlation,0.3894465011494935
53,200,2,1000,nonlinear,Gaussian-FR,Marginal,6.887924385106816
53,200,2,1000,nonlinear,Gaussian-FR,Correlation,0.025244286569706176
54,200,2,1000,nonlinear,NPT-FR,Marginal,5.632737464538194
54,200,2,1000,nonlinear,NPT-FR,Correlation,0.006491335539723016
54,200,2,1000,nonlinear,Marginal-FR,Marginal,5.632737464538194
54,200,2,1000,nonlinear,Marginal-FR,Correlation,0.35909956597002934
54,200,2,1000,nonlinear,Gaussian-FR,Marginal,7.064217410706643
54,200,2,1000,nonlinear,Gaussian-FR,Correlation,0.02517606604142376
55,200,2,1000,nonlinear,NPT-FR,Marginal,5.4492549216127255
55,200,2,1000,nonlinear,NPT-FR,Correlation,0.005092802848429499
55,200,2,1000,nonlinear,Marginal-FR,Marginal,5.4492549216127255
55,200,2,1000,nonlinear,Marginal-FR,Correlation,0.3820205793556815
55,200,2,1000,nonlinear,Gaussian-FR,Marginal,6.981321529477547
55,200,2,1000,nonlinear,Gaussian-FR,Correlation,0.029586706886662286
56,200,2,1000,nonlinear,NPT-FR,Marginal,5.148822052616301
56,200,2,1000,nonlinear,NPT-FR,Correlation,0.005344353419325908
56,200,2,1000,nonlinear,Marginal-FR,Marginal,5.148822052616301
56,200,2,1000,nonlinear,Marginal-FR,Correlation,0.37060550833673134
56,200,2,1000,nonlinear,Gaussian-FR,Marginal,6.751440252681252
56,200,2,1000,nonlinear,Gaussian-FR,Correlation,0.02085805026204325
57,200,2,1000,nonlinear,NPT-FR,Marginal,5.30297818908775
57,200,2,1000,nonlinear,NPT-FR,Correlation,0.005964597707912516
57,200,2,1000,nonlinear,Marginal-FR,Marginal,5.30297818908775
57,200,2,1000,nonlinear,Marginal-FR,Correlation,0.38061905254311124
57,200,2,1000,nonlinear,Gaussian-FR,Marginal,6.70661877183197
57,200,2,1000,nonlinear,Gaussian-FR,Correlation,0.024330373700847095
58,200,2,1000,nonlinear,NPT-FR,Marginal,5.463131289397518
58,200,2,1000,nonlinear,NPT-FR,Correlation,0.005313209810696195
58,200,2,1000,nonlinear,Marginal-FR,Marginal,5.463131289397518
58,200,2,1000,nonlinear,Marginal-FR,Correlation,0.39205669084509825
58,200,2,1000,nonlinear,Gaussian-FR,Marginal,6.8487346530963435
58,200,2,1000,nonlinear,Gaussian-FR,Correlation,0.027127791800277048
59,200,2,1000,nonlinear,NPT-FR,Marginal,5.676602606037745
59,200,2,1000,nonlinear,NPT-FR,Correlation,0.006045054576094887
59,200,2,1000,nonlinear,Marginal-FR,Marginal,5.676602606037745
59,200,2,1000,nonlinear,Marginal-FR,Correlation,0.3650020002192051
59,200,2,1000,nonlinear,Gaussian-FR,Marginal,7.150249788328669
59,200,2,1000,nonlinear,Gaussian-FR,Correlation,0.022848842556501384
60,200,2,1000,nonlinear,NPT-FR,Marginal,6.0192032516885705
60,200,2,1000,nonlinear,NPT-FR,Correlation,0.005330121933121387
60,200,2,1000,nonlinear,Marginal-FR,Marginal,6.0192032516885705
60,200,2,1000,nonlinear,Marginal-FR,Correlation,0.380565831453739
60,200,2,1000,nonlinear,Gaussian-FR,Marginal,7.46368364502135
60,200,2,1000,nonlinear,Gaussian-FR,Correlation,0.024167874342063505
61,200,2,1000,nonlinear,NPT-FR,Marginal,5.801635529047692
61,200,2,1000,nonlinear,NPT-FR,Correlation,0.004844628985442469
61,200,2,1000,nonlinear,Marginal-FR,Marginal,5.801635529047692
61,200,2,1000,nonlinear,Marginal-FR,Correlation,0.38571045344530325
61,200,2,1000,nonlinear,Gaussian-FR,Marginal,7.365900102378216
61,200,2,1000,nonlinear,Gaussian-FR,Correlation,0.016524650077939632
62,200,2,1000,nonlinear,NPT-FR,Marginal,5.85549998261274
62,200,2,1000,nonlinear,NPT-FR,Correlation,0.005440537014039028
62,200,2,1000,nonlinear,Marginal-FR,Marginal,5.85549998261274
62,200,2,1000,nonlinear,Marginal-FR,Correlation,0.3858737017451563
62,200,2,1000,nonlinear,Gaussian-FR,Marginal,7.25171313331529
62,200,2,1000,nonlinear,Gaussian-FR,Correlation,0.02311966114995814
63,200,2,1000,nonlinear,NPT-FR,Marginal,5.568788131279132
63,200,2,1000,nonlinear,NPT-FR,Correlation,0.005492476561669445
63,200,2,1000,nonlinear,Marginal-FR,Marginal,5.568788131279132
63,200,2,1000,nonlinear,Marginal-FR,Correlation,0.3542020271048206
63,200,2,1000,nonlinear,Gaussian-FR,Marginal,7.009902706544835
63,200,2,1000,nonlinear,Gaussian-FR,Correlation,0.02276089827287286
64,200,2,1000,nonlinear,NPT-FR,Marginal,5.878072092429996
64,200,2,1000,nonlinear,NPT-FR,Correlation,0.005849842121436851
64,200,2,1000,nonlinear,Marginal-FR,Marginal,5.878072092429996
64,200,2,1000,nonlinear,Marginal-FR,Correlation,0.3721931334711007
64,200,2,1000,nonlinear,Gaussian-FR,Marginal,7.2898468043286755
64,200,2,1000,nonlinear,Gaussian-FR,Correlation,0.023434011764946576
65,200,2,1000,nonlinear,NPT-FR,Marginal,5.8001655324617305
65,200,2,1000,nonlinear,NPT-FR,Correlation,0.005410080794601611
65,200,2,1000,nonlinear,Marginal-FR,Marginal,5.8001655324617305
65,200,2,1000,nonlinear,Marginal-FR,Correlation,0.38542881474263985
65,200,2,1000,nonlinear,Gaussian-FR,Marginal,7.26583763984487
65,200,2,1000,nonlinear,Gaussian-FR,Correlation,0.020809081057748927
66,200,2,1000,nonlinear,NPT-FR,Marginal,5.356680745117332
66,200,2,1000,nonlinear,NPT-FR,Correlation,0.00496297912687427
66,200,2,1000,nonlinear,Marginal-FR,Marginal,5.356680745117332
66,200,2,1000,nonlinear,Marginal-FR,Correlation,0.3851229411996454
66,200,2,1000,nonlinear,Gaussian-FR,Marginal,6.765113089583803
66,200,2,1000,nonlinear,Gaussian-FR,Correlation,0.021932426082544376
67,200,2,1000,nonlinear,NPT-FR,Marginal,5.284321425170164
67,200,2,1000,nonlinear,NPT-FR,Correlation,0.005202002844938482
67,200,2,1000,nonlinear,Marginal-FR,Marginal,5.284321425170164
67,200,2,1000,nonlinear,Marginal-FR,Correlation,0.3763321610917677
67,200,2,1000,nonlinear,Gaussian-FR,Marginal,6.757263701735984
67,200,2,1000,nonlinear,Gaussian-FR,Correlation,0.023276813270598433
68,200,2,1000,nonlinear,NPT-FR,Marginal,5.899666750258778
68,200,2,1000,nonlinear,NPT-FR,Correlation,0.004712881560482425
68,200,2,1000,nonlinear,Marginal-FR,Marginal,5.899666750258778
68,200,2,1000,nonlinear,Marginal-FR,Correlation,0.36501021482269436
68,200,2,1000,nonlinear,Gaussian-FR,Marginal,7.439735388697359
68,200,2,1000,nonlinear,Gaussian-FR,Correlation,0.02583975065360204
69,200,2,1000,nonlinear,NPT-FR,Marginal,5.613001925307572
69,200,2,1000,nonlinear,NPT-FR,Correlation,0.005172362104290442
69,200,2,1000,nonlinear,Marginal-FR,Marginal,5.613001925307572
69,200,2,1000,nonlinear,Marginal-FR,Correlation,0.36697119700653447
69,200,2,1000,nonlinear,Gaussian-FR,Marginal,6.997020896232739
69,200,2,1000,nonlinear,Gaussian-FR,Correlation,0.025299831922338895
70,200,2,1000,nonlinear,NPT-FR,Marginal,5.951877539523009
70,200,2,1000,nonlinear,NPT-FR,Correlation,0.005300922244002514
70,200,2,1000,nonlinear,Marginal-FR,Marginal,5.951877539523009
70,200,2,1000,nonlinear,Marginal-FR,Correlation,0.3744309929707645
70,200,2,1000,nonlinear,Gaussian-FR,Marginal,7.446744103499686
70,200,2,1000,nonlinear,Gaussian-FR,Correlation,0.019917538007202702
71,200,2,1000,nonlinear,NPT-FR,Marginal,5.358365350328898
71,200,2,1000,nonlinear,NPT-FR,Correlation,0.005528425908480107
71,200,2,1000,nonlinear,Marginal-FR,Marginal,5.358365350328898
71,200,2,1000,nonlinear,Marginal-FR,Correlation,0.379076894510694
71,200,2,1000,nonlinear,Gaussian-FR,Marginal,6.730148000885123
71,200,2,1000,nonlinear,Gaussian-FR,Correlation,0.026606337660979505
72,200,2,1000,nonlinear,NPT-FR,Marginal,6.167431312723556
72,200,2,1000,nonlinear,NPT-FR,Correlation,0.005261043901692747
72,200,2,1000,nonlinear,Marginal-FR,Marginal,6.167431312723556
72,200,2,1000,nonlinear,Marginal-FR,Correlation,0.3777338043232203
72,200,2,1000,nonlinear,Gaussian-FR,Marginal,7.713859512604567
72,200,2,1000,nonlinear,Gaussian-FR,Correlation,0.020220550123749247
73,200,2,1000,nonlinear,NPT-FR,Marginal,5.458052604293401
73,200,2,1000,nonlinear,NPT-FR,Correlation,0.004795097757582638
73,200,2,1000,nonlinear,Marginal-FR,Marginal,5.458052604293401
73,200,2,1000,nonlinear,Marginal-FR,Correlation,0.3685734618665173
73,200,2,1000,nonlinear,Gaussian-FR,Marginal,6.984306060644144
73,200,2,1000,nonlinear,Gaussian-FR,Correlation,0.01915634604321515
74,200,2,1000,nonlinear,NPT-FR,Marginal,5.201573910391813
74,200,2,1000,nonlinear,NPT-FR,Correlation,0.005798274309589895
74,200,2,1000,nonlinear,Marginal-FR,Marginal,5.201573910391813
74,200,2,1000,nonlinear,Marginal-FR,Correlation,0.366514010193408
74,200,2,1000,nonlinear,Gaussian-FR,Marginal,6.661421590797797
74,200,2,1000,nonlinear,Gaussian-FR,Correlation,0.023357440714519163
75,200,2,1000,nonlinear,NPT-FR,Marginal,5.474714351960875
75,200,2,1000,nonlinear,NPT-FR,Correlation,0.005888675728324721
75,200,2,1000,nonlinear,Marginal-FR,Marginal,5.474714351960875
75,200,2,1000,nonlinear,Marginal-FR,Correlation,0.353732184789306
75,200,2,1000,nonlinear,Gaussian-FR,Marginal,6.88275628421544
75,200,2,1000,nonlinear,Gaussian-FR,Correlation,0.024364816242664632
76,200,2,1000,nonlinear,NPT-FR,Marginal,5.784790735557655
76,200,2,1000,nonlinear,NPT-FR,Correlation,0.005875028664936134
76,200,2,1000,nonlinear,Marginal-FR,Marginal,5.784790735557655
76,200,2,1000,nonlinear,Marginal-FR,Correlation,0.3773048453060181
76,200,2,1000,nonlinear,Gaussian-FR,Marginal,7.189699373434063
76,200,2,1000,nonlinear,Gaussian-FR,Correlation,0.024098382213663467
77,200,2,1000,nonlinear,NPT-FR,Marginal,6.0928699168800975
77,200,2,1000,nonlinear,NPT-FR,Correlation,0.005459054142387996
77,200,2,1000,nonlinear,Marginal-FR,Marginal,6.0928699168800975
77,200,2,1000,nonlinear,Marginal-FR,Correlation,0.377325489095387
77,200,2,1000,nonlinear,Gaussian-FR,Marginal,7.514220853442022
77,200,2,1000,nonlinear,Gaussian-FR,Correlation,0.028814460064465336
78,200,2,1000,nonlinear,NPT-FR,Marginal,5.944581911024818
78,200,2,1000,nonlinear,NPT-FR,Correlation,0.005755062825045286
78,200,2,1000,nonlinear,Marginal-FR,Marginal,5.944581911024818
78,200,2,1000,nonlinear,Marginal-FR,Correlation,0.3639234263218146
78,200,2,1000,nonlinear,Gaussian-FR,Marginal,7.411650500856185
78,200,2,1000,nonlinear,Gaussian-FR,Correlation,0.021315680748993215
79,200,2,1000,nonlinear,NPT-FR,Marginal,6.362230037568201
79,200,2,1000,nonlinear,NPT-FR,Correlation,0.0057954276841571655
79,200,2,1000,nonlinear,Marginal-FR,Marginal,6.362230037568201
79,200,2,1000,nonlinear,Marginal-FR,Correlation,0.3607733482642345
79,200,2,1000,nonlinear,Gaussian-FR,Marginal,7.7680359309433005
79,200,2,1000,nonlinear,Gaussian-FR,Correlation,0.026489761011601283
80,200,2,1000,nonlinear,NPT-FR,Marginal,5.706555463750313
80,200,2,1000,nonlinear,NPT-FR,Correlation,0.004581124364200392
80,200,2,1000,nonlinear,Marginal-FR,Marginal,5.706555463750313
80,200,2,1000,nonlinear,Marginal-FR,Correlation,0.38995277439170295
80,200,2,1000,nonlinear,Gaussian-FR,Marginal,7.048884707290879
80,200,2,1000,nonlinear,Gaussian-FR,Correlation,0.019780698465817145
81,200,2,1000,nonlinear,NPT-FR,Marginal,5.618792630096385
81,200,2,1000,nonlinear,NPT-FR,Correlation,0.006133014329028752
81,200,2,1000,nonlinear,Marginal-FR,Marginal,5.618792630096385
81,200,2,1000,nonlinear,Marginal-FR,Correlation,0.38378753725584847
81,200,2,1000,nonlinear,Gaussian-FR,Marginal,7.052662610116528
81,200,2,1000,nonlinear,Gaussian-FR,Correlation,0.0322883360025723
82,200,2,1000,nonlinear,NPT-FR,Marginal,5.416573264952612
82,200,2,1000,nonlinear,NPT-FR,Correlation,0.006229415701451295
82,200,2,1000,nonlinear,Marginal-FR,Marginal,5.416573264952612
82,200,2,1000,nonlinear,Marginal-FR,Correlation,0.36121561991498374
82,200,2,1000,nonlinear,Gaussian-FR,Marginal,6.8314114501760175
82,200,2,1000,nonlinear,Gaussian-FR,Correlation,0.026428880779848743
83,200,2,1000,nonlinear,NPT-FR,Marginal,6.1875113054043815
83,200,2,1000,nonlinear,NPT-FR,Correlation,0.00587379634657738
83,200,2,1000,nonlinear,Marginal-FR,Marginal,6.1875113054043815
83,200,2,1000,nonlinear,Marginal-FR,Correlation,0.3575371190177356
83,200,2,1000,nonlinear,Gaussian-FR,Marginal,7.614280455739701
83,200,2,1000,nonlinear,Gaussian-FR,Correlation,0.027124019087627346
84,200,2,1000,nonlinear,NPT-FR,Marginal,5.8020250061047065
84,200,2,1000,nonlinear,NPT-FR,Correlation,0.005460268739386047
84,200,2,1000,nonlinear,Marginal-FR,Marginal,5.8020250061047065
84,200,2,1000,nonlinear,Marginal-FR,Correlation,0.3806400082604212
84,200,2,1000,nonlinear,Gaussian-FR,Marginal,7.29647551539176
84,200,2,1000,nonlinear,Gaussian-FR,Correlation,0.023583224512459606
85,200,2,1000,nonlinear,NPT-FR,Marginal,6.091151666788681
85,200,2,1000,nonlinear,NPT-FR,Correlation,0.004860269514955542
85,200,2,1000,nonlinear,Marginal-FR,Marginal,6.091151666788681
85,200,2,1000,nonlinear,Marginal-FR,Correlation,0.3716521151983538
85,200,2,1000,nonlinear,Gaussian-FR,Marginal,7.5541616740654485
85,200,2,1000,nonlinear,Gaussian-FR,Correlation,0.026285942437376843
86,200,2,1000,nonlinear,NPT-FR,Marginal,5.326167608406614
86,200,2,1000,nonlinear,NPT-FR,Correlation,0.005385031139638631
86,200,2,1000,nonlinear,Marginal-FR,Marginal,5.326167608406614
86,200,2,1000,nonlinear,Marginal-FR,Correlation,0.3836512030435708
86,200,2,1000,nonlinear,Gaussian-FR,Marginal,6.662893567706511
86,200,2,1000,nonlinear,Gaussian-FR,Correlation,0.018735690508741645
87,200,2,1000,nonlinear,NPT-FR,Marginal,5.917164452242834
87,200,2,1000,nonlinear,NPT-FR,Correlation,0.004919656541666906
87,200,2,1000,nonlinear,Marginal-FR,Marginal,5.917164452242834
87,200,2,1000,nonlinear,Marginal-FR,Correlation,0.3773420570540582
87,200,2,1000,nonlinear,Gaussian-FR,Marginal,7.308170674253125
87,200,2,1000,nonlinear,Gaussian-FR,Correlation,0.021251304492742647
88,200,2,1000,nonlinear,NPT-FR,Marginal,5.358017400006674
88,200,2,1000,nonlinear,NPT-FR,Correlation,0.004710513079516327
88,200,2,1000,nonlinear,Marginal-FR,Marginal,5.358017400006674
88,200,2,1000,nonlinear,Marginal-FR,Correlation,0.3934824365803886
88,200,2,1000,nonlinear,Gaussian-FR,Marginal,6.879869014664285
88,200,2,1000,nonlinear,Gaussian-FR,Correlation,0.026064406088526917
89,200,2,1000,nonlinear,NPT-FR,Marginal,5.289722162153161
89,200,2,1000,nonlinear,NPT-FR,Correlation,0.005590029457188219
89,200,2,1000,nonlinear,Marginal-FR,Marginal,5.289722162153161
89,200,2,1000,nonlinear,Marginal-FR,Correlation,0.3745991923901712
89,200,2,1000,nonlinear,Gaussian-FR,Marginal,6.705807363993748
89,200,2,1000,nonlinear,Gaussian-FR,Correlation,0.023627250194682016
90,200,2,1000,nonlinear,NPT-FR,Marginal,5.616668454035777
90,200,2,1000,nonlinear,NPT-FR,Correlation,0.0048628795435588824
90,200,2,1000,nonlinear,Marginal-FR,Marginal,5.616668454035777
90,200,2,1000,nonlinear,Marginal-FR,Correlation,0.36966621305293196
90,200,2,1000,nonlinear,Gaussian-FR,Marginal,7.158501822037095
90,200,2,1000,nonlinear,Gaussian-FR,Correlation,0.02097429855453534
91,200,2,1000,nonlinear,NPT-FR,Marginal,5.702121213449864
91,200,2,1000,nonlinear,NPT-FR,Correlation,0.005555563812815657
91,200,2,1000,nonlinear,Marginal-FR,Marginal,5.702121213449864
91,200,2,1000,nonlinear,Marginal-FR,Correlation,0.37875823115500157
91,200,2,1000,nonlinear,Gaussian-FR,Marginal,7.180373799165537
91,200,2,1000,nonlinear,Gaussian-FR,Correlation,0.02538423594594581
92,200,2,1000,nonlinear,NPT-FR,Marginal,5.938909378134884
92,200,2,1000,nonlinear,NPT-FR,Correlation,0.006623656010241806
92,200,2,1000,nonlinear,Marginal-FR,Marginal,5.938909378134884
92,200,2,1000,nonlinear,Marginal-FR,Correlation,0.3724836223206207
92,200,2,1000,nonlinear,Gaussian-FR,Marginal,7.417680015486951
92,200,2,1000,nonlinear,Gaussian-FR,Correlation,0.025530911513999704
93,200,2,1000,nonlinear,NPT-FR,Marginal,5.415920530119385
93,200,2,1000,nonlinear,NPT-FR,Correlation,0.005287341172218539
93,200,2,1000,nonlinear,Marginal-FR,Marginal,5.415920530119385
93,200,2,1000,nonlinear,Marginal-FR,Correlation,0.3759913595167266
93,200,2,1000,nonlinear,Gaussian-FR,Marginal,6.895808437177168
93,200,2,1000,nonlinear,Gaussian-FR,Correlation,0.0267724948484363
94,200,2,1000,nonlinear,NPT-FR,Marginal,5.089210112995031
94,200,2,1000,nonlinear,NPT-FR,Correlation,0.005413184615065407
94,200,2,1000,nonlinear,Marginal-FR,Marginal,5.089210112995031
94,200,2,1000,nonlinear,Marginal-FR,Correlation,0.3525191010599027
94,200,2,1000,nonlinear,Gaussian-FR,Marginal,6.463405719392616
94,200,2,1000,nonlinear,Gaussian-FR,Correlation,0.02237389122707774
95,200,2,1000,nonlinear,NPT-FR,Marginal,5.757858514721579
95,200,2,1000,nonlinear,NPT-FR,Correlation,0.00508211539968657
95,200,2,1000,nonlinear,Marginal-FR,Marginal,5.757858514721579
95,200,2,1000,nonlinear,Marginal-FR,Correlation,0.3588853855868472
95,200,2,1000,nonlinear,Gaussian-FR,Marginal,7.152814109164622
95,200,2,1000,nonlinear,Gaussian-FR,Correlation,0.021539759393197588
96,200,2,1000,nonlinear,NPT-FR,Marginal,5.641216341266142
96,200,2,1000,nonlinear,NPT-FR,Correlation,0.0057623122220369985
96,200,2,1000,nonlinear,Marginal-FR,Marginal,5.641216341266142
96,200,2,1000,nonlinear,Marginal-FR,Correlation,0.3860742871406455
96,200,2,1000,nonlinear,Gaussian-FR,Marginal,7.036673147268706
96,200,2,1000,nonlinear,Gaussian-FR,Correlation,0.025267761357960924
97,200,2,1000,nonlinear,NPT-FR,Marginal,5.47335287988871
97,200,2,1000,nonlinear,NPT-FR,Correlation,0.005057994055247341
97,200,2,1000,nonlinear,Marginal-FR,Marginal,5.47335287988871
97,200,2,1000,nonlinear,Marginal-FR,Correlation,0.3901483443978577
97,200,2,1000,nonlinear,Gaussian-FR,Marginal,7.019714695802041
97,200,2,1000,nonlinear,Gaussian-FR,Correlation,0.027021621443367266
98,200,2,1000,nonlinear,NPT-FR,Marginal,5.6573109727043525
98,200,2,1000,nonlinear,NPT-FR,Correlation,0.005470209085932368
98,200,2,1000,nonlinear,Marginal-FR,Marginal,5.6573109727043525
98,200,2,1000,nonlinear,Marginal-FR,Correlation,0.40190351640575644
98,200,2,1000,nonlinear,Gaussian-FR,Marginal,7.067507308569972
98,200,2,1000,nonlinear,Gaussian-FR,Correlation,0.02496188037001281
99,200,2,1000,nonlinear,NPT-FR,Marginal,5.528119399546474
99,200,2,1000,nonlinear,NPT-FR,Correlation,0.00481187842195776
99,200,2,1000,nonlinear,Marginal-FR,Marginal,5.528119399546474
99,200,2,1000,nonlinear,Marginal-FR,Correlation,0.36965736564960433
99,200,2,1000,nonlinear,Gaussian-FR,Marginal,6.984557342341352
99,200,2,1000,nonlinear,Gaussian-FR,Correlation,0.02141262070712039
0,50,10,100,linear,NPT-FR,Marginal,5.8682006813494
0,50,10,100,linear,NPT-FR,Correlation,0.12848865462740752
0,50,10,100,linear,Marginal-FR,Marginal,5.8682006813494
0,50,10,100,linear,Marginal-FR,Correlation,0.6603682492170971
0,50,10,100,linear,Gaussian-FR,Marginal,7.243264582887562
0,50,10,100,linear,Gaussian-FR,Correlation,0.13708127456719324
1,50,10,100,linear,NPT-FR,Marginal,6.1407123082266875
1,50,10,100,linear,NPT-FR,Correlation,0.1308645897730273
1,50,10,100,linear,Marginal-FR,Marginal,6.1407123082266875
1,50,10,100,linear,Marginal-FR,Correlation,0.6358667825939026
1,50,10,100,linear,Gaussian-FR,Marginal,7.454562428338735
1,50,10,100,linear,Gaussian-FR,Correlation,0.139976171392711
2,50,10,100,linear,NPT-FR,Marginal,6.055111648408589
2,50,10,100,linear,NPT-FR,Correlation,0.13388264359825944
2,50,10,100,linear,Marginal-FR,Marginal,6.055111648408589
2,50,10,100,linear,Marginal-FR,Correlation,0.6420263578416758
2,50,10,100,linear,Gaussian-FR,Marginal,7.37199664618238
2,50,10,100,linear,Gaussian-FR,Correlation,0.13815773245933763
3,50,10,100,linear,NPT-FR,Marginal,6.085537829069815
3,50,10,100,linear,NPT-FR,Correlation,0.13720341446036838
3,50,10,100,linear,Marginal-FR,Marginal,6.085537829069815
3,50,10,100,linear,Marginal-FR,Correlation,0.6415745842900796
3,50,10,100,linear,Gaussian-FR,Marginal,7.464563970951405
3,50,10,100,linear,Gaussian-FR,Correlation,0.14236286615117122
4,50,10,100,linear,NPT-FR,Marginal,5.930410145915415
4,50,10,100,linear,NPT-FR,Correlation,0.13519537985175584
4,50,10,100,linear,Marginal-FR,Marginal,5.930410145915415
4,50,10,100,linear,Marginal-FR,Correlation,0.6302233678557817
4,50,10,100,linear,Gaussian-FR,Marginal,7.2764679621121715
4,50,10,100,linear,Gaussian-FR,Correlation,0.13586124770725588
5,50,10,100,linear,NPT-FR,Marginal,5.906624864622683
5,50,10,100,linear,NPT-FR,Correlation,0.1271248430875105
5,50,10,100,linear,Marginal-FR,Marginal,5.906624864622683
5,50,10,100,linear,Marginal-FR,Correlation,0.6384933138325785
5,50,10,100,linear,Gaussian-FR,Marginal,7.182126569038921
5,50,10,100,linear,Gaussian-FR,Correlation,0.13291584205141213
6,50,10,100,linear,NPT-FR,Marginal,6.086855496948322
6,50,10,100,linear,NPT-FR,Correlation,0.1321473005052194
6,50,10,100,linear,Marginal-FR,Marginal,6.086855496948322
6,50,10,100,linear,Marginal-FR,Correlation,0.6463789824698059
6,50,10,100,linear,Gaussian-FR,Marginal,7.363240765506218
6,50,10,100,linear,Gaussian-FR,Correlation,0.13192493470597197
7,50,10,100,linear,NPT-FR,Marginal,6.0531580245206
7,50,10,100,linear,NPT-FR,Correlation,0.12719916139533638
7,50,10,100,linear,Marginal-FR,Marginal,6.0531580245206
7,50,10,100,linear,Marginal-FR,Correlation,0.636849600287935
7,50,10,100,linear,Gaussian-FR,Marginal,7.32821916768531
7,50,10,100,linear,Gaussian-FR,Correlation,0.1351382825733932
8,50,10,100,linear,NPT-FR,Marginal,6.298651785922043
8,50,10,100,linear,NPT-FR,Correlation,0.13504513563984483
8,50,10,100,linear,Marginal-FR,Marginal,6.298651785922043
8,50,10,100,linear,Marginal-FR,Correlation,0.6289879417179877
8,50,10,100,linear,Gaussian-FR,Marginal,7.554344337040526
8,50,10,100,linear,Gaussian-FR,Correlation,0.13855445113853337
9,50,10,100,linear,NPT-FR,Marginal,6.172439104690567
9,50,10,100,linear,NPT-FR,Correlation,0.12287608606201843
9,50,10,100,linear,Marginal-FR,Marginal,6.172439104690567
9,50,10,100,linear,Marginal-FR,Correlation,0.6287233547567826
9,50,10,100,linear,Gaussian-FR,Marginal,7.531802062285839
9,50,10,100,linear,Gaussian-FR,Correlation,0.1285685236813883
10,50,10,100,linear,NPT-FR,Marginal,6.043149667446978
10,50,10,100,linear,NPT-FR,Correlation,0.12884163593992023
10,50,10,100,linear,Marginal-FR,Marginal,6.043149667446978
10,50,10,100,linear,Marginal-FR,Correlation,0.6505837821579302
10,50,10,100,linear,Gaussian-FR,Marginal,7.328680855477789
10,50,10,100,linear,Gaussian-FR,Correlation,0.13514728818798444
11,50,10,100,linear,NPT-FR,Marginal,6.65623149760972
11,50,10,100,linear,NPT-FR,Correlation,0.1296697083698421
11,50,10,100,linear,Marginal-FR,Marginal,6.65623149760972
11,50,10,100,linear,Marginal-FR,Correlation,0.6434153465602633
11,50,10,100,linear,Gaussian-FR,Marginal,8.027553797000706
11,50,10,100,linear,Gaussian-FR,Correlation,0.14540107925696646
12,50,10,100,linear,NPT-FR,Marginal,6.295865655289248
12,50,10,100,linear,NPT-FR,Correlation,0.13299420772025297
12,50,10,100,linear,Marginal-FR,Marginal,6.295865655289248
12,50,10,100,linear,Marginal-FR,Correlation,0.6288955315784804
12,50,10,100,linear,Gaussian-FR,Marginal,7.627284751328861
12,50,10,100,linear,Gaussian-FR,Correlation,0.13804381453218914
13,50,10,100,linear,NPT-FR,Marginal,5.868437180314143
13,50,10,100,linear,NPT-FR,Correlation,0.1309239939575772
13,50,10,100,linear,Marginal-FR,Marginal,5.868437180314143
13,50,10,100,linear,Marginal-FR,Correlation,0.6424996273357076
13,50,10,100,linear,Gaussian-FR,Marginal,7.1817020348447596
13,50,10,100,linear,Gaussian-FR,Correlation,0.1356472989188357
14,50,10,100,linear,NPT-FR,Marginal,6.04574114652449
14,50,10,100,linear,NPT-FR,Correlation,0.12813318837034599
14,50,10,100,linear,Marginal-FR,Marginal,6.04574114652449
14,50,10,100,linear,Marginal-FR,Correlation,0.6631753525394612
14,50,10,100,linear,Gaussian-FR,Marginal,7.289894078671088
14,50,10,100,linear,Gaussian-FR,Correlation,0.136663827955811
15,50,10,100,linear,NPT-FR,Marginal,5.977470851712558
15,50,10,100,linear,NPT-FR,Correlation,0.1258823580396623
15,50,10,100,linear,Marginal-FR,Marginal,5.977470851712558
15,50,10,100,linear,Marginal-FR,Correlation,0.6544524048483329
15,50,10,100,linear,Gaussian-FR,Marginal,7.307734060506993
15,50,10,100,linear,Gaussian-FR,Correlation,0.12967942168940477
16,50,10,100,linear,NPT-FR,Marginal,5.911267603253171
16,50,10,100,linear,NPT-FR,Correlation,0.1295696521617647
16,50,10,100,linear,Marginal-FR,Marginal,5.911267603253171
16,50,10,100,linear,Marginal-FR,Correlation,0.6340855140621202
16,50,10,100,linear,Gaussian-FR,Marginal,7.1854281319598226
16,50,10,100,linear,Gaussian-FR,Correlation,0.13455901383915614
17,50,10,100,linear,NPT-FR,Marginal,6.193781032794346
17,50,10,100,linear,NPT-FR,Correlation,0.1304748832260795
17,50,10,100,linear,Marginal-FR,Marginal,6.193781032794346
17,50,10,100,linear,Marginal-FR,Correlation,0.6435770323382557
17,50,10,100,linear,Gaussian-FR,Marginal,7.513928986183754
17,50,10,100,linear,Gaussian-FR,Correlation,0.1429245939018697
18,50,10,100,linear,NPT-FR,Marginal,5.8961601198198474
18,50,10,100,linear,NPT-FR,Correlation,0.12235619230394638
18,50,10,100,linear,Marginal-FR,Marginal,5.8961601198198474
18,50,10,100,linear,Marginal-FR,Correlation,0.6317555433500487
18,50,10,100,linear,Gaussian-FR,Marginal,7.302133861224664
18,50,10,100,linear,Gaussian-FR,Correlation,0.1342185576605748
19,50,10,100,linear,NPT-FR,Marginal,6.317582079082555
19,50,10,100,linear,NPT-FR,Correlation,0.1307401031544512
19,50,10,100,linear,Marginal-FR,Marginal,6.317582079082555
19,50,10,100,linear,Marginal-FR,Correlation,0.6230660977188757
19,50,10,100,linear,Gaussian-FR,Marginal,7.6630690832734105
19,50,10,100,linear,Gaussian-FR,Correlation,0.13628649981831678
20,50,10,100,linear,NPT-FR,Marginal,5.938736369315419
20,50,10,100,linear,NPT-FR,Correlation,0.12388782228440609
20,50,10,100,linear,Marginal-FR,Marginal,5.938736369315419
20,50,10,100,linear,Marginal-FR,Correlation,0.6099416435859307
20,50,10,100,linear,Gaussian-FR,Marginal,7.338443235394945
20,50,10,100,linear,Gaussian-FR,Correlation,0.13346493949641455
21,50,10,100,linear,NPT-FR,Marginal,5.827366006055051
21,50,10,100,linear,NPT-FR,Correlation,0.13033294842394572
21,50,10,100,linear,Marginal-FR,Marginal,5.827366006055051
21,50,10,100,linear,Marginal-FR,Correlation,0.6273328157638663
21,50,10,100,linear,Gaussian-FR,Marginal,7.212267402875463
21,50,10,100,linear,Gaussian-FR,Correlation,0.13189171201508854
22,50,10,100,linear,NPT-FR,Marginal,6.136012125017439
22,50,10,100,linear,NPT-FR,Correlation,0.13533780835685116
22,50,10,100,linear,Marginal-FR,Marginal,6.136012125017439
22,50,10,100,linear,Marginal-FR,Correlation,0.6455891311074193
22,50,10,100,linear,Gaussian-FR,Marginal,7.545967798754501
22,50,10,100,linear,Gaussian-FR,Correlation,0.1446643199338648
23,50,10,100,linear,NPT-FR,Marginal,6.273755647789426
23,50,10,100,linear,NPT-FR,Correlation,0.13443882907345317
23,50,10,100,linear,Marginal-FR,Marginal,6.273755647789426
23,50,10,100,linear,Marginal-FR,Correlation,0.6496416482705056
23,50,10,100,linear,Gaussian-FR,Marginal,7.568989937840295
23,50,10,100,linear,Gaussian-FR,Correlation,0.13462410063998817
24,50,10,100,linear,NPT-FR,Marginal,5.80282144808699
24,50,10,100,linear,NPT-FR,Correlation,0.12975660137890963
24,50,10,100,linear,Marginal-FR,Marginal,5.80282144808699
24,50,10,100,linear,Marginal-FR,Correlation,0.6618553255195923
24,50,10,100,linear,Gaussian-FR,Marginal,7.1490575779357
24,50,10,100,linear,Gaussian-FR,Correlation,0.13964840147203836
25,50,10,100,linear,NPT-FR,Marginal,6.158121247510509
25,50,10,100,linear,NPT-FR,Correlation,0.12664764799040715
25,50,10,100,linear,Marginal-FR,Marginal,6.158121247510509
25,50,10,100,linear,Marginal-FR,Correlation,0.636983699700507
25,50,10,100,linear,Gaussian-FR,Marginal,7.536681825601209
25,50,10,100,linear,Gaussian-FR,Correlation,0.13422243437118322
26,50,10,100,linear,NPT-FR,Marginal,5.964040823689504
26,50,10,100,linear,NPT-FR,Correlation,0.12943346671480271
26,50,10,100,linear,Marginal-FR,Marginal,5.964040823689504
26,50,10,100,linear,Marginal-FR,Correlation,0.6274779275116812
26,50,10,100,linear,Gaussian-FR,Marginal,7.210824151347732
26,50,10,100,linear,Gaussian-FR,Correlation,0.1359283501341466
27,50,10,100,linear,NPT-FR,Marginal,5.879586323862815
27,50,10,100,linear,NPT-FR,Correlation,0.13068595334129093
27,50,10,100,linear,Marginal-FR,Marginal,5.879586323862815
27,50,10,100,linear,Marginal-FR,Correlation,0.6481510360529947
27,50,10,100,linear,Gaussian-FR,Marginal,7.192716024486593
27,50,10,100,linear,Gaussian-FR,Correlation,0.139467135766025
28,50,10,100,linear,NPT-FR,Marginal,5.743834778303844
28,50,10,100,linear,NPT-FR,Correlation,0.13071934767117735
28,50,10,100,linear,Marginal-FR,Marginal,5.743834778303844
28,50,10,100,linear,Marginal-FR,Correlation,0.6610826893628744
28,50,10,100,linear,Gaussian-FR,Marginal,7.117293100769634
28,50,10,100,linear,Gaussian-FR,Correlation,0.13843895143526885
29,50,10,100,linear,NPT-FR,Marginal,6.085368631089983
29,50,10,100,linear,NPT-FR,Correlation,0.13383690357678438
29,50,10,100,linear,Marginal-FR,Marginal,6.085368631089983
29,50,10,100,linear,Marginal-FR,Correlation,0.6256307443227633
29,50,10,100,linear,Gaussian-FR,Marginal,7.5380873759766684
29,50,10,100,linear,Gaussian-FR,Correlation,0.13798408963673586
30,50,10,100,linear,NPT-FR,Marginal,6.140119141498923
30,50,10,100,linear,NPT-FR,Correlation,0.13115046413452072
30,50,10,100,linear,Marginal-FR,Marginal,6.140119141498923
30,50,10,100,linear,Marginal-FR,Correlation,0.6520068850584547
30,50,10,100,linear,Gaussian-FR,Marginal,7.555926997962328
30,50,10,100,linear,Gaussian-FR,Correlation,0.13792898219716943
31,50,10,100,linear,NPT-FR,Marginal,6.276646070790284
31,50,10,100,linear,NPT-FR,Correlation,0.13085429950851252
31,50,10,100,linear,Marginal-FR,Marginal,6.276646070790284
31,50,10,100,linear,Marginal-FR,Correlation,0.6429093212523305
31,50,10,100,linear,Gaussian-FR,Marginal,7.858674621035041
31,50,10,100,linear,Gaussian-FR,Correlation,0.1364648960962442
32,50,10,100,linear,NPT-FR,Marginal,6.133592105656559
32,50,10,100,linear,NPT-FR,Correlation,0.1370432576641479
32,50,10,100,linear,Marginal-FR,Marginal,6.133592105656559
32,50,10,100,linear,Marginal-FR,Correlation,0.6708958699748228
32,50,10,100,linear,Gaussian-FR,Marginal,7.398870108094141
32,50,10,100,linear,Gaussian-FR,Correlation,0.14396558043574142
33,50,10,100,linear,NPT-FR,Marginal,5.838634448946752
33,50,10,100,linear,NPT-FR,Correlation,0.12679430703401173
33,50,10,100,linear,Marginal-FR,Marginal,5.838634448946752
33,50,10,100,linear,Marginal-FR,Correlation,0.6140080866314654
33,50,10,100,linear,Gaussian-FR,Marginal,7.201580229566806
33,50,10,100,linear,Gaussian-FR,Correlation,0.13405276336565322
34,50,10,100,linear,NPT-FR,Marginal,5.8944881041721455
34,50,10,100,linear,NPT-FR,Correlation,0.1285508049267345
34,50,10,100,linear,Marginal-FR,Marginal,5.8944881041721455
34,50,10,100,linear,Marginal-FR,Correlation,0.6438109004330527
34,50,10,100,linear,Gaussian-FR,Marginal,7.197484950664436
34,50,10,100,linear,Gaussian-FR,Correlation,0.1369054977780051
35,50,10,100,linear,NPT-FR,Marginal,6.100100189498464
35,50,10,100,linear,NPT-FR,Correlation,0.137279856669258
35,50,10,100,linear,Marginal-FR,Marginal,6.100100189498464
35,50,10,100,linear,Marginal-FR,Correlation,0.6525106790870198
35,50,10,100,linear,Gaussian-FR,Marginal,7.48728554616855
35,50,10,100,linear,Gaussian-FR,Correlation,0.1379263454457042
36,50,10,100,linear,NPT-FR,Marginal,6.053080386997232
36,50,10,100,linear,NPT-FR,Correlation,0.1277532514024946
36,50,10,100,linear,Marginal-FR,Marginal,6.053080386997232
36,50,10,100,linear,Marginal-FR,Correlation,0.6534587843922275
36,50,10,100,linear,Gaussian-FR,Marginal,7.368472062022588
36,50,10,100,linear,Gaussian-FR,Correlation,0.13360769990255864
37,50,10,100,linear,NPT-FR,Marginal,6.036083289471728
37,50,10,100,linear,NPT-FR,Correlation,0.12921727958886686
37,50,10,100,linear,Marginal-FR,Marginal,6.036083289471728
37,50,10,100,linear,Marginal-FR,Correlation,0.6336108196758912
37,50,10,100,linear,Gaussian-FR,Marginal,7.32638955711248
37,50,10,100,linear,Gaussian-FR,Correlation,0.13747452094406656
38,50,10,100,linear,NPT-FR,Marginal,6.25836895068353
38,50,10,100,linear,NPT-FR,Correlation,0.12771964511426356
38,50,10,100,linear,Marginal-FR,Marginal,6.25836895068353
38,50,10,100,linear,Marginal-FR,Correlation,0.6544943480702639
38,50,10,100,linear,Gaussian-FR,Marginal,7.551549067663596
38,50,10,100,linear,Gaussian-FR,Correlation,0.13192679928342368
39,50,10,100,linear,NPT-FR,Marginal,6.030429891378219
39,50,10,100,linear,NPT-FR,Correlation,0.129176302087225
39,50,10,100,linear,Marginal-FR,Marginal,6.030429891378219
39,50,10,100,linear,Marginal-FR,Correlation,0.6640755263790531
39,50,10,100,linear,Gaussian-FR,Marginal,7.41490585302248
39,50,10,100,linear,Gaussian-FR,Correlation,0.13732974074881765
40,50,10,100,linear,NPT-FR,Marginal,6.162524037846905
40,50,10,100,linear,NPT-FR,Correlation,0.12977180310040365
40,50,10,100,linear,Marginal-FR,Marginal,6.162524037846905
40,50,10,100,linear,Marginal-FR,Correlation,0.6776313671310592
40,50,10,100,linear,Gaussian-FR,Marginal,7.431290112732735
40,50,10,100,linear,Gaussian-FR,Correlation,0.13757556962422446
41,50,10,100,linear,NPT-FR,Marginal,6.0729665041050405
41,50,10,100,linear,NPT-FR,Correlation,0.13130257116217972
41,50,10,100,linear,Marginal-FR,Marginal,6.0729665041050405
41,50,10,100,linear,Marginal-FR,Correlation,0.6219233386750666
41,50,10,100,linear,Gaussian-FR,Marginal,7.283681614534916
41,50,10,100,linear,Gaussian-FR,Correlation,0.13825908546779767
42,50,10,100,linear,NPT-FR,Marginal,5.6906975822488475
42,50,10,100,linear,NPT-FR,Correlation,0.12483206660122384
42,50,10,100,linear,Marginal-FR,Marginal,5.6906975822488475
42,50,10,100,linear,Marginal-FR,Correlation,0.6458204978162051
42,50,10,100,linear,Gaussian-FR,Marginal,7.043589500547823
42,50,10,100,linear,Gaussian-FR,Correlation,0.13637546547806545
43,50,10,100,linear,NPT-FR,Marginal,5.965229750159577
43,50,10,100,linear,NPT-FR,Correlation,0.131373618803083
43,50,10,100,linear,Marginal-FR,Marginal,5.965229750159577
43,50,10,100,linear,Marginal-FR,Correlation,0.6583049029046366
43,50,10,100,linear,Gaussian-FR,Marginal,7.317077780346591
43,50,10,100,linear,Gaussian-FR,Correlation,0.1334016452208142
44,50,10,100,linear,NPT-FR,Marginal,6.015915434946509
44,50,10,100,linear,NPT-FR,Correlation,0.12739476049555692
44,50,10,100,linear,Marginal-FR,Marginal,6.015915434946509
44,50,10,100,linear,Marginal-FR,Correlation,0.6312542293080385
44,50,10,100,linear,Gaussian-FR,Marginal,7.268289881500486
44,50,10,100,linear,Gaussian-FR,Correlation,0.13258943042760424
45,50,10,100,linear,NPT-FR,Marginal,6.06381760570649
45,50,10,100,linear,NPT-FR,Correlation,0.12451358808575316
45,50,10,100,linear,Marginal-FR,Marginal,6.06381760570649
45,50,10,100,linear,Marginal-FR,Correlation,0.6319272057288821
45,50,10,100,linear,Gaussian-FR,Marginal,7.3668927757895535
45,50,10,100,linear,Gaussian-FR,Correlation,0.1355041945669557
46,50,10,100,linear,NPT-FR,Marginal,6.008423158653102
46,50,10,100,linear,NPT-FR,Correlation,0.12505913207281646
46,50,10,100,linear,Marginal-FR,Marginal,6.008423158653102
46,50,10,100,linear,Marginal-FR,Correlation,0.6399873170491076
46,50,10,100,linear,Gaussian-FR,Marginal,7.34526304885097
46,50,10,100,linear,Gaussian-FR,Correlation,0.13143020165022512
47,50,10,100,linear,NPT-FR,Marginal,6.053203065842421
47,50,10,100,linear,NPT-FR,Correlation,0.13308828047970017
47,50,10,100,linear,Marginal-FR,Marginal,6.053203065842421
47,50,10,100,linear,Marginal-FR,Correlation,0.6194109345689891
47,50,10,100,linear,Gaussian-FR,Marginal,7.390992614588454
47,50,10,100,linear,Gaussian-FR,Correlation,0.1368218586356648
48,50,10,100,linear,NPT-FR,Marginal,5.848261169071581
48,50,10,100,linear,NPT-FR,Correlation,0.12968134220764696
48,50,10,100,linear,Marginal-FR,Marginal,5.848261169071581
48,50,10,100,linear,Marginal-FR,Correlation,0.623291879317021
48,50,10,100,linear,Gaussian-FR,Marginal,7.1506546820308525
48,50,10,100,linear,Gaussian-FR,Correlation,0.13854760139553327
49,50,10,100,linear,NPT-FR,Marginal,6.170940324063041
49,50,10,100,linear,NPT-FR,Correlation,0.12809850542365822
49,50,10,100,linear,Marginal-FR,Marginal,6.170940324063041
49,50,10,100,linear,Marginal-FR,Correlation,0.6369290548867247
49,50,10,100,linear,Gaussian-FR,Marginal,7.512068648849436
49,50,10,100,linear,Gaussian-FR,Correlation,0.1327729173639112
50,50,10,100,linear,NPT-FR,Marginal,5.969671168705036
50,50,10,100,linear,NPT-FR,Correlation,0.13077429447127478
50,50,10,100,linear,Marginal-FR,Marginal,5.969671168705036
50,50,10,100,linear,Marginal-FR,Correlation,0.6246254070749805
50,50,10,100,linear,Gaussian-FR,Marginal,7.4156797785949875
50,50,10,100,linear,Gaussian-FR,Correlation,0.1367019758877273
51,50,10,100,linear,NPT-FR,Marginal,6.235008425859204
51,50,10,100,linear,NPT-FR,Correlation,0.13095333265311174
51,50,10,100,linear,Marginal-FR,Marginal,6.235008425859204
51,50,10,100,linear,Marginal-FR,Correlation,0.628991020142223
51,50,10,100,linear,Gaussian-FR,Marginal,7.653661082567578
51,50,10,100,linear,Gaussian-FR,Correlation,0.13336580579578725
52,50,10,100,linear,NPT-FR,Marginal,5.791528672862102
52,50,10,100,linear,NPT-FR,Correlation,0.12806176548969717
52,50,10,100,linear,Marginal-FR,Marginal,5.791528672862102
52,50,10,100,linear,Marginal-FR,Correlation,0.6705609533052029
52,50,10,100,linear,Gaussian-FR,Marginal,7.084548655465819
52,50,10,100,linear,Gaussian-FR,Correlation,0.1351096972492942
53,50,10,100,linear,NPT-FR,Marginal,5.982133378538384
53,50,10,100,linear,NPT-FR,Correlation,0.12794042651577892
53,50,10,100,linear,Marginal-FR,Marginal,5.982133378538384
53,50,10,100,linear,Marginal-FR,Correlation,0.6196362890721335
53,50,10,100,linear,Gaussian-FR,Marginal,7.408230695794872
53,50,10,100,linear,Gaussian-FR,Correlation,0.13277653764644748
54,50,10,100,linear,NPT-FR,Marginal,6.342788665377212
54,50,10,100,linear,NPT-FR,Correlation,0.12942082676822708
54,50,10,100,linear,Marginal-FR,Marginal,6.342788665377212
54,50,10,100,linear,Marginal-FR,Correlation,0.6436652450377716
54,50,10,100,linear,Gaussian-FR,Marginal,7.719127582544234
54,50,10,100,linear,Gaussian-FR,Correlation,0.14321213769962923
55,50,10,100,linear,NPT-FR,Marginal,5.827750254634776
55,50,10,100,linear,NPT-FR,Correlation,0.1315968036495127
55,50,10,100,linear,Marginal-FR,Marginal,5.827750254634776
55,50,10,100,linear,Marginal-FR,Correlation,0.6243551923190314
55,50,10,100,linear,Gaussian-FR,Marginal,7.129324428551904
55,50,10,100,linear,Gaussian-FR,Correlation,0.14041076991203938
56,50,10,100,linear,NPT-FR,Marginal,6.0492784998177695
56,50,10,100,linear,NPT-FR,Correlation,0.12285617834578129
56,50,10,100,linear,Marginal-FR,Marginal,6.0492784998177695
56,50,10,100,linear,Marginal-FR,Correlation,0.6491951629134257
56,50,10,100,linear,Gaussian-FR,Marginal,7.240246143705977
56,50,10,100,linear,Gaussian-FR,Correlation,0.12955531266300835
57,50,10,100,linear,NPT-FR,Marginal,6.14812020031748
57,50,10,100,linear,NPT-FR,Correlation,0.13387065667547074
57,50,10,100,linear,Marginal-FR,Marginal,6.14812020031748
57,50,10,100,linear,Marginal-FR,Correlation,0.6542737101585147
57,50,10,100,linear,Gaussian-FR,Marginal,7.435723755379949
57,50,10,100,linear,Gaussian-FR,Correlation,0.14697520674481365
58,50,10,100,linear,NPT-FR,Marginal,6.338396619126476
58,50,10,100,linear,NPT-FR,Correlation,0.13075714370417396
58,50,10,100,linear,Marginal-FR,Marginal,6.338396619126476
58,50,10,100,linear,Marginal-FR,Correlation,0.6494089636729595
58,50,10,100,linear,Gaussian-FR,Marginal,7.69358368476802
58,50,10,100,linear,Gaussian-FR,Correlation,0.13555019898335716
59,50,10,100,linear,NPT-FR,Marginal,5.932979377875401
59,50,10,100,linear,NPT-FR,Correlation,0.12899916263417044
59,50,10,100,linear,Marginal-FR,Marginal,5.932979377875401
59,50,10,100,linear,Marginal-FR,Correlation,0.626129877895803
59,50,10,100,linear,Gaussian-FR,Marginal,7.317969398056921
59,50,10,100,linear,Gaussian-FR,Correlation,0.1346022759380884
60,50,10,100,linear,NPT-FR,Marginal,6.123476106045159
60,50,10,100,linear,NPT-FR,Correlation,0.12895679132745003
60,50,10,100,linear,Marginal-FR,Marginal,6.123476106045159
60,50,10,100,linear,Marginal-FR,Correlation,0.6157021717804363
60,50,10,100,linear,Gaussian-FR,Marginal,7.378514100000821
60,50,10,100,linear,Gaussian-FR,Correlation,0.1356152182581373
61,50,10,100,linear,NPT-FR,Marginal,6.114814203547866
61,50,10,100,linear,NPT-FR,Correlation,0.1346345763571903
61,50,10,100,linear,Marginal-FR,Marginal,6.114814203547866
61,50,10,100,linear,Marginal-FR,Correlation,0.6381158695522295
61,50,10,100,linear,Gaussian-FR,Marginal,7.4361268132600715
61,50,10,100,linear,Gaussian-FR,Correlation,0.14118435206632596
62,50,10,100,linear,NPT-FR,Marginal,6.090250929615904
62,50,10,100,linear,NPT-FR,Correlation,0.12840922856750936
62,50,10,100,linear,Marginal-FR,Marginal,6.090250929615904
62,50,10,100,linear,Marginal-FR,Correlation,0.6341455862484423
62,50,10,100,linear,Gaussian-FR,Marginal,7.3045285643963975
62,50,10,100,linear,Gaussian-FR,Correlation,0.13875146293935767
63,50,10,100,linear,NPT-FR,Marginal,5.748930030296395
63,50,10,100,linear,NPT-FR,Correlation,0.1310764003958861
63,50,10,100,linear,Marginal-FR,Marginal,5.748930030296395
63,50,10,100,linear,Marginal-FR,Correlation,0.6432354945854243
63,50,10,100,linear,Gaussian-FR,Marginal,7.043516553206741
63,50,10,100,linear,Gaussian-FR,Correlation,0.13815069152341394
64,50,10,100,linear,NPT-FR,Marginal,5.818957869008382
64,50,10,100,linear,NPT-FR,Correlation,0.13592175097950976
64,50,10,100,linear,Marginal-FR,Marginal,5.818957869008382
64,50,10,100,linear,Marginal-FR,Correlation,0.6264742400469835
64,50,10,100,linear,Gaussian-FR,Marginal,7.158471893727582
64,50,10,100,linear,Gaussian-FR,Correlation,0.13548186201927107
65,50,10,100,linear,NPT-FR,Marginal,6.076106320090114
65,50,10,100,linear,NPT-FR,Correlation,0.13174298900896247
65,50,10,100,linear,Marginal-FR,Marginal,6.076106320090114
65,50,10,100,linear,Marginal-FR,Correlation,0.6466544639285507
65,50,10,100,linear,Gaussian-FR,Marginal,7.469742474970731
65,50,10,100,linear,Gaussian-FR,Correlation,0.138164938959969
66,50,10,100,linear,NPT-FR,Marginal,5.785095244225848
66,50,10,100,linear,NPT-FR,Correlation,0.12924865001530028
66,50,10,100,linear,Marginal-FR,Marginal,5.785095244225848
66,50,10,100,linear,Marginal-FR,Correlation,0.6385070812582319
66,50,10,100,linear,Gaussian-FR,Marginal,7.215367689231736
66,50,10,100,linear,Gaussian-FR,Correlation,0.13752455964117663
67,50,10,100,linear,NPT-FR,Marginal,5.774965677857672
67,50,10,100,linear,NPT-FR,Correlation,0.12893488461066532
67,50,10,100,linear,Marginal-FR,Marginal,5.774965677857672
67,50,10,100,linear,Marginal-FR,Correlation,0.6336668707359727
67,50,10,100,linear,Gaussian-FR,Marginal,7.137762432771867
67,50,10,100,linear,Gaussian-FR,Correlation,0.13482874894846292
68,50,10,100,linear,NPT-FR,Marginal,6.0336376435558225
68,50,10,100,linear,NPT-FR,Correlation,0.1285900491552096
68,50,10,100,linear,Marginal-FR,Marginal,6.0336376435558225
68,50,10,100,linear,Marginal-FR,Correlation,0.6416743107551889
68,50,10,100,linear,Gaussian-FR,Marginal,7.4166392671453325
68,50,10,100,linear,Gaussian-FR,Correlation,0.1375487817039563
69,50,10,100,linear,NPT-FR,Marginal,6.511974171091102
69,50,10,100,linear,NPT-FR,Correlation,0.1350711003885758
69,50,10,100,linear,Marginal-FR,Marginal,6.511974171091102
69,50,10,100,linear,Marginal-FR,Correlation,0.6628174027410816
69,50,10,100,linear,Gaussian-FR,Marginal,7.891392583903356
69,50,10,100,linear,Gaussian-FR,Correlation,0.1364609834046726
70,50,10,100,linear,NPT-FR,Marginal,5.708168282751311
70,50,10,100,linear,NPT-FR,Correlation,0.13339031736847562
70,50,10,100,linear,Marginal-FR,Marginal,5.708168282751311
70,50,10,100,linear,Marginal-FR,Correlation,0.6429538202572757
70,50,10,100,linear,Gaussian-FR,Marginal,6.988928640900608
70,50,10,100,linear,Gaussian-FR,Correlation,0.13551267091437325
71,50,10,100,linear,NPT-FR,Marginal,5.882132130965717
71,50,10,100,linear,NPT-FR,Correlation,0.12706843508899848
71,50,10,100,linear,Marginal-FR,Marginal,5.882132130965717
71,50,10,100,linear,Marginal-FR,Correlation,0.6355723096505831
71,50,10,100,linear,Gaussian-FR,Marginal,7.269892578279681
71,50,10,100,linear,Gaussian-FR,Correlation,0.13584800610634234
72,50,10,100,linear,NPT-FR,Marginal,6.011126214538054
72,50,10,100,linear,NPT-FR,Correlation,0.13275111166681716
72,50,10,100,linear,Marginal-FR,Marginal,6.011126214538054
72,50,10,100,linear,Marginal-FR,Correlation,0.644279741408582
72,50,10,100,linear,Gaussian-FR,Marginal,7.348746208042191
72,50,10,100,linear,Gaussian-FR,Correlation,0.1403272807157327
73,50,10,100,linear,NPT-FR,Marginal,6.085184447508764
73,50,10,100,linear,NPT-FR,Correlation,0.12905949229065317
73,50,10,100,linear,Marginal-FR,Marginal,6.085184447508764
73,50,10,100,linear,Marginal-FR,Correlation,0.6316896141082877
73,50,10,100,linear,Gaussian-FR,Marginal,7.3369314988566
73,50,10,100,linear,Gaussian-FR,Correlation,0.13681049492945155
74,50,10,100,linear,NPT-FR,Marginal,6.403165402683006
74,50,10,100,linear,NPT-FR,Correlation,0.13222340995094695
74,50,10,100,linear,Marginal-FR,Marginal,6.403165402683006
74,50,10,100,linear,Marginal-FR,Correlation,0.6135144393769025
74,50,10,100,linear,Gaussian-FR,Marginal,7.706741168309281
74,50,10,100,linear,Gaussian-FR,Correlation,0.1410667765474364
75,50,10,100,linear,NPT-FR,Marginal,5.9244279822330785
75,50,10,100,linear,NPT-FR,Correlation,0.12899223124487236
75,50,10,100,linear,Marginal-FR,Marginal,5.9244279822330785
75,50,10,100,linear,Marginal-FR,Correlation,0.6433479789650116
75,50,10,100,linear,Gaussian-FR,Marginal,7.324463270041088
75,50,10,100,linear,Gaussian-FR,Correlation,0.13550143261719585
76,50,10,100,linear,NPT-FR,Marginal,6.284649110529683
76,50,10,100,linear,NPT-FR,Correlation,0.13436531007529473
76,50,10,100,linear,Marginal-FR,Marginal,6.284649110529683
76,50,10,100,linear,Marginal-FR,Correlation,0.6707562159674063
76,50,10,100,linear,Gaussian-FR,Marginal,7.65313380223341
76,50,10,100,linear,Gaussian-FR,Correlation,0.14070074133057067
77,50,10,100,linear,NPT-FR,Marginal,6.13039829445098
77,50,10,100,linear,NPT-FR,Correlation,0.12895639870120565
77,50,10,100,linear,Marginal-FR,Marginal,6.13039829445098
77,50,10,100,linear,Marginal-FR,Correlation,0.6468669679828776
77,50,10,100,linear,Gaussian-FR,Marginal,7.537571454090921
77,50,10,100,linear,Gaussian-FR,Correlation,0.1313797088471963
78,50,10,100,linear,NPT-FR,Marginal,6.131752845905057
78,50,10,100,linear,NPT-FR,Correlation,0.1383879872278767
78,50,10,100,linear,Marginal-FR,Marginal,6.131752845905057
78,50,10,100,linear,Marginal-FR,Correlation,0.5934313721706714
78,50,10,100,linear,Gaussian-FR,Marginal,7.388229907349293
78,50,10,100,linear,Gaussian-FR,Correlation,0.1422247408441746
79,50,10,100,linear,NPT-FR,Marginal,5.804451801161472
79,50,10,100,linear,NPT-FR,Correlation,0.1232198662416935
79,50,10,100,linear,Marginal-FR,Marginal,5.804451801161472
79,50,10,100,linear,Marginal-FR,Correlation,0.6539288267622727
79,50,10,100,linear,Gaussian-FR,Marginal,7.082827719155479
79,50,10,100,linear,Gaussian-FR,Correlation,0.13431329226466923
80,50,10,100,linear,NPT-FR,Marginal,5.986814575130305
80,50,10,100,linear,NPT-FR,Correlation,0.13143933436597058
80,50,10,100,linear,Marginal-FR,Marginal,5.986814575130305
80,50,10,100,linear,Marginal-FR,Correlation,0.6463822294706402
80,50,10,100,linear,Gaussian-FR,Marginal,7.301784074333794
80,50,10,100,linear,Gaussian-FR,Correlation,0.13509179409975947
81,50,10,100,linear,NPT-FR,Marginal,6.084356429125313
81,50,10,100,linear,NPT-FR,Correlation,0.13279388237323905
81,50,10,100,linear,Marginal-FR,Marginal,6.084356429125313
81,50,10,100,linear,Marginal-FR,Correlation,0.6331685828503784
81,50,10,100,linear,Gaussian-FR,Marginal,7.380396655829034
81,50,10,100,linear,Gaussian-FR,Correlation,0.13673363127577165
82,50,10,100,linear,NPT-FR,Marginal,6.202441749980386
82,50,10,100,linear,NPT-FR,Correlation,0.13410293818232258
82,50,10,100,linear,Marginal-FR,Marginal,6.202441749980386
82,50,10,100,linear,Marginal-FR,Correlation,0.6827313187564171
82,50,10,100,linear,Gaussian-FR,Marginal,7.487064877834976
82,50,10,100,linear,Gaussian-FR,Correlation,0.13837689218245255
83,50,10,100,linear,NPT-FR,Marginal,6.144869912379663
83,50,10,100,linear,NPT-FR,Correlation,0.12287754676165341
83,50,10,100,linear,Marginal-FR,Marginal,6.144869912379663
83,50,10,100,linear,Marginal-FR,Correlation,0.6204527276134937
83,50,10,100,linear,Gaussian-FR,Marginal,7.351201089665253
83,50,10,100,linear,Gaussian-FR,Correlation,0.13650436214238934
84,50,10,100,linear,NPT-FR,Marginal,6.076095987965784
84,50,10,100,linear,NPT-FR,Correlation,0.12657481058445427
84,50,10,100,linear,Marginal-FR,Marginal,6.076095987965784
84,50,10,100,linear,Marginal-FR,Correlation,0.6411376986579441
84,50,10,100,linear,Gaussian-FR,Marginal,7.463692107977553
84,50,10,100,linear,Gaussian-FR,Correlation,0.135640994964609
85,50,10,100,linear,NPT-FR,Marginal,6.191068900304802
85,50,10,100,linear,NPT-FR,Correlation,0.13008710766075932
85,50,10,100,linear,Marginal-FR,Marginal,6.191068900304802
85,50,10,100,linear,Marginal-FR,Correlation,0.622987087247494
85,50,10,100,linear,Gaussian-FR,Marginal,7.575143487607633
85,50,10,100,linear,Gaussian-FR,Correlation,0.1344206070164743
86,50,10,100,linear,NPT-FR,Marginal,6.467677079899285
86,50,10,100,linear,NPT-FR,Correlation,0.13406269563836323
86,50,10,100,linear,Marginal-FR,Marginal,6.467677079899285
86,50,10,100,linear,Marginal-FR,Correlation,0.6371634988067988
86,50,10,100,linear,Gaussian-FR,Marginal,7.748811970271225
86,50,10,100,linear,Gaussian-FR,Correlation,0.14493821240828642
87,50,10,100,linear,NPT-FR,Marginal,5.978107901908858
87,50,10,100,linear,NPT-FR,Correlation,0.130091780778542
87,50,10,100,linear,Marginal-FR,Marginal,5.978107901908858
87,50,10,100,linear,Marginal-FR,Correlation,0.6240269457791849
87,50,10,100,linear,Gaussian-FR,Marginal,7.19838354479904
87,50,10,100,linear,Gaussian-FR,Correlation,0.13989049772514997
88,50,10,100,linear,NPT-FR,Marginal,5.67415887276484
88,50,10,100,linear,NPT-FR,Correlation,0.12875213670143604
88,50,10,100,linear,Marginal-FR,Marginal,5.67415887276484
88,50,10,100,linear,Marginal-FR,Correlation,0.6447742953031184
88,50,10,100,linear,Gaussian-FR,Marginal,7.0189387320746945
88,50,10,100,linear,Gaussian-FR,Correlation,0.13603216002152083
89,50,10,100,linear,NPT-FR,Marginal,5.7609252482411755
89,50,10,100,linear,NPT-FR,Correlation,0.1274065741329697
89,50,10,100,linear,Marginal-FR,Marginal,5.7609252482411755
89,50,10,100,linear,Marginal-FR,Correlation,0.6464382351512105
89,50,10,100,linear,Gaussian-FR,Marginal,7.07989862988987
89,50,10,100,linear,Gaussian-FR,Correlation,0.13366893230602783
90,50,10,100,linear,NPT-FR,Marginal,6.132667395729657
90,50,10,100,linear,NPT-FR,Correlation,0.1351945456303091
90,50,10,100,linear,Marginal-FR,Marginal,6.132667395729657
90,50,10,100,linear,Marginal-FR,Correlation,0.6412202921620216
90,50,10,100,linear,Gaussian-FR,Marginal,7.511498845255839
90,50,10,100,linear,Gaussian-FR,Correlation,0.1390432270616978
91,50,10,100,linear,NPT-FR,Marginal,5.889282673400777
91,50,10,100,linear,NPT-FR,Correlation,0.13277686625181975
91,50,10,100,linear,Marginal-FR,Marginal,5.889282673400777
91,50,10,100,linear,Marginal-FR,Correlation,0.6545755033402728
91,50,10,100,linear,Gaussian-FR,Marginal,7.230212511313267
91,50,10,100,linear,Gaussian-FR,Correlation,0.1342482428270315
92,50,10,100,linear,NPT-FR,Marginal,5.951885929621968
92,50,10,100,linear,NPT-FR,Correlation,0.1318833109359628
92,50,10,100,linear,Marginal-FR,Marginal,5.951885929621968
92,50,10,100,linear,Marginal-FR,Correlation,0.6254683764707419
92,50,10,100,linear,Gaussian-FR,Marginal,7.28063438557727
92,50,10,100,linear,Gaussian-FR,Correlation,0.14044317488746622
93,50,10,100,linear,NPT-FR,Marginal,6.163864225067332
93,50,10,100,linear,NPT-FR,Correlation,0.13017072425332718
93,50,10,100,linear,Marginal-FR,Marginal,6.163864225067332
93,50,10,100,linear,Marginal-FR,Correlation,0.6584908141453745
93,50,10,100,linear,Gaussian-FR,Marginal,7.4693484262581675
93,50,10,100,linear,Gaussian-FR,Correlation,0.13368123458327139
94,50,10,100,linear,NPT-FR,Marginal,6.147079220984693
94,50,10,100,linear,NPT-FR,Correlation,0.12695752997078064
94,50,10,100,linear,Marginal-FR,Marginal,6.147079220984693
94,50,10,100,linear,Marginal-FR,Correlation,0.66209682899923
94,50,10,100,linear,Gaussian-FR,Marginal,7.49737912869557
94,50,10,100,linear,Gaussian-FR,Correlation,0.13874419913997244
95,50,10,100,linear,NPT-FR,Marginal,5.894383139367188
95,50,10,100,linear,NPT-FR,Correlation,0.13106817465598536
95,50,10,100,linear,Marginal-FR,Marginal,5.894383139367188
95,50,10,100,linear,Marginal-FR,Correlation,0.6264814035475128
95,50,10,100,linear,Gaussian-FR,Marginal,7.2575500940665405
95,50,10,100,linear,Gaussian-FR,Correlation,0.1333883514497054
96,50,10,100,linear,NPT-FR,Marginal,5.8502827453996895
96,50,10,100,linear,NPT-FR,Correlation,0.1279845109803656
96,50,10,100,linear,Marginal-FR,Marginal,5.8502827453996895
96,50,10,100,linear,Marginal-FR,Correlation,0.6348428053619406
96,50,10,100,linear,Gaussian-FR,Marginal,7.172838215651659
96,50,10,100,linear,Gaussian-FR,Correlation,0.1360533448602751
97,50,10,100,linear,NPT-FR,Marginal,5.92040577397545
97,50,10,100,linear,NPT-FR,Correlation,0.12989791484335222
97,50,10,100,linear,Marginal-FR,Marginal,5.92040577397545
97,50,10,100,linear,Marginal-FR,Correlation,0.6316452370279906
97,50,10,100,linear,Gaussian-FR,Marginal,7.2106984840501855
97,50,10,100,linear,Gaussian-FR,Correlation,0.1378187302376673
98,50,10,100,linear,NPT-FR,Marginal,6.027923751013564
98,50,10,100,linear,NPT-FR,Correlation,0.1271927747729679
98,50,10,100,linear,Marginal-FR,Marginal,6.027923751013564
98,50,10,100,linear,Marginal-FR,Correlation,0.6452633353568895
98,50,10,100,linear,Gaussian-FR,Marginal,7.307049437317424
98,50,10,100,linear,Gaussian-FR,Correlation,0.13421726229100675
99,50,10,100,linear,NPT-FR,Marginal,6.320990571844009
99,50,10,100,linear,NPT-FR,Correlation,0.1340891216854932
99,50,10,100,linear,Marginal-FR,Marginal,6.320990571844009
99,50,10,100,linear,Marginal-FR,Correlation,0.6169457503723469
99,50,10,100,linear,Gaussian-FR,Marginal,7.482398108479489
99,50,10,100,linear,Gaussian-FR,Correlation,0.13890782529025802
0,50,10,1000,linear,NPT-FR,Marginal,5.988825110151229
0,50,10,1000,linear,NPT-FR,Correlation,0.11763446589253303
0,50,10,1000,linear,Marginal-FR,Marginal,5.988825110151229
0,50,10,1000,linear,Marginal-FR,Correlation,0.6463715017664403
0,50,10,1000,linear,Gaussian-FR,Marginal,7.31744759088451
0,50,10,1000,linear,Gaussian-FR,Correlation,0.1263761957830074
1,50,10,1000,linear,NPT-FR,Marginal,6.104377207535229
1,50,10,1000,linear,NPT-FR,Correlation,0.11404662070005585
1,50,10,1000,linear,Marginal-FR,Marginal,6.104377207535229
1,50,10,1000,linear,Marginal-FR,Correlation,0.6470128831782634
1,50,10,1000,linear,Gaussian-FR,Marginal,7.493043098258577
1,50,10,1000,linear,Gaussian-FR,Correlation,0.12611707473377345
2,50,10,1000,linear,NPT-FR,Marginal,6.300195011431088
2,50,10,1000,linear,NPT-FR,Correlation,0.11783250640217675
2,50,10,1000,linear,Marginal-FR,Marginal,6.300195011431088
2,50,10,1000,linear,Marginal-FR,Correlation,0.6352866630169464
2,50,10,1000,linear,Gaussian-FR,Marginal,7.703372859688661
2,50,10,1000,linear,Gaussian-FR,Correlation,0.1276529319104628
3,50,10,1000,linear,NPT-FR,Marginal,6.003157598047085
3,50,10,1000,linear,NPT-FR,Correlation,0.11369904168866478
3,50,10,1000,linear,Marginal-FR,Marginal,6.003157598047085
3,50,10,1000,linear,Marginal-FR,Correlation,0.6157622358510848
3,50,10,1000,linear,Gaussian-FR,Marginal,7.4171892550419
3,50,10,1000,linear,Gaussian-FR,Correlation,0.12421835207400601
4,50,10,1000,linear,NPT-FR,Marginal,6.1570690841958
4,50,10,1000,linear,NPT-FR,Correlation,0.11879790749015351
4,50,10,1000,linear,Marginal-FR,Marginal,6.1570690841958
4,50,10,1000,linear,Marginal-FR,Correlation,0.6574687665466389
4,50,10,1000,linear,Gaussian-FR,Marginal,7.536055781861853
4,50,10,1000,linear,Gaussian-FR,Correlation,0.12875305905718137
5,50,10,1000,linear,NPT-FR,Marginal,5.941859923480784
5,50,10,1000,linear,NPT-FR,Correlation,0.11578522673186319
5,50,10,1000,linear,Marginal-FR,Marginal,5.941859923480784
5,50,10,1000,linear,Marginal-FR,Correlation,0.6470491962633496
5,50,10,1000,linear,Gaussian-FR,Marginal,7.425534973326312
5,50,10,1000,linear,Gaussian-FR,Correlation,0.13080715547666497
6,50,10,1000,linear,NPT-FR,Marginal,5.893514964316266
6,50,10,1000,linear,NPT-FR,Correlation,0.11851848109086392
6,50,10,1000,linear,Marginal-FR,Marginal,5.893514964316266
6,50,10,1000,linear,Marginal-FR,Correlation,0.6206704764966671
6,50,10,1000,linear,Gaussian-FR,Marginal,7.236486851367852
6,50,10,1000,linear,Gaussian-FR,Correlation,0.1221965757389753
7,50,10,1000,linear,NPT-FR,Marginal,5.78557261394422
7,50,10,1000,linear,NPT-FR,Correlation,0.11901063427829127
7,50,10,1000,linear,Marginal-FR,Marginal,5.78557261394422
7,50,10,1000,linear,Marginal-FR,Correlation,0.6149060419738581
7,50,10,1000,linear,Gaussian-FR,Marginal,7.233194216106296
7,50,10,1000,linear,Gaussian-FR,Correlation,0.12740001263166964
8,50,10,1000,linear,NPT-FR,Marginal,6.097326198935355
8,50,10,1000,linear,NPT-FR,Correlation,0.11550864176646754
8,50,10,1000,linear,Marginal-FR,Marginal,6.097326198935355
8,50,10,1000,linear,Marginal-FR,Correlation,0.6413051947113036
8,50,10,1000,linear,Gaussian-FR,Marginal,7.5333707714084905
8,50,10,1000,linear,Gaussian-FR,Correlation,0.12714887673688305
9,50,10,1000,linear,NPT-FR,Marginal,5.962932324999025
9,50,10,1000,linear,NPT-FR,Correlation,0.11640746197155244
9,50,10,1000,linear,Marginal-FR,Marginal,5.962932324999025
9,50,10,1000,linear,Marginal-FR,Correlation,0.6588327897148066
9,50,10,1000,linear,Gaussian-FR,Marginal,7.336791355914135
9,50,10,1000,linear,Gaussian-FR,Correlation,0.12725632837350143
10,50,10,1000,linear,NPT-FR,Marginal,6.112722980160255
10,50,10,1000,linear,NPT-FR,Correlation,0.11518281720501156
10,50,10,1000,linear,Marginal-FR,Marginal,6.112722980160255
10,50,10,1000,linear,Marginal-FR,Correlation,0.6529537463145079
10,50,10,1000,linear,Gaussian-FR,Marginal,7.526846246322192
10,50,10,1000,linear,Gaussian-FR,Correlation,0.12326150606368276
11,50,10,1000,linear,NPT-FR,Marginal,5.899988125935996
11,50,10,1000,linear,NPT-FR,Correlation,0.11621633773408521
11,50,10,1000,linear,Marginal-FR,Marginal,5.899988125935996
11,50,10,1000,linear,Marginal-FR,Correlation,0.6536020704630731
11,50,10,1000,linear,Gaussian-FR,Marginal,7.348077740094091
11,50,10,1000,linear,Gaussian-FR,Correlation,0.12708243095792202
12,50,10,1000,linear,NPT-FR,Marginal,5.95022370904416
12,50,10,1000,linear,NPT-FR,Correlation,0.11826909644729491
12,50,10,1000,linear,Marginal-FR,Marginal,5.95022370904416
12,50,10,1000,linear,Marginal-FR,Correlation,0.6364664622619696
12,50,10,1000,linear,Gaussian-FR,Marginal,7.321818518839294
12,50,10,1000,linear,Gaussian-FR,Correlation,0.12495886531282167
13,50,10,1000,linear,NPT-FR,Marginal,5.755653960892602
13,50,10,1000,linear,NPT-FR,Correlation,0.11461111257428774
13,50,10,1000,linear,Marginal-FR,Marginal,5.755653960892602
13,50,10,1000,linear,Marginal-FR,Correlation,0.6294553892885342
13,50,10,1000,linear,Gaussian-FR,Marginal,7.110792020339259
13,50,10,1000,linear,Gaussian-FR,Correlation,0.12077842079389857
14,50,10,1000,linear,NPT-FR,Marginal,6.067897046396411
14,50,10,1000,linear,NPT-FR,Correlation,0.11225611957077596
14,50,10,1000,linear,Marginal-FR,Marginal,6.067897046396411
14,50,10,1000,linear,Marginal-FR,Correlation,0.6613325225948018
14,50,10,1000,linear,Gaussian-FR,Marginal,7.446904423607146
14,50,10,1000,linear,Gaussian-FR,Correlation,0.12292527930005903
15,50,10,1000,linear,NPT-FR,Marginal,5.862025249574015
15,50,10,1000,linear,NPT-FR,Correlation,0.11491918046708281
15,50,10,1000,linear,Marginal-FR,Marginal,5.862025249574015
15,50,10,1000,linear,Marginal-FR,Correlation,0.666343683735195
15,50,10,1000,linear,Gaussian-FR,Marginal,7.3043935630200165
15,50,10,1000,linear,Gaussian-FR,Correlation,0.1248785176115573
16,50,10,1000,linear,NPT-FR,Marginal,5.819883120164638
16,50,10,1000,linear,NPT-FR,Correlation,0.11223492628224108
16,50,10,1000,linear,Marginal-FR,Marginal,5.819883120164638
16,50,10,1000,linear,Marginal-FR,Correlation,0.636368144841192
16,50,10,1000,linear,Gaussian-FR,Marginal,7.22213062080058
16,50,10,1000,linear,Gaussian-FR,Correlation,0.1223936241157427
17,50,10,1000,linear,NPT-FR,Marginal,5.922096149271461
17,50,10,1000,linear,NPT-FR,Correlation,0.11941750839285006
17,50,10,1000,linear,Marginal-FR,Marginal,5.922096149271461
17,50,10,1000,linear,Marginal-FR,Correlation,0.6254905874941211
17,50,10,1000,linear,Gaussian-FR,Marginal,7.288159767180777
17,50,10,1000,linear,Gaussian-FR,Correlation,0.12633948978181522
18,50,10,1000,linear,NPT-FR,Marginal,6.029280578258673
18,50,10,1000,linear,NPT-FR,Correlation,0.11837228731483179
18,50,10,1000,linear,Marginal-FR,Marginal,6.029280578258673
18,50,10,1000,linear,Marginal-FR,Correlation,0.6235876847013664
18,50,10,1000,linear,Gaussian-FR,Marginal,7.4382826907111435
18,50,10,1000,linear,Gaussian-FR,Correlation,0.12888347705649794
19,50,10,1000,linear,NPT-FR,Marginal,5.8697137627002505
19,50,10,1000,linear,NPT-FR,Correlation,0.11508973998068371
19,50,10,1000,linear,Marginal-FR,Marginal,5.8697137627002505
19,50,10,1000,linear,Marginal-FR,Correlation,0.624765858086748
19,50,10,1000,linear,Gaussian-FR,Marginal,7.308576109016855
19,50,10,1000,linear,Gaussian-FR,Correlation,0.12791239318431993
20,50,10,1000,linear,NPT-FR,Marginal,6.142194678517062
20,50,10,1000,linear,NPT-FR,Correlation,0.11581892387349418
20,50,10,1000,linear,Marginal-FR,Marginal,6.142194678517062
20,50,10,1000,linear,Marginal-FR,Correlation,0.6448965272090575
20,50,10,1000,linear,Gaussian-FR,Marginal,7.544349871545142
20,50,10,1000,linear,Gaussian-FR,Correlation,0.1249415359395118
21,50,10,1000,linear,NPT-FR,Marginal,5.72401668015827
21,50,10,1000,linear,NPT-FR,Correlation,0.1173916210057407
21,50,10,1000,linear,Marginal-FR,Marginal,5.72401668015827
21,50,10,1000,linear,Marginal-FR,Correlation,0.6531127945262206
21,50,10,1000,linear,Gaussian-FR,Marginal,7.134354641064517
21,50,10,1000,linear,Gaussian-FR,Correlation,0.12527525848527832
22,50,10,1000,linear,NPT-FR,Marginal,5.83729681832156
22,50,10,1000,linear,NPT-FR,Correlation,0.11475987465339978
22,50,10,1000,linear,Marginal-FR,Marginal,5.83729681832156
22,50,10,1000,linear,Marginal-FR,Correlation,0.6329666326684666
22,50,10,1000,linear,Gaussian-FR,Marginal,7.196764153401693
22,50,10,1000,linear,Gaussian-FR,Correlation,0.12260326552814547
23,50,10,1000,linear,NPT-FR,Marginal,6.180143275088519
23,50,10,1000,linear,NPT-FR,Correlation,0.11544439181566157
23,50,10,1000,linear,Marginal-FR,Marginal,6.180143275088519
23,50,10,1000,linear,Marginal-FR,Correlation,0.6480298476283669
23,50,10,1000,linear,Gaussian-FR,Marginal,7.5333270479719046
23,50,10,1000,linear,Gaussian-FR,Correlation,0.12492382920481732
24,50,10,1000,linear,NPT-FR,Marginal,6.125798410025199
24,50,10,1000,linear,NPT-FR,Correlation,0.11670506513263308
24,50,10,1000,linear,Marginal-FR,Marginal,6.125798410025199
24,50,10,1000,linear,Marginal-FR,Correlation,0.6221941215008738
24,50,10,1000,linear,Gaussian-FR,Marginal,7.463013223208679
24,50,10,1000,linear,Gaussian-FR,Correlation,0.12411978582223376
25,50,10,1000,linear,NPT-FR,Marginal,6.148313089274137
25,50,10,1000,linear,NPT-FR,Correlation,0.11458485986022424
25,50,10,1000,linear,Marginal-FR,Marginal,6.148313089274137
25,50,10,1000,linear,Marginal-FR,Correlation,0.636983699700507
25,50,10,1000,linear,Gaussian-FR,Marginal,7.548665790023479
25,50,10,1000,linear,Gaussian-FR,Correlation,0.12555079139139672
26,50,10,1000,linear,NPT-FR,Marginal,6.196339321994065
26,50,10,1000,linear,NPT-FR,Correlation,0.11803613560008312
26,50,10,1000,linear,Marginal-FR,Marginal,6.196339321994065
26,50,10,1000,linear,Marginal-FR,Correlation,0.6285082777711581
26,50,10,1000,linear,Gaussian-FR,Marginal,7.6500182198927416
26,50,10,1000,linear,Gaussian-FR,Correlation,0.12645092528660157
27,50,10,1000,linear,NPT-FR,Marginal,6.055134611063321
27,50,10,1000,linear,NPT-FR,Correlation,0.11514241005250739
27,50,10,1000,linear,Marginal-FR,Marginal,6.055134611063321
27,50,10,1000,linear,Marginal-FR,Correlation,0.6346590898362235
27,50,10,1000,linear,Gaussian-FR,Marginal,7.539825384231413
27,50,10,1000,linear,Gaussian-FR,Correlation,0.12942104152663028
28,50,10,1000,linear,NPT-FR,Marginal,5.945953666618372
28,50,10,1000,linear,NPT-FR,Correlation,0.11719929811706684
28,50,10,1000,linear,Marginal-FR,Marginal,5.945953666618372
28,50,10,1000,linear,Marginal-FR,Correlation,0.6175072607259744
28,50,10,1000,linear,Gaussian-FR,Marginal,7.298340600275884
28,50,10,1000,linear,Gaussian-FR,Correlation,0.12555820362326486
29,50,10,1000,linear,NPT-FR,Marginal,6.042300743400095
29,50,10,1000,linear,NPT-FR,Correlation,0.11592813442697283
29,50,10,1000,linear,Marginal-FR,Marginal,6.042300743400095
29,50,10,1000,linear,Marginal-FR,Correlation,0.6564630101773299
29,50,10,1000,linear,Gaussian-FR,Marginal,7.484568049813352
29,50,10,1000,linear,Gaussian-FR,Correlation,0.127562456710581
30,50,10,1000,linear,NPT-FR,Marginal,6.082339204223714
30,50,10,1000,linear,NPT-FR,Correlation,0.1143536877556253
30,50,10,1000,linear,Marginal-FR,Marginal,6.082339204223714
30,50,10,1000,linear,Marginal-FR,Correlation,0.6300171691017951
30,50,10,1000,linear,Gaussian-FR,Marginal,7.522505343217388
30,50,10,1000,linear,Gaussian-FR,Correlation,0.12528755582859344
31,50,10,1000,linear,NPT-FR,Marginal,6.059045259549469
31,50,10,1000,linear,NPT-FR,Correlation,0.11716129094347755
31,50,10,1000,linear,Marginal-FR,Marginal,6.059045259549469
31,50,10,1000,linear,Marginal-FR,Correlation,0.6531932488293027
31,50,10,1000,linear,Gaussian-FR,Marginal,7.401395849891964
31,50,10,1000,linear,Gaussian-FR,Correlation,0.1253484619558737
32,50,10,1000,linear,NPT-FR,Marginal,6.259873582804338
32,50,10,1000,linear,NPT-FR,Correlation,0.1145489628670563
32,50,10,1000,linear,Marginal-FR,Marginal,6.259873582804338
32,50,10,1000,linear,Marginal-FR,Correlation,0.6545269631284629
32,50,10,1000,linear,Gaussian-FR,Marginal,7.652537310521884
32,50,10,1000,linear,Gaussian-FR,Correlation,0.12188355438944697
33,50,10,1000,linear,NPT-FR,Marginal,5.89245203258388
33,50,10,1000,linear,NPT-FR,Correlation,0.11617503241081513
33,50,10,1000,linear,Marginal-FR,Marginal,5.89245203258388
33,50,10,1000,linear,Marginal-FR,Correlation,0.6548159514929214
33,50,10,1000,linear,Gaussian-FR,Marginal,7.33258653707654
33,50,10,1000,linear,Gaussian-FR,Correlation,0.1263545228773849
34,50,10,1000,linear,NPT-FR,Marginal,6.0937115773835115
34,50,10,1000,linear,NPT-FR,Correlation,0.11636469810988274
34,50,10,1000,linear,Marginal-FR,Marginal,6.0937115773835115
34,50,10,1000,linear,Marginal-FR,Correlation,0.6214096149879589
34,50,10,1000,linear,Gaussian-FR,Marginal,7.524880740852133
34,50,10,1000,linear,Gaussian-FR,Correlation,0.12126169623280054
35,50,10,1000,linear,NPT-FR,Marginal,5.85280495569633
35,50,10,1000,linear,NPT-FR,Correlation,0.1167776515084001
35,50,10,1000,linear,Marginal-FR,Marginal,5.85280495569633
35,50,10,1000,linear,Marginal-FR,Correlation,0.6256016978762472
35,50,10,1000,linear,Gaussian-FR,Marginal,7.241722139276947
35,50,10,1000,linear,Gaussian-FR,Correlation,0.12514033982360026
36,50,10,1000,linear,NPT-FR,Marginal,6.258305259346647
36,50,10,1000,linear,NPT-FR,Correlation,0.11809911953734896
36,50,10,1000,linear,Marginal-FR,Marginal,6.258305259346647
36,50,10,1000,linear,Marginal-FR,Correlation,0.6342145673491041
36,50,10,1000,linear,Gaussian-FR,Marginal,7.6678045957205665
36,50,10,1000,linear,Gaussian-FR,Correlation,0.126823686942616
37,50,10,1000,linear,NPT-FR,Marginal,5.868925847979023
37,50,10,1000,linear,NPT-FR,Correlation,0.11444957351401197
37,50,10,1000,linear,Marginal-FR,Marginal,5.868925847979023
37,50,10,1000,linear,Marginal-FR,Correlation,0.654785747142486
37,50,10,1000,linear,Gaussian-FR,Marginal,7.271568835382266
37,50,10,1000,linear,Gaussian-FR,Correlation,0.12469743542842562
38,50,10,1000,linear,NPT-FR,Marginal,6.038869965792346
38,50,10,1000,linear,NPT-FR,Correlation,0.11313962669180155
38,50,10,1000,linear,Marginal-FR,Marginal,6.038869965792346
38,50,10,1000,linear,Marginal-FR,Correlation,0.6239199605395943
38,50,10,1000,linear,Gaussian-FR,Marginal,7.431982646207166
38,50,10,1000,linear,Gaussian-FR,Correlation,0.12055896388931117
39,50,10,1000,linear,NPT-FR,Marginal,6.056617221287928
39,50,10,1000,linear,NPT-FR,Correlation,0.117159853007616
39,50,10,1000,linear,Marginal-FR,Marginal,6.056617221287928
39,50,10,1000,linear,Marginal-FR,Correlation,0.637410956922062
39,50,10,1000,linear,Gaussian-FR,Marginal,7.460107552493073
39,50,10,1000,linear,Gaussian-FR,Correlation,0.1256458779454014
40,50,10,1000,linear,NPT-FR,Marginal,5.819765065940775
40,50,10,1000,linear,NPT-FR,Correlation,0.11798581346077144
40,50,10,1000,linear,Marginal-FR,Marginal,5.819765065940775
40,50,10,1000,linear,Marginal-FR,Correlation,0.6407084003212439
40,50,10,1000,linear,Gaussian-FR,Marginal,7.239652102474165
40,50,10,1000,linear,Gaussian-FR,Correlation,0.12864910462237186
41,50,10,1000,linear,NPT-FR,Marginal,6.105649804722287
41,50,10,1000,linear,NPT-FR,Correlation,0.1139178519023335
41,50,10,1000,linear,Marginal-FR,Marginal,6.105649804722287
41,50,10,1000,linear,Marginal-FR,Correlation,0.639988945475974
41,50,10,1000,linear,Gaussian-FR,Marginal,7.453542302763099
41,50,10,1000,linear,Gaussian-FR,Correlation,0.12365630888397419
42,50,10,1000,linear,NPT-FR,Marginal,6.05081365605823
42,50,10,1000,linear,NPT-FR,Correlation,0.11662544014643995
42,50,10,1000,linear,Marginal-FR,Marginal,6.05081365605823
42,50,10,1000,linear,Marginal-FR,Correlation,0.6503134709727425
42,50,10,1000,linear,Gaussian-FR,Marginal,7.485777712681999
42,50,10,1000,linear,Gaussian-FR,Correlation,0.12692714364320687
43,50,10,1000,linear,NPT-FR,Marginal,5.902315957072876
43,50,10,1000,linear,NPT-FR,Correlation,0.1138550445575161
43,50,10,1000,linear,Marginal-FR,Marginal,5.902315957072876
43,50,10,1000,linear,Marginal-FR,Correlation,0.6388646333113102
43,50,10,1000,linear,Gaussian-FR,Marginal,7.303155746073602
43,50,10,1000,linear,Gaussian-FR,Correlation,0.12038866687681807
44,50,10,1000,linear,NPT-FR,Marginal,5.76984898596695
44,50,10,1000,linear,NPT-FR,Correlation,0.1155938440552529
44,50,10,1000,linear,Marginal-FR,Marginal,5.76984898596695
44,50,10,1000,linear,Marginal-FR,Correlation,0.641599645621769
44,50,10,1000,linear,Gaussian-FR,Marginal,7.098550701993443
44,50,10,1000,linear,Gaussian-FR,Correlation,0.12641238697399462
45,50,10,1000,linear,NPT-FR,Marginal,6.208014784215793
45,50,10,1000,linear,NPT-FR,Correlation,0.11395832643154873
45,50,10,1000,linear,Marginal-FR,Marginal,6.208014784215793
45,50,10,1000,linear,Marginal-FR,Correlation,0.6364271864365483
45,50,10,1000,linear,Gaussian-FR,Marginal,7.609468553229718
45,50,10,1000,linear,Gaussian-FR,Correlation,0.12254252310677756
46,50,10,1000,linear,NPT-FR,Marginal,6.014890606882375
46,50,10,1000,linear,NPT-FR,Correlation,0.11462537206759424
46,50,10,1000,linear,Marginal-FR,Marginal,6.014890606882375
46,50,10,1000,linear,Marginal-FR,Correlation,0.6539138171386623
46,50,10,1000,linear,Gaussian-FR,Marginal,7.391234440837849
46,50,10,1000,linear,Gaussian-FR,Correlation,0.12228805308535638
47,50,10,1000,linear,NPT-FR,Marginal,5.917143437653704
47,50,10,1000,linear,NPT-FR,Correlation,0.1137351073152958
47,50,10,1000,linear,Marginal-FR,Marginal,5.917143437653704
47,50,10,1000,linear,Marginal-FR,Correlation,0.6191650632127983
47,50,10,1000,linear,Gaussian-FR,Marginal,7.287522826897292
47,50,10,1000,linear,Gaussian-FR,Correlation,0.12161545291728569
48,50,10,1000,linear,NPT-FR,Marginal,6.165534165212586
48,50,10,1000,linear,NPT-FR,Correlation,0.11520520198536863
48,50,10,1000,linear,Marginal-FR,Marginal,6.165534165212586
48,50,10,1000,linear,Marginal-FR,Correlation,0.6435048230693463
48,50,10,1000,linear,Gaussian-FR,Marginal,7.5179725202069125
48,50,10,1000,linear,Gaussian-FR,Correlation,0.12511558803731487
49,50,10,1000,linear,NPT-FR,Marginal,5.862789223737709
49,50,10,1000,linear,NPT-FR,Correlation,0.11367343120914354
49,50,10,1000,linear,Marginal-FR,Marginal,5.862789223737709
49,50,10,1000,linear,Marginal-FR,Correlation,0.6380039042990172
49,50,10,1000,linear,Gaussian-FR,Marginal,7.216890791862204
49,50,10,1000,linear,Gaussian-FR,Correlation,0.1225535566708763
50,50,10,1000,linear,NPT-FR,Marginal,6.073865037983326
50,50,10,1000,linear,NPT-FR,Correlation,0.11638905972189274
50,50,10,1000,linear,Marginal-FR,Marginal,6.073865037983326
50,50,10,1000,linear,Marginal-FR,Correlation,0.6649344991451063
50,50,10,1000,linear,Gaussian-FR,Marginal,7.524790689300227
50,50,10,1000,linear,Gaussian-FR,Correlation,0.12853167048350247
51,50,10,1000,linear,NPT-FR,Marginal,5.824587312182734
51,50,10,1000,linear,NPT-FR,Correlation,0.1150936913553442
51,50,10,1000,linear,Marginal-FR,Marginal,5.824587312182734
51,50,10,1000,linear,Marginal-FR,Correlation,0.632643346001459
51,50,10,1000,linear,Gaussian-FR,Marginal,7.255485121236231
51,50,10,1000,linear,Gaussian-FR,Correlation,0.12203557321095874
52,50,10,1000,linear,NPT-FR,Marginal,5.853895472382296
52,50,10,1000,linear,NPT-FR,Correlation,0.11337242717009782
52,50,10,1000,linear,Marginal-FR,Marginal,5.853895472382296
52,50,10,1000,linear,Marginal-FR,Correlation,0.62812083267906
52,50,10,1000,linear,Gaussian-FR,Marginal,7.21574720680893
52,50,10,1000,linear,Gaussian-FR,Correlation,0.12183620152941804
53,50,10,1000,linear,NPT-FR,Marginal,6.025637249903732
53,50,10,1000,linear,NPT-FR,Correlation,0.114654055179487
53,50,10,1000,linear,Marginal-FR,Marginal,6.025637249903732
53,50,10,1000,linear,Marginal-FR,Correlation,0.6534439825348534
53,50,10,1000,linear,Gaussian-FR,Marginal,7.388247012543024
53,50,10,1000,linear,Gaussian-FR,Correlation,0.122782162739402
54,50,10,1000,linear,NPT-FR,Marginal,5.964324818792625
54,50,10,1000,linear,NPT-FR,Correlation,0.11431476237447066
54,50,10,1000,linear,Marginal-FR,Marginal,5.964324818792625
54,50,10,1000,linear,Marginal-FR,Correlation,0.6419092705831185
54,50,10,1000,linear,Gaussian-FR,Marginal,7.339822369216054
54,50,10,1000,linear,Gaussian-FR,Correlation,0.1225450737399174
55,50,10,1000,linear,NPT-FR,Marginal,5.95140236495144
55,50,10,1000,linear,NPT-FR,Correlation,0.11757927203451743
55,50,10,1000,linear,Marginal-FR,Marginal,5.95140236495144
55,50,10,1000,linear,Marginal-FR,Correlation,0.6334915100830673
55,50,10,1000,linear,Gaussian-FR,Marginal,7.319965793673144
55,50,10,1000,linear,Gaussian-FR,Correlation,0.12850600412600655
56,50,10,1000,linear,NPT-FR,Marginal,6.23514040668848
56,50,10,1000,linear,NPT-FR,Correlation,0.11570961580344291
56,50,10,1000,linear,Marginal-FR,Marginal,6.23514040668848
56,50,10,1000,linear,Marginal-FR,Correlation,0.6341975676577928
56,50,10,1000,linear,Gaussian-FR,Marginal,7.635928838036793
56,50,10,1000,linear,Gaussian-FR,Correlation,0.12485937916012324
57,50,10,1000,linear,NPT-FR,Marginal,6.102486650927736
57,50,10,1000,linear,NPT-FR,Correlation,0.11731334215269758
57,50,10,1000,linear,Marginal-FR,Marginal,6.102486650927736
57,50,10,1000,linear,Marginal-FR,Correlation,0.6274295741921491
57,50,10,1000,linear,Gaussian-FR,Marginal,7.5889524581215655
57,50,10,1000,linear,Gaussian-FR,Correlation,0.125509095525479
58,50,10,1000,linear,NPT-FR,Marginal,5.862535200638144
58,50,10,1000,linear,NPT-FR,Correlation,0.11454354412191242
58,50,10,1000,linear,Marginal-FR,Marginal,5.862535200638144
58,50,10,1000,linear,Marginal-FR,Correlation,0.6361024342976718
58,50,10,1000,linear,Gaussian-FR,Marginal,7.21463351961705
58,50,10,1000,linear,Gaussian-FR,Correlation,0.12046318898037708
59,50,10,1000,linear,NPT-FR,Marginal,6.548813690623019
59,50,10,1000,linear,NPT-FR,Correlation,0.1166027955832426
59,50,10,1000,linear,Marginal-FR,Marginal,6.548813690623019
59,50,10,1000,linear,Marginal-FR,Correlation,0.6519212042969961
59,50,10,1000,linear,Gaussian-FR,Marginal,7.96073561489991
59,50,10,1000,linear,Gaussian-FR,Correlation,0.12681191142753465
60,50,10,1000,linear,NPT-FR,Marginal,6.043023872920008
60,50,10,1000,linear,NPT-FR,Correlation,0.11796009783479156
60,50,10,1000,linear,Marginal-FR,Marginal,6.043023872920008
60,50,10,1000,linear,Marginal-FR,Correlation,0.6095750366415681
60,50,10,1000,linear,Gaussian-FR,Marginal,7.33466340498984
60,50,10,1000,linear,Gaussian-FR,Correlation,0.12719075209917705
61,50,10,1000,linear,NPT-FR,Marginal,6.080309171616942
61,50,10,1000,linear,NPT-FR,Correlation,0.11693990077920585
61,50,10,1000,linear,Marginal-FR,Marginal,6.080309171616942
61,50,10,1000,linear,Marginal-FR,Correlation,0.6473109399878265
61,50,10,1000,linear,Gaussian-FR,Marginal,7.527323543262007
61,50,10,1000,linear,Gaussian-FR,Correlation,0.12708695149524668
62,50,10,1000,linear,NPT-FR,Marginal,6.190111433834473
62,50,10,1000,linear,NPT-FR,Correlation,0.11243853292374312
62,50,10,1000,linear,Marginal-FR,Marginal,6.190111433834473
62,50,10,1000,linear,Marginal-FR,Correlation,0.6182724175842857
62,50,10,1000,linear,Gaussian-FR,Marginal,7.645793496017727
62,50,10,1000,linear,Gaussian-FR,Correlation,0.12388181460028624
63,50,10,1000,linear,NPT-FR,Marginal,5.781830561524598
63,50,10,1000,linear,NPT-FR,Correlation,0.11681607948810396
63,50,10,1000,linear,Marginal-FR,Marginal,5.781830561524598
63,50,10,1000,linear,Marginal-FR,Correlation,0.6231018526169155
63,50,10,1000,linear,Gaussian-FR,Marginal,7.160304560764693
63,50,10,1000,linear,Gaussian-FR,Correlation,0.1259381690497252
64,50,10,1000,linear,NPT-FR,Marginal,5.876662705066603
64,50,10,1000,linear,NPT-FR,Correlation,0.11430833512605526
64,50,10,1000,linear,Marginal-FR,Marginal,5.876662705066603
64,50,10,1000,linear,Marginal-FR,Correlation,0.6279897824900316
64,50,10,1000,linear,Gaussian-FR,Marginal,7.222623092223117
64,50,10,1000,linear,Gaussian-FR,Correlation,0.12673182496746954
65,50,10,1000,linear,NPT-FR,Marginal,5.697378275978407
65,50,10,1000,linear,NPT-FR,Correlation,0.11758071760393825
65,50,10,1000,linear,Marginal-FR,Marginal,5.697378275978407
65,50,10,1000,linear,Marginal-FR,Correlation,0.6301296719565791
65,50,10,1000,linear,Gaussian-FR,Marginal,7.087568657972592
65,50,10,1000,linear,Gaussian-FR,Correlation,0.12223939265048153
66,50,10,1000,linear,NPT-FR,Marginal,5.730897824995505
66,50,10,1000,linear,NPT-FR,Correlation,0.11609629662623495
66,50,10,1000,linear,Marginal-FR,Marginal,5.730897824995505
66,50,10,1000,linear,Marginal-FR,Correlation,0.6441379930048788
66,50,10,1000,linear,Gaussian-FR,Marginal,7.176588961559015
66,50,10,1000,linear,Gaussian-FR,Correlation,0.12362442029933254
67,50,10,1000,linear,NPT-FR,Marginal,5.889959330599567
67,50,10,1000,linear,NPT-FR,Correlation,0.11596206718550955
67,50,10,1000,linear,Marginal-FR,Marginal,5.889959330599567
67,50,10,1000,linear,Marginal-FR,Correlation,0.6481038825179494
67,50,10,1000,linear,Gaussian-FR,Marginal,7.278346484871112
67,50,10,1000,linear,Gaussian-FR,Correlation,0.1227342626388344
68,50,10,1000,linear,NPT-FR,Marginal,6.220127296002731
68,50,10,1000,linear,NPT-FR,Correlation,0.11839668222613339
68,50,10,1000,linear,Marginal-FR,Marginal,6.220127296002731
68,50,10,1000,linear,Marginal-FR,Correlation,0.6368167723206279
68,50,10,1000,linear,Gaussian-FR,Marginal,7.54230838509788
68,50,10,1000,linear,Gaussian-FR,Correlation,0.1307291063228496
69,50,10,1000,linear,NPT-FR,Marginal,5.955216974571632
69,50,10,1000,linear,NPT-FR,Correlation,0.1131910007793875
69,50,10,1000,linear,Marginal-FR,Marginal,5.955216974571632
69,50,10,1000,linear,Marginal-FR,Correlation,0.6322596174373698
69,50,10,1000,linear,Gaussian-FR,Marginal,7.282291580866975
69,50,10,1000,linear,Gaussian-FR,Correlation,0.12264664188905966
70,50,10,1000,linear,NPT-FR,Marginal,5.982389455828417
70,50,10,1000,linear,NPT-FR,Correlation,0.1149291617043861
70,50,10,1000,linear,Marginal-FR,Marginal,5.982389455828417
70,50,10,1000,linear,Marginal-FR,Correlation,0.6448434020074405
70,50,10,1000,linear,Gaussian-FR,Marginal,7.404166771780299
70,50,10,1000,linear,Gaussian-FR,Correlation,0.12236503953084758
71,50,10,1000,linear,NPT-FR,Marginal,5.9457882399911615
71,50,10,1000,linear,NPT-FR,Correlation,0.11663209882177003
71,50,10,1000,linear,Marginal-FR,Marginal,5.9457882399911615
71,50,10,1000,linear,Marginal-FR,Correlation,0.658433571530163
71,50,10,1000,linear,Gaussian-FR,Marginal,7.382104315370043
71,50,10,1000,linear,Gaussian-FR,Correlation,0.12556303497092297
72,50,10,1000,linear,NPT-FR,Marginal,6.046314178055775
72,50,10,1000,linear,NPT-FR,Correlation,0.11545119417160964
72,50,10,1000,linear,Marginal-FR,Marginal,6.046314178055775
72,50,10,1000,linear,Marginal-FR,Correlation,0.6463631407573032
72,50,10,1000,linear,Gaussian-FR,Marginal,7.375196005883694
72,50,10,1000,linear,Gaussian-FR,Correlation,0.12259826897517465
73,50,10,1000,linear,NPT-FR,Marginal,6.061514054731015
73,50,10,1000,linear,NPT-FR,Correlation,0.11607582617077401
73,50,10,1000,linear,Marginal-FR,Marginal,6.061514054731015
73,50,10,1000,linear,Marginal-FR,Correlation,0.6585842301342738
73,50,10,1000,linear,Gaussian-FR,Marginal,7.409144332218022
73,50,10,1000,linear,Gaussian-FR,Correlation,0.12210851888479558
74,50,10,1000,linear,NPT-FR,Marginal,5.885251305907204
74,50,10,1000,linear,NPT-FR,Correlation,0.11537809261729237
74,50,10,1000,linear,Marginal-FR,Marginal,5.885251305907204
74,50,10,1000,linear,Marginal-FR,Correlation,0.6330236084214959
74,50,10,1000,linear,Gaussian-FR,Marginal,7.248542078255214
74,50,10,1000,linear,Gaussian-FR,Correlation,0.12551863475533226
75,50,10,1000,linear,NPT-FR,Marginal,5.983110568766529
75,50,10,1000,linear,NPT-FR,Correlation,0.11631427982293764
75,50,10,1000,linear,Marginal-FR,Marginal,5.983110568766529
75,50,10,1000,linear,Marginal-FR,Correlation,0.658952984046607
75,50,10,1000,linear,Gaussian-FR,Marginal,7.431784203830939
75,50,10,1000,linear,Gaussian-FR,Correlation,0.12550481417778409
76,50,10,1000,linear,NPT-FR,Marginal,5.94186974993587
76,50,10,1000,linear,NPT-FR,Correlation,0.11640266251776481
76,50,10,1000,linear,Marginal-FR,Marginal,5.94186974993587
76,50,10,1000,linear,Marginal-FR,Correlation,0.6218142170790741
76,50,10,1000,linear,Gaussian-FR,Marginal,7.400900282506447
76,50,10,1000,linear,Gaussian-FR,Correlation,0.1251625818051398
77,50,10,1000,linear,NPT-FR,Marginal,6.106409281179749
77,50,10,1000,linear,NPT-FR,Correlation,0.11668872254178687
77,50,10,1000,linear,Marginal-FR,Marginal,6.106409281179749
77,50,10,1000,linear,Marginal-FR,Correlation,0.6445881193495667
77,50,10,1000,linear,Gaussian-FR,Marginal,7.47237056373322
77,50,10,1000,linear,Gaussian-FR,Correlation,0.12613673320504712
78,50,10,1000,linear,NPT-FR,Marginal,5.671283197292566
78,50,10,1000,linear,NPT-FR,Correlation,0.11512759359415813
78,50,10,1000,linear,Marginal-FR,Marginal,5.671283197292566
78,50,10,1000,linear,Marginal-FR,Correlation,0.6424130993018562
78,50,10,1000,linear,Gaussian-FR,Marginal,7.029133925072872
78,50,10,1000,linear,Gaussian-FR,Correlation,0.12280398922052235
79,50,10,1000,linear,NPT-FR,Marginal,6.032973955511539
79,50,10,1000,linear,NPT-FR,Correlation,0.11446326699356636
79,50,10,1000,linear,Marginal-FR,Marginal,6.032973955511539
79,50,10,1000,linear,Marginal-FR,Correlation,0.6059751317857672
79,50,10,1000,linear,Gaussian-FR,Marginal,7.448709201796687
79,50,10,1000,linear,Gaussian-FR,Correlation,0.12168484669632562
80,50,10,1000,linear,NPT-FR,Marginal,6.128521794938637
80,50,10,1000,linear,NPT-FR,Correlation,0.11752210850751708
80,50,10,1000,linear,Marginal-FR,Marginal,6.128521794938637
80,50,10,1000,linear,Marginal-FR,Correlation,0.6577295062097959
80,50,10,1000,linear,Gaussian-FR,Marginal,7.556597141542795
80,50,10,1000,linear,Gaussian-FR,Correlation,0.12224489003975743
81,50,10,1000,linear,NPT-FR,Marginal,5.964671374938274
81,50,10,1000,linear,NPT-FR,Correlation,0.11459039974034949
81,50,10,1000,linear,Marginal-FR,Marginal,5.964671374938274
81,50,10,1000,linear,Marginal-FR,Correlation,0.6458668762900941
81,50,10,1000,linear,Gaussian-FR,Marginal,7.339009847584933
81,50,10,1000,linear,Gaussian-FR,Correlation,0.12319376102482339
82,50,10,1000,linear,NPT-FR,Marginal,5.797060356443691
82,50,10,1000,linear,NPT-FR,Correlation,0.11581447533797015
82,50,10,1000,linear,Marginal-FR,Marginal,5.797060356443691
82,50,10,1000,linear,Marginal-FR,Correlation,0.6429443790519347
82,50,10,1000,linear,Gaussian-FR,Marginal,7.159485880930933
82,50,10,1000,linear,Gaussian-FR,Correlation,0.12268218766178185
83,50,10,1000,linear,NPT-FR,Marginal,6.05204201119228
83,50,10,1000,linear,NPT-FR,Correlation,0.1139525101120526
83,50,10,1000,linear,Marginal-FR,Marginal,6.05204201119228
83,50,10,1000,linear,Marginal-FR,Correlation,0.624587157409779
83,50,10,1000,linear,Gaussian-FR,Marginal,7.4678255433186775
83,50,10,1000,linear,Gaussian-FR,Correlation,0.12295749442104088
84,50,10,1000,linear,NPT-FR,Marginal,6.274152273000312
84,50,10,1000,linear,NPT-FR,Correlation,0.11783264173867318
84,50,10,1000,linear,Marginal-FR,Marginal,6.274152273000312
84,50,10,1000,linear,Marginal-FR,Correlation,0.6529929835372795
84,50,10,1000,linear,Gaussian-FR,Marginal,7.76186869078159
84,50,10,1000,linear,Gaussian-FR,Correlation,0.12634385875695014
85,50,10,1000,linear,NPT-FR,Marginal,6.140346155382062
85,50,10,1000,linear,NPT-FR,Correlation,0.11568731750138465
85,50,10,1000,linear,Marginal-FR,Marginal,6.140346155382062
85,50,10,1000,linear,Marginal-FR,Correlation,0.6330629967735178
85,50,10,1000,linear,Gaussian-FR,Marginal,7.6099290962232145
85,50,10,1000,linear,Gaussian-FR,Correlation,0.12452617545320098
86,50,10,1000,linear,NPT-FR,Marginal,5.963139163053452
86,50,10,1000,linear,NPT-FR,Correlation,0.11509086316053965
86,50,10,1000,linear,Marginal-FR,Marginal,5.963139163053452
86,50,10,1000,linear,Marginal-FR,Correlation,0.6374782026463587
86,50,10,1000,linear,Gaussian-FR,Marginal,7.34698014036794
86,50,10,1000,linear,Gaussian-FR,Correlation,0.1262914698845887
87,50,10,1000,linear,NPT-FR,Marginal,6.22788197995676
87,50,10,1000,linear,NPT-FR,Correlation,0.11601685821887457
87,50,10,1000,linear,Marginal-FR,Marginal,6.22788197995676
87,50,10,1000,linear,Marginal-FR,Correlation,0.6578295035947982
87,50,10,1000,linear,Gaussian-FR,Marginal,7.723193640490628
87,50,10,1000,linear,Gaussian-FR,Correlation,0.12858478309948046
88,50,10,1000,linear,NPT-FR,Marginal,5.831279765648318
88,50,10,1000,linear,NPT-FR,Correlation,0.11454889092216848
88,50,10,1000,linear,Marginal-FR,Marginal,5.831279765648318
88,50,10,1000,linear,Marginal-FR,Correlation,0.6243872683301366
88,50,10,1000,linear,Gaussian-FR,Marginal,7.207263442290774
88,50,10,1000,linear,Gaussian-FR,Correlation,0.12367598097275408
89,50,10,1000,linear,NPT-FR,Marginal,5.754646518788379
89,50,10,1000,linear,NPT-FR,Correlation,0.11778131966704487
89,50,10,1000,linear,Marginal-FR,Marginal,5.754646518788379
89,50,10,1000,linear,Marginal-FR,Correlation,0.6318293862495052
89,50,10,1000,linear,Gaussian-FR,Marginal,7.090851160893527
89,50,10,1000,linear,Gaussian-FR,Correlation,0.12416364219098809
90,50,10,1000,linear,NPT-FR,Marginal,5.919826983657451
90,50,10,1000,linear,NPT-FR,Correlation,0.11559740179637497
90,50,10,1000,linear,Marginal-FR,Marginal,5.919826983657451
90,50,10,1000,linear,Marginal-FR,Correlation,0.6315945783662529
90,50,10,1000,linear,Gaussian-FR,Marginal,7.317148745387965
90,50,10,1000,linear,Gaussian-FR,Correlation,0.12587981153998468
91,50,10,1000,linear,NPT-FR,Marginal,6.331953202940021
91,50,10,1000,linear,NPT-FR,Correlation,0.11684362854003086
91,50,10,1000,linear,Marginal-FR,Marginal,6.331953202940021
91,50,10,1000,linear,Marginal-FR,Correlation,0.671009429642529
91,50,10,1000,linear,Gaussian-FR,Marginal,7.787023027164743
91,50,10,1000,linear,Gaussian-FR,Correlation,0.12565323498925932
92,50,10,1000,linear,NPT-FR,Marginal,6.037878007197036
92,50,10,1000,linear,NPT-FR,Correlation,0.11635110369556753
92,50,10,1000,linear,Marginal-FR,Marginal,6.037878007197036
92,50,10,1000,linear,Marginal-FR,Correlation,0.6129483551866675
92,50,10,1000,linear,Gaussian-FR,Marginal,7.410399570237024
92,50,10,1000,linear,Gaussian-FR,Correlation,0.1250955798076763
93,50,10,1000,linear,NPT-FR,Marginal,6.166856111532054
93,50,10,1000,linear,NPT-FR,Correlation,0.11840222798302202
93,50,10,1000,linear,Marginal-FR,Marginal,6.166856111532054
93,50,10,1000,linear,Marginal-FR,Correlation,0.643174592539453
93,50,10,1000,linear,Gaussian-FR,Marginal,7.516292465917727
93,50,10,1000,linear,Gaussian-FR,Correlation,0.12506003882819627
94,50,10,1000,linear,NPT-FR,Marginal,5.937897750588315
94,50,10,1000,linear,NPT-FR,Correlation,0.11586221495272482
94,50,10,1000,linear,Marginal-FR,Marginal,5.937897750588315
94,50,10,1000,linear,Marginal-FR,Correlation,0.6379009693950576
94,50,10,1000,linear,Gaussian-FR,Marginal,7.358177943007786
94,50,10,1000,linear,Gaussian-FR,Correlation,0.12375610035012305
95,50,10,1000,linear,NPT-FR,Marginal,6.137458818279677
95,50,10,1000,linear,NPT-FR,Correlation,0.11793687747999769
95,50,10,1000,linear,Marginal-FR,Marginal,6.137458818279677
95,50,10,1000,linear,Marginal-FR,Correlation,0.6684991498913365
95,50,10,1000,linear,Gaussian-FR,Marginal,7.481497568084125
95,50,10,1000,linear,Gaussian-FR,Correlation,0.1278651704994707
96,50,10,1000,linear,NPT-FR,Marginal,6.240445541451224
96,50,10,1000,linear,NPT-FR,Correlation,0.11880335876599128
96,50,10,1000,linear,Marginal-FR,Marginal,6.240445541451224
96,50,10,1000,linear,Marginal-FR,Correlation,0.6518256109957016
96,50,10,1000,linear,Gaussian-FR,Marginal,7.72002590641268
96,50,10,1000,linear,Gaussian-FR,Correlation,0.12784589010061925
97,50,10,1000,linear,NPT-FR,Marginal,5.830806861541165
97,50,10,1000,linear,NPT-FR,Correlation,0.11426110656015347
97,50,10,1000,linear,Marginal-FR,Marginal,5.830806861541165
97,50,10,1000,linear,Marginal-FR,Correlation,0.6432823169408236
97,50,10,1000,linear,Gaussian-FR,Marginal,7.212592613513796
97,50,10,1000,linear,Gaussian-FR,Correlation,0.12285744982432513
98,50,10,1000,linear,NPT-FR,Marginal,5.88476304171203
98,50,10,1000,linear,NPT-FR,Correlation,0.1166371103475285
98,50,10,1000,linear,Marginal-FR,Marginal,5.88476304171203
98,50,10,1000,linear,Marginal-FR,Correlation,0.6519748786955842
98,50,10,1000,linear,Gaussian-FR,Marginal,7.275882667791288
98,50,10,1000,linear,Gaussian-FR,Correlation,0.1247922525995112
99,50,10,1000,linear,NPT-FR,Marginal,5.8503722112638705
99,50,10,1000,linear,NPT-FR,Correlation,0.11658365079661921
99,50,10,1000,linear,Marginal-FR,Marginal,5.8503722112638705
99,50,10,1000,linear,Marginal-FR,Correlation,0.6266033306489078
99,50,10,1000,linear,Gaussian-FR,Marginal,7.265300614495589
99,50,10,1000,linear,Gaussian-FR,Correlation,0.12279283793493785
0,100,10,100,linear,NPT-FR,Marginal,5.755729960346387
0,100,10,100,linear,NPT-FR,Correlation,0.11781415718879502
0,100,10,100,linear,Marginal-FR,Marginal,5.755729960346387
0,100,10,100,linear,Marginal-FR,Correlation,0.6310776287148941
0,100,10,100,linear,Gaussian-FR,Marginal,7.010933846876233
0,100,10,100,linear,Gaussian-FR,Correlation,0.12408680085198023
1,100,10,100,linear,NPT-FR,Marginal,5.8337823353198095
1,100,10,100,linear,NPT-FR,Correlation,0.11917966857299848
1,100,10,100,linear,Marginal-FR,Marginal,5.8337823353198095
1,100,10,100,linear,Marginal-FR,Correlation,0.628291989094853
1,100,10,100,linear,Gaussian-FR,Marginal,7.160582079609559
1,100,10,100,linear,Gaussian-FR,Correlation,0.12461658881976183
2,100,10,100,linear,NPT-FR,Marginal,5.793022821357004
2,100,10,100,linear,NPT-FR,Correlation,0.11978232572517547
2,100,10,100,linear,Marginal-FR,Marginal,5.793022821357004
2,100,10,100,linear,Marginal-FR,Correlation,0.6627063238106335
2,100,10,100,linear,Gaussian-FR,Marginal,7.018955484375593
2,100,10,100,linear,Gaussian-FR,Correlation,0.12545583130312257
3,100,10,100,linear,NPT-FR,Marginal,5.680930357146979
3,100,10,100,linear,NPT-FR,Correlation,0.12131668991153179
3,100,10,100,linear,Marginal-FR,Marginal,5.680930357146979
3,100,10,100,linear,Marginal-FR,Correlation,0.6307159207408081
3,100,10,100,linear,Gaussian-FR,Marginal,6.99206314798583
3,100,10,100,linear,Gaussian-FR,Correlation,0.12359057691388634
4,100,10,100,linear,NPT-FR,Marginal,5.778557527559665
4,100,10,100,linear,NPT-FR,Correlation,0.11924277910548733
4,100,10,100,linear,Marginal-FR,Marginal,5.778557527559665
4,100,10,100,linear,Marginal-FR,Correlation,0.6342781688251236
4,100,10,100,linear,Gaussian-FR,Marginal,7.072098046383763
4,100,10,100,linear,Gaussian-FR,Correlation,0.12279827403756602
5,100,10,100,linear,NPT-FR,Marginal,5.9448173756716205
5,100,10,100,linear,NPT-FR,Correlation,0.11886836475913334
5,100,10,100,linear,Marginal-FR,Marginal,5.9448173756716205
5,100,10,100,linear,Marginal-FR,Correlation,0.6568154887211113
5,100,10,100,linear,Gaussian-FR,Marginal,7.283723384088087
5,100,10,100,linear,Gaussian-FR,Correlation,0.12454761844300569
6,100,10,100,linear,NPT-FR,Marginal,5.588922119568457
6,100,10,100,linear,NPT-FR,Correlation,0.11961377980681714
6,100,10,100,linear,Marginal-FR,Marginal,5.588922119568457
6,100,10,100,linear,Marginal-FR,Correlation,0.6324896537546709
6,100,10,100,linear,Gaussian-FR,Marginal,6.92103042074959
6,100,10,100,linear,Gaussian-FR,Correlation,0.12196469765918846
7,100,10,100,linear,NPT-FR,Marginal,6.044440904058467
7,100,10,100,linear,NPT-FR,Correlation,0.12209291717990786
7,100,10,100,linear,Marginal-FR,Marginal,6.044440904058467
7,100,10,100,linear,Marginal-FR,Correlation,0.6241471479157569
7,100,10,100,linear,Gaussian-FR,Marginal,7.44795033653664
7,100,10,100,linear,Gaussian-FR,Correlation,0.12330634298933395
8,100,10,100,linear,NPT-FR,Marginal,6.063572829415437
8,100,10,100,linear,NPT-FR,Correlation,0.11811630457988133
8,100,10,100,linear,Marginal-FR,Marginal,6.063572829415437
8,100,10,100,linear,Marginal-FR,Correlation,0.6426981514790526
8,100,10,100,linear,Gaussian-FR,Marginal,7.410331218197666
8,100,10,100,linear,Gaussian-FR,Correlation,0.12065475937288392
9,100,10,100,linear,NPT-FR,Marginal,5.924542132651398
9,100,10,100,linear,NPT-FR,Correlation,0.11878849412611338
9,100,10,100,linear,Marginal-FR,Marginal,5.924542132651398
9,100,10,100,linear,Marginal-FR,Correlation,0.6266688993141313
9,100,10,100,linear,Gaussian-FR,Marginal,7.0954311290111844
9,100,10,100,linear,Gaussian-FR,Correlation,0.1266804042980768
10,100,10,100,linear,NPT-FR,Marginal,5.830276076068961
10,100,10,100,linear,NPT-FR,Correlation,0.12027663239172003
10,100,10,100,linear,Marginal-FR,Marginal,5.830276076068961
10,100,10,100,linear,Marginal-FR,Correlation,0.639541782133315
10,100,10,100,linear,Gaussian-FR,Marginal,7.1342201591207015
10,100,10,100,linear,Gaussian-FR,Correlation,0.12508919995687268
11,100,10,100,linear,NPT-FR,Marginal,5.686187370959761
11,100,10,100,linear,NPT-FR,Correlation,0.11622112755227167
11,100,10,100,linear,Marginal-FR,Marginal,5.686187370959761
11,100,10,100,linear,Marginal-FR,Correlation,0.6094316449861756
11,100,10,100,linear,Gaussian-FR,Marginal,7.034653525120298
11,100,10,100,linear,Gaussian-FR,Correlation,0.12111722358029176
12,100,10,100,linear,NPT-FR,Marginal,5.88304225682942
12,100,10,100,linear,NPT-FR,Correlation,0.12020295674444009
12,100,10,100,linear,Marginal-FR,Marginal,5.88304225682942
12,100,10,100,linear,Marginal-FR,Correlation,0.6531708941755361
12,100,10,100,linear,Gaussian-FR,Marginal,7.235217960852905
12,100,10,100,linear,Gaussian-FR,Correlation,0.12357647276450151
13,100,10,100,linear,NPT-FR,Marginal,5.834221683027305
13,100,10,100,linear,NPT-FR,Correlation,0.11386297370391744
13,100,10,100,linear,Marginal-FR,Marginal,5.834221683027305
13,100,10,100,linear,Marginal-FR,Correlation,0.6106371759506127
13,100,10,100,linear,Gaussian-FR,Marginal,7.2231375608854576
13,100,10,100,linear,Gaussian-FR,Correlation,0.11846720764270861
14,100,10,100,linear,NPT-FR,Marginal,6.075734866166631
14,100,10,100,linear,NPT-FR,Correlation,0.1200341775282213
14,100,10,100,linear,Marginal-FR,Marginal,6.075734866166631
14,100,10,100,linear,Marginal-FR,Correlation,0.658816612191482
14,100,10,100,linear,Gaussian-FR,Marginal,7.441009608700243
14,100,10,100,linear,Gaussian-FR,Correlation,0.1244979447013807
15,100,10,100,linear,NPT-FR,Marginal,5.815539806412803
15,100,10,100,linear,NPT-FR,Correlation,0.12020456854427047
15,100,10,100,linear,Marginal-FR,Marginal,5.815539806412803
15,100,10,100,linear,Marginal-FR,Correlation,0.6247550454903378
15,100,10,100,linear,Gaussian-FR,Marginal,7.150766787354238
15,100,10,100,linear,Gaussian-FR,Correlation,0.12448526425312743
16,100,10,100,linear,NPT-FR,Marginal,5.696397055752881
16,100,10,100,linear,NPT-FR,Correlation,0.12112970503973357
16,100,10,100,linear,Marginal-FR,Marginal,5.696397055752881
16,100,10,100,linear,Marginal-FR,Correlation,0.6552061056808605
16,100,10,100,linear,Gaussian-FR,Marginal,7.088106785917485
16,100,10,100,linear,Gaussian-FR,Correlation,0.12515111384855945
17,100,10,100,linear,NPT-FR,Marginal,5.814155653518272
17,100,10,100,linear,NPT-FR,Correlation,0.12038305790886172
17,100,10,100,linear,Marginal-FR,Marginal,5.814155653518272
17,100,10,100,linear,Marginal-FR,Correlation,0.6708937903349803
17,100,10,100,linear,Gaussian-FR,Marginal,7.145868063755391
17,100,10,100,linear,Gaussian-FR,Correlation,0.12431407120695952
18,100,10,100,linear,NPT-FR,Marginal,5.895382963960712
18,100,10,100,linear,NPT-FR,Correlation,0.11838848236317483
18,100,10,100,linear,Marginal-FR,Marginal,5.895382963960712
18,100,10,100,linear,Marginal-FR,Correlation,0.6477310594811285
18,100,10,100,linear,Gaussian-FR,Marginal,7.134574892344733
18,100,10,100,linear,Gaussian-FR,Correlation,0.12503729287359666
19,100,10,100,linear,NPT-FR,Marginal,5.794998062460842
19,100,10,100,linear,NPT-FR,Correlation,0.12261474305278572
19,100,10,100,linear,Marginal-FR,Marginal,5.794998062460842
19,100,10,100,linear,Marginal-FR,Correlation,0.6554689236470843
19,100,10,100,linear,Gaussian-FR,Marginal,7.077219154536929
19,100,10,100,linear,Gaussian-FR,Correlation,0.12771992916881092
20,100,10,100,linear,NPT-FR,Marginal,5.814035154155661
20,100,10,100,linear,NPT-FR,Correlation,0.12284735586351365
20,100,10,100,linear,Marginal-FR,Marginal,5.814035154155661
20,100,10,100,linear,Marginal-FR,Correlation,0.6345785026115149
20,100,10,100,linear,Gaussian-FR,Marginal,7.1685719580335245
20,100,10,100,linear,Gaussian-FR,Correlation,0.1250974196717353
21,100,10,100,linear,NPT-FR,Marginal,5.597854853549092
21,100,10,100,linear,NPT-FR,Correlation,0.11985728140392447
21,100,10,100,linear,Marginal-FR,Marginal,5.597854853549092
21,100,10,100,linear,Marginal-FR,Correlation,0.6285328517083907
21,100,10,100,linear,Gaussian-FR,Marginal,6.953029432559438
21,100,10,100,linear,Gaussian-FR,Correlation,0.12487657903390531
22,100,10,100,linear,NPT-FR,Marginal,5.876881952051699
22,100,10,100,linear,NPT-FR,Correlation,0.11950239445445501
22,100,10,100,linear,Marginal-FR,Marginal,5.876881952051699
22,100,10,100,linear,Marginal-FR,Correlation,0.6395777339265948
22,100,10,100,linear,Gaussian-FR,Marginal,7.170294123378125
22,100,10,100,linear,Gaussian-FR,Correlation,0.12330250232518294
23,100,10,100,linear,NPT-FR,Marginal,5.748713148678073
23,100,10,100,linear,NPT-FR,Correlation,0.11699999417873304
23,100,10,100,linear,Marginal-FR,Marginal,5.748713148678073
23,100,10,100,linear,Marginal-FR,Correlation,0.6325888618484785
23,100,10,100,linear,Gaussian-FR,Marginal,7.057181324829424
23,100,10,100,linear,Gaussian-FR,Correlation,0.12383745085191086
24,100,10,100,linear,NPT-FR,Marginal,5.811728119736918
24,100,10,100,linear,NPT-FR,Correlation,0.11836980508526827
24,100,10,100,linear,Marginal-FR,Marginal,5.811728119736918
24,100,10,100,linear,Marginal-FR,Correlation,0.6483747461036091
24,100,10,100,linear,Gaussian-FR,Marginal,7.179223617555702
24,100,10,100,linear,Gaussian-FR,Correlation,0.12314992547934801
25,100,10,100,linear,NPT-FR,Marginal,5.890073764072392
25,100,10,100,linear,NPT-FR,Correlation,0.11808242227844343
25,100,10,100,linear,Marginal-FR,Marginal,5.890073764072392
25,100,10,100,linear,Marginal-FR,Correlation,0.6486945100939274
25,100,10,100,linear,Gaussian-FR,Marginal,7.204267296957028
25,100,10,100,linear,Gaussian-FR,Correlation,0.12561020109075308
26,100,10,100,linear,NPT-FR,Marginal,5.903583466690632
26,100,10,100,linear,NPT-FR,Correlation,0.11968703632464005
26,100,10,100,linear,Marginal-FR,Marginal,5.903583466690632
26,100,10,100,linear,Marginal-FR,Correlation,0.6326891648558912
26,100,10,100,linear,Gaussian-FR,Marginal,7.248650834300672
26,100,10,100,linear,Gaussian-FR,Correlation,0.12480112467993949
27,100,10,100,linear,NPT-FR,Marginal,5.863707604745509
27,100,10,100,linear,NPT-FR,Correlation,0.12123293309939356
27,100,10,100,linear,Marginal-FR,Marginal,5.863707604745509
27,100,10,100,linear,Marginal-FR,Correlation,0.6704403074672474
27,100,10,100,linear,Gaussian-FR,Marginal,7.155578379113872
27,100,10,100,linear,Gaussian-FR,Correlation,0.1263685942873277
28,100,10,100,linear,NPT-FR,Marginal,6.040871320880653
28,100,10,100,linear,NPT-FR,Correlation,0.1207763610041067
28,100,10,100,linear,Marginal-FR,Marginal,6.040871320880653
28,100,10,100,linear,Marginal-FR,Correlation,0.6260379020821895
28,100,10,100,linear,Gaussian-FR,Marginal,7.39827499944312
28,100,10,100,linear,Gaussian-FR,Correlation,0.12424790717152381
29,100,10,100,linear,NPT-FR,Marginal,5.709052990509176
29,100,10,100,linear,NPT-FR,Correlation,0.11827105917338349
29,100,10,100,linear,Marginal-FR,Marginal,5.709052990509176
29,100,10,100,linear,Marginal-FR,Correlation,0.6190611434809885
29,100,10,100,linear,Gaussian-FR,Marginal,7.001208122564856
29,100,10,100,linear,Gaussian-FR,Correlation,0.12453638335626212
30,100,10,100,linear,NPT-FR,Marginal,6.0219137958015025
30,100,10,100,linear,NPT-FR,Correlation,0.11835021596979249
30,100,10,100,linear,Marginal-FR,Marginal,6.0219137958015025
30,100,10,100,linear,Marginal-FR,Correlation,0.6252131193362503
30,100,10,100,linear,Gaussian-FR,Marginal,7.294670896586031
30,100,10,100,linear,Gaussian-FR,Correlation,0.12196656651666751
31,100,10,100,linear,NPT-FR,Marginal,5.817992092095703
31,100,10,100,linear,NPT-FR,Correlation,0.12024883092581168
31,100,10,100,linear,Marginal-FR,Marginal,5.817992092095703
31,100,10,100,linear,Marginal-FR,Correlation,0.6551154136796254
31,100,10,100,linear,Gaussian-FR,Marginal,7.2191628747624295
31,100,10,100,linear,Gaussian-FR,Correlation,0.1252353595281045
32,100,10,100,linear,NPT-FR,Marginal,5.992762694100183
32,100,10,100,linear,NPT-FR,Correlation,0.11650054261762645
32,100,10,100,linear,Marginal-FR,Marginal,5.992762694100183
32,100,10,100,linear,Marginal-FR,Correlation,0.6313110475385223
32,100,10,100,linear,Gaussian-FR,Marginal,7.340350371127002
32,100,10,100,linear,Gaussian-FR,Correlation,0.12621683709815262
33,100,10,100,linear,NPT-FR,Marginal,6.024554352326111
33,100,10,100,linear,NPT-FR,Correlation,0.12001273263223225
33,100,10,100,linear,Marginal-FR,Marginal,6.024554352326111
33,100,10,100,linear,Marginal-FR,Correlation,0.6502858735411507
33,100,10,100,linear,Gaussian-FR,Marginal,7.402516145726587
33,100,10,100,linear,Gaussian-FR,Correlation,0.12508602151762796
34,100,10,100,linear,NPT-FR,Marginal,5.628670701198648
34,100,10,100,linear,NPT-FR,Correlation,0.12093598891794952
34,100,10,100,linear,Marginal-FR,Marginal,5.628670701198648
34,100,10,100,linear,Marginal-FR,Correlation,0.6577015511047859
34,100,10,100,linear,Gaussian-FR,Marginal,6.992432958899411
34,100,10,100,linear,Gaussian-FR,Correlation,0.12882678928736
35,100,10,100,linear,NPT-FR,Marginal,5.871422524819642
35,100,10,100,linear,NPT-FR,Correlation,0.11955522361774981
35,100,10,100,linear,Marginal-FR,Marginal,5.871422524819642
35,100,10,100,linear,Marginal-FR,Correlation,0.6321123775408097
35,100,10,100,linear,Gaussian-FR,Marginal,7.146228193582256
35,100,10,100,linear,Gaussian-FR,Correlation,0.12389873589885249
36,100,10,100,linear,NPT-FR,Marginal,5.965010231480501
36,100,10,100,linear,NPT-FR,Correlation,0.11800479935697168
36,100,10,100,linear,Marginal-FR,Marginal,5.965010231480501
36,100,10,100,linear,Marginal-FR,Correlation,0.6522224124967364
36,100,10,100,linear,Gaussian-FR,Marginal,7.312240672065786
36,100,10,100,linear,Gaussian-FR,Correlation,0.1259988896141964
37,100,10,100,linear,NPT-FR,Marginal,5.805763887020664
37,100,10,100,linear,NPT-FR,Correlation,0.12132930332727675
37,100,10,100,linear,Marginal-FR,Marginal,5.805763887020664
37,100,10,100,linear,Marginal-FR,Correlation,0.6551947442431248
37,100,10,100,linear,Gaussian-FR,Marginal,7.109572281616141
37,100,10,100,linear,Gaussian-FR,Correlation,0.12614154501921646
38,100,10,100,linear,NPT-FR,Marginal,5.960934975072649
38,100,10,100,linear,NPT-FR,Correlation,0.12082698473552272
38,100,10,100,linear,Marginal-FR,Marginal,5.960934975072649
38,100,10,100,linear,Marginal-FR,Correlation,0.6371019143195713
38,100,10,100,linear,Gaussian-FR,Marginal,7.2919768916220615
38,100,10,100,linear,Gaussian-FR,Correlation,0.1304445861874871
39,100,10,100,linear,NPT-FR,Marginal,5.818429689158094
39,100,10,100,linear,NPT-FR,Correlation,0.11720111298060058
39,100,10,100,linear,Marginal-FR,Marginal,5.818429689158094
39,100,10,100,linear,Marginal-FR,Correlation,0.648587878456377
39,100,10,100,linear,Gaussian-FR,Marginal,7.119641252457377
39,100,10,100,linear,Gaussian-FR,Correlation,0.12262759227405906
40,100,10,100,linear,NPT-FR,Marginal,5.8731383358153675
40,100,10,100,linear,NPT-FR,Correlation,0.11717722756130874
40,100,10,100,linear,Marginal-FR,Marginal,5.8731383358153675
40,100,10,100,linear,Marginal-FR,Correlation,0.6226004736468048
40,100,10,100,linear,Gaussian-FR,Marginal,7.201143354536294
40,100,10,100,linear,Gaussian-FR,Correlation,0.12235870832762905
41,100,10,100,linear,NPT-FR,Marginal,5.940817077310626
41,100,10,100,linear,NPT-FR,Correlation,0.11994644247736869
41,100,10,100,linear,Marginal-FR,Marginal,5.940817077310626
41,100,10,100,linear,Marginal-FR,Correlation,0.6200753358075827
41,100,10,100,linear,Gaussian-FR,Marginal,7.277793104783863
41,100,10,100,linear,Gaussian-FR,Correlation,0.12534499732892782
42,100,10,100,linear,NPT-FR,Marginal,6.036777010747155
42,100,10,100,linear,NPT-FR,Correlation,0.12026208667501975
42,100,10,100,linear,Marginal-FR,Marginal,6.036777010747155
42,100,10,100,linear,Marginal-FR,Correlation,0.6432278714240697
42,100,10,100,linear,Gaussian-FR,Marginal,7.33272023457098
42,100,10,100,linear,Gaussian-FR,Correlation,0.12486887761301248
43,100,10,100,linear,NPT-FR,Marginal,5.840686063276491
43,100,10,100,linear,NPT-FR,Correlation,0.11938945495133851
43,100,10,100,linear,Marginal-FR,Marginal,5.840686063276491
43,100,10,100,linear,Marginal-FR,Correlation,0.6163829630126041
43,100,10,100,linear,Gaussian-FR,Marginal,7.13228175224326
43,100,10,100,linear,Gaussian-FR,Correlation,0.126351325769379
44,100,10,100,linear,NPT-FR,Marginal,5.898259378045442
44,100,10,100,linear,NPT-FR,Correlation,0.11940002951841927
44,100,10,100,linear,Marginal-FR,Marginal,5.898259378045442
44,100,10,100,linear,Marginal-FR,Correlation,0.6359936280200764
44,100,10,100,linear,Gaussian-FR,Marginal,7.239010839092373
44,100,10,100,linear,Gaussian-FR,Correlation,0.12719923584149373
45,100,10,100,linear,NPT-FR,Marginal,5.823739280269182
45,100,10,100,linear,NPT-FR,Correlation,0.12017710654384212
45,100,10,100,linear,Marginal-FR,Marginal,5.823739280269182
45,100,10,100,linear,Marginal-FR,Correlation,0.6734949778322725
45,100,10,100,linear,Gaussian-FR,Marginal,7.1365029732172705
45,100,10,100,linear,Gaussian-FR,Correlation,0.1301959950368732
46,100,10,100,linear,NPT-FR,Marginal,6.122222797103147
46,100,10,100,linear,NPT-FR,Correlation,0.11828674644389844
46,100,10,100,linear,Marginal-FR,Marginal,6.122222797103147
46,100,10,100,linear,Marginal-FR,Correlation,0.6208748108492314
46,100,10,100,linear,Gaussian-FR,Marginal,7.448832249649618
46,100,10,100,linear,Gaussian-FR,Correlation,0.12528840725960055
47,100,10,100,linear,NPT-FR,Marginal,5.727136027610697
47,100,10,100,linear,NPT-FR,Correlation,0.11927948195955443
47,100,10,100,linear,Marginal-FR,Marginal,5.727136027610697
47,100,10,100,linear,Marginal-FR,Correlation,0.6452197479995032
47,100,10,100,linear,Gaussian-FR,Marginal,7.091328099936263
47,100,10,100,linear,Gaussian-FR,Correlation,0.12399388512774175
48,100,10,100,linear,NPT-FR,Marginal,6.044858787267982
48,100,10,100,linear,NPT-FR,Correlation,0.11749605687696744
48,100,10,100,linear,Marginal-FR,Marginal,6.044858787267982
48,100,10,100,linear,Marginal-FR,Correlation,0.6378916746516997
48,100,10,100,linear,Gaussian-FR,Marginal,7.345967104414077
48,100,10,100,linear,Gaussian-FR,Correlation,0.12236323979592317
49,100,10,100,linear,NPT-FR,Marginal,5.997923274483926
49,100,10,100,linear,NPT-FR,Correlation,0.11655383572928946
49,100,10,100,linear,Marginal-FR,Marginal,5.997923274483926
49,100,10,100,linear,Marginal-FR,Correlation,0.6450678137618844
49,100,10,100,linear,Gaussian-FR,Marginal,7.257850499296519
49,100,10,100,linear,Gaussian-FR,Correlation,0.12103767883472463
50,100,10,100,linear,NPT-FR,Marginal,6.001834294983455
50,100,10,100,linear,NPT-FR,Correlation,0.11988668364537651
50,100,10,100,linear,Marginal-FR,Marginal,6.001834294983455
50,100,10,100,linear,Marginal-FR,Correlation,0.6316084348032233
50,100,10,100,linear,Gaussian-FR,Marginal,7.350730695107023
50,100,10,100,linear,Gaussian-FR,Correlation,0.12421063121994498
51,100,10,100,linear,NPT-FR,Marginal,6.048652951141796
51,100,10,100,linear,NPT-FR,Correlation,0.11990384168574181
51,100,10,100,linear,Marginal-FR,Marginal,6.048652951141796
51,100,10,100,linear,Marginal-FR,Correlation,0.6443963684814724
51,100,10,100,linear,Gaussian-FR,Marginal,7.355989428026085
51,100,10,100,linear,Gaussian-FR,Correlation,0.12226445195813264
52,100,10,100,linear,NPT-FR,Marginal,5.771774231663194
52,100,10,100,linear,NPT-FR,Correlation,0.12105052804460965
52,100,10,100,linear,Marginal-FR,Marginal,5.771774231663194
52,100,10,100,linear,Marginal-FR,Correlation,0.6469431970885874
52,100,10,100,linear,Gaussian-FR,Marginal,7.128381167528045
52,100,10,100,linear,Gaussian-FR,Correlation,0.12705922293100314
53,100,10,100,linear,NPT-FR,Marginal,5.675729434228414
53,100,10,100,linear,NPT-FR,Correlation,0.11601924717874494
53,100,10,100,linear,Marginal-FR,Marginal,5.675729434228414
53,100,10,100,linear,Marginal-FR,Correlation,0.6258023083465324
53,100,10,100,linear,Gaussian-FR,Marginal,6.986913800858448
53,100,10,100,linear,Gaussian-FR,Correlation,0.1217790969202205
54,100,10,100,linear,NPT-FR,Marginal,5.9353642474335375
54,100,10,100,linear,NPT-FR,Correlation,0.12041065634343846
54,100,10,100,linear,Marginal-FR,Marginal,5.9353642474335375
54,100,10,100,linear,Marginal-FR,Correlation,0.6211378301546675
54,100,10,100,linear,Gaussian-FR,Marginal,7.301207116449012
54,100,10,100,linear,Gaussian-FR,Correlation,0.12771632248018866
55,100,10,100,linear,NPT-FR,Marginal,5.797695656844083
55,100,10,100,linear,NPT-FR,Correlation,0.11726455565113682
55,100,10,100,linear,Marginal-FR,Marginal,5.797695656844083
55,100,10,100,linear,Marginal-FR,Correlation,0.6504600893795625
55,100,10,100,linear,Gaussian-FR,Marginal,7.0573511108647455
55,100,10,100,linear,Gaussian-FR,Correlation,0.12333642048476048
56,100,10,100,linear,NPT-FR,Marginal,6.180892810430749
56,100,10,100,linear,NPT-FR,Correlation,0.11950511553137262
56,100,10,100,linear,Marginal-FR,Marginal,6.180892810430749
56,100,10,100,linear,Marginal-FR,Correlation,0.6551730355594483
56,100,10,100,linear,Gaussian-FR,Marginal,7.451401947191071
56,100,10,100,linear,Gaussian-FR,Correlation,0.12073536286378643
57,100,10,100,linear,NPT-FR,Marginal,5.791901532552768
57,100,10,100,linear,NPT-FR,Correlation,0.12092524679604448
57,100,10,100,linear,Marginal-FR,Marginal,5.791901532552768
57,100,10,100,linear,Marginal-FR,Correlation,0.6365560493343506
57,100,10,100,linear,Gaussian-FR,Marginal,7.095507714985464
57,100,10,100,linear,Gaussian-FR,Correlation,0.12504573857988027
58,100,10,100,linear,NPT-FR,Marginal,5.989022032642791
58,100,10,100,linear,NPT-FR,Correlation,0.11715784402540891
58,100,10,100,linear,Marginal-FR,Marginal,5.989022032642791
58,100,10,100,linear,Marginal-FR,Correlation,0.6428516223465279
58,100,10,100,linear,Gaussian-FR,Marginal,7.338511462786755
58,100,10,100,linear,Gaussian-FR,Correlation,0.12152076047835851
59,100,10,100,linear,NPT-FR,Marginal,5.908909598314104
59,100,10,100,linear,NPT-FR,Correlation,0.11894993679823215
59,100,10,100,linear,Marginal-FR,Marginal,5.908909598314104
59,100,10,100,linear,Marginal-FR,Correlation,0.6370994330261258
59,100,10,100,linear,Gaussian-FR,Marginal,7.216448066683705
59,100,10,100,linear,Gaussian-FR,Correlation,0.12490238309469669
60,100,10,100,linear,NPT-FR,Marginal,5.817894040288827
60,100,10,100,linear,NPT-FR,Correlation,0.11925028724773719
60,100,10,100,linear,Marginal-FR,Marginal,5.817894040288827
60,100,10,100,linear,Marginal-FR,Correlation,0.6437645479513312
60,100,10,100,linear,Gaussian-FR,Marginal,7.137374402359491
60,100,10,100,linear,Gaussian-FR,Correlation,0.12597934554824705
61,100,10,100,linear,NPT-FR,Marginal,6.076719286981095
61,100,10,100,linear,NPT-FR,Correlation,0.11632898871376332
61,100,10,100,linear,Marginal-FR,Marginal,6.076719286981095
61,100,10,100,linear,Marginal-FR,Correlation,0.6226797003733927
61,100,10,100,linear,Gaussian-FR,Marginal,7.37978837696385
61,100,10,100,linear,Gaussian-FR,Correlation,0.12349231303944637
62,100,10,100,linear,NPT-FR,Marginal,5.813752472691133
62,100,10,100,linear,NPT-FR,Correlation,0.12169806032028109
62,100,10,100,linear,Marginal-FR,Marginal,5.813752472691133
62,100,10,100,linear,Marginal-FR,Correlation,0.6336486783167301
62,100,10,100,linear,Gaussian-FR,Marginal,7.152174186045218
62,100,10,100,linear,Gaussian-FR,Correlation,0.12512583355907633
63,100,10,100,linear,NPT-FR,Marginal,5.831963148943632
63,100,10,100,linear,NPT-FR,Correlation,0.11951242356183342
63,100,10,100,linear,Marginal-FR,Marginal,5.831963148943632
63,100,10,100,linear,Marginal-FR,Correlation,0.6310962903310304
63,100,10,100,linear,Gaussian-FR,Marginal,7.173440595862876
63,100,10,100,linear,Gaussian-FR,Correlation,0.12684699994119097
64,100,10,100,linear,NPT-FR,Marginal,5.895196897226311
64,100,10,100,linear,NPT-FR,Correlation,0.12119597494199874
64,100,10,100,linear,Marginal-FR,Marginal,5.895196897226311
64,100,10,100,linear,Marginal-FR,Correlation,0.6315248211896984
64,100,10,100,linear,Gaussian-FR,Marginal,7.198000697721097
64,100,10,100,linear,Gaussian-FR,Correlation,0.12535139347136529
65,100,10,100,linear,NPT-FR,Marginal,5.722527450997907
65,100,10,100,linear,NPT-FR,Correlation,0.11806090267753731
65,100,10,100,linear,Marginal-FR,Marginal,5.722527450997907
65,100,10,100,linear,Marginal-FR,Correlation,0.6537303723758573
65,100,10,100,linear,Gaussian-FR,Marginal,7.103261861782768
65,100,10,100,linear,Gaussian-FR,Correlation,0.12270323426963514
66,100,10,100,linear,NPT-FR,Marginal,6.01246923064541
66,100,10,100,linear,NPT-FR,Correlation,0.11721725919291102
66,100,10,100,linear,Marginal-FR,Marginal,6.01246923064541
66,100,10,100,linear,Marginal-FR,Correlation,0.6529318513452819
66,100,10,100,linear,Gaussian-FR,Marginal,7.344311285832818
66,100,10,100,linear,Gaussian-FR,Correlation,0.120086776766982
67,100,10,100,linear,NPT-FR,Marginal,5.666686043359704
67,100,10,100,linear,NPT-FR,Correlation,0.11720577186611505
67,100,10,100,linear,Marginal-FR,Marginal,5.666686043359704
67,100,10,100,linear,Marginal-FR,Correlation,0.6379094919291789
67,100,10,100,linear,Gaussian-FR,Marginal,7.0036569826725525
67,100,10,100,linear,Gaussian-FR,Correlation,0.12024153071717925
68,100,10,100,linear,NPT-FR,Marginal,5.74917411640593
68,100,10,100,linear,NPT-FR,Correlation,0.12020774400739351
68,100,10,100,linear,Marginal-FR,Marginal,5.74917411640593
68,100,10,100,linear,Marginal-FR,Correlation,0.6442202242785081
68,100,10,100,linear,Gaussian-FR,Marginal,7.030932345800933
68,100,10,100,linear,Gaussian-FR,Correlation,0.12911777775759464
69,100,10,100,linear,NPT-FR,Marginal,5.809826138857905
69,100,10,100,linear,NPT-FR,Correlation,0.11793374363140462
69,100,10,100,linear,Marginal-FR,Marginal,5.809826138857905
69,100,10,100,linear,Marginal-FR,Correlation,0.6361520597754333
69,100,10,100,linear,Gaussian-FR,Marginal,7.114500511073112
69,100,10,100,linear,Gaussian-FR,Correlation,0.1263206646853467
70,100,10,100,linear,NPT-FR,Marginal,5.813706614220369
70,100,10,100,linear,NPT-FR,Correlation,0.11833302505992738
70,100,10,100,linear,Marginal-FR,Marginal,5.813706614220369
70,100,10,100,linear,Marginal-FR,Correlation,0.6547783255334543
70,100,10,100,linear,Gaussian-FR,Marginal,7.124215709016495
70,100,10,100,linear,Gaussian-FR,Correlation,0.12281177712653331
71,100,10,100,linear,NPT-FR,Marginal,5.676111539191528
71,100,10,100,linear,NPT-FR,Correlation,0.11806199624930852
71,100,10,100,linear,Marginal-FR,Marginal,5.676111539191528
71,100,10,100,linear,Marginal-FR,Correlation,0.6641797156895334
71,100,10,100,linear,Gaussian-FR,Marginal,6.960029880746468
71,100,10,100,linear,Gaussian-FR,Correlation,0.125464094919091
72,100,10,100,linear,NPT-FR,Marginal,6.007300963920309
72,100,10,100,linear,NPT-FR,Correlation,0.12048633783365051
72,100,10,100,linear,Marginal-FR,Marginal,6.007300963920309
72,100,10,100,linear,Marginal-FR,Correlation,0.6515490739400773
72,100,10,100,linear,Gaussian-FR,Marginal,7.272954829112754
72,100,10,100,linear,Gaussian-FR,Correlation,0.12453498356762174
73,100,10,100,linear,NPT-FR,Marginal,5.903803370717654
73,100,10,100,linear,NPT-FR,Correlation,0.11801154413488331
73,100,10,100,linear,Marginal-FR,Marginal,5.903803370717654
73,100,10,100,linear,Marginal-FR,Correlation,0.6089668223416581
73,100,10,100,linear,Gaussian-FR,Marginal,7.238547720264475
73,100,10,100,linear,Gaussian-FR,Correlation,0.12535466848370008
74,100,10,100,linear,NPT-FR,Marginal,5.778456554289382
74,100,10,100,linear,NPT-FR,Correlation,0.11938086803905909
74,100,10,100,linear,Marginal-FR,Marginal,5.778456554289382
74,100,10,100,linear,Marginal-FR,Correlation,0.6451801186413871
74,100,10,100,linear,Gaussian-FR,Marginal,7.04677583484642
74,100,10,100,linear,Gaussian-FR,Correlation,0.12283643256787832
75,100,10,100,linear,NPT-FR,Marginal,5.795851869228698
75,100,10,100,linear,NPT-FR,Correlation,0.11809784712974397
75,100,10,100,linear,Marginal-FR,Marginal,5.795851869228698
75,100,10,100,linear,Marginal-FR,Correlation,0.6613812069848188
75,100,10,100,linear,Gaussian-FR,Marginal,7.053360896511071
75,100,10,100,linear,Gaussian-FR,Correlation,0.12580888911943322
76,100,10,100,linear,NPT-FR,Marginal,5.59077652453057
76,100,10,100,linear,NPT-FR,Correlation,0.11522217869609475
76,100,10,100,linear,Marginal-FR,Marginal,5.59077652453057
76,100,10,100,linear,Marginal-FR,Correlation,0.6204988780791063
76,100,10,100,linear,Gaussian-FR,Marginal,6.915329487621426
76,100,10,100,linear,Gaussian-FR,Correlation,0.12241905389789767
77,100,10,100,linear,NPT-FR,Marginal,5.6522049738751665
77,100,10,100,linear,NPT-FR,Correlation,0.1179159645379823
77,100,10,100,linear,Marginal-FR,Marginal,5.6522049738751665
77,100,10,100,linear,Marginal-FR,Correlation,0.6784705009211716
77,100,10,100,linear,Gaussian-FR,Marginal,6.877774487284907
77,100,10,100,linear,Gaussian-FR,Correlation,0.12606701226518494
78,100,10,100,linear,NPT-FR,Marginal,5.916500050801523
78,100,10,100,linear,NPT-FR,Correlation,0.1205087869703537
78,100,10,100,linear,Marginal-FR,Marginal,5.916500050801523
78,100,10,100,linear,Marginal-FR,Correlation,0.628615261889465
78,100,10,100,linear,Gaussian-FR,Marginal,7.269763915175552
78,100,10,100,linear,Gaussian-FR,Correlation,0.12627253474581404
79,100,10,100,linear,NPT-FR,Marginal,5.914557229964958
79,100,10,100,linear,NPT-FR,Correlation,0.1190138200434454
79,100,10,100,linear,Marginal-FR,Marginal,5.914557229964958
79,100,10,100,linear,Marginal-FR,Correlation,0.6575399579332821
79,100,10,100,linear,Gaussian-FR,Marginal,7.213340182229887
79,100,10,100,linear,Gaussian-FR,Correlation,0.12778694880601663
80,100,10,100,linear,NPT-FR,Marginal,6.016311691440192
80,100,10,100,linear,NPT-FR,Correlation,0.11611906328568666
80,100,10,100,linear,Marginal-FR,Marginal,6.016311691440192
80,100,10,100,linear,Marginal-FR,Correlation,0.6353253410242439
80,100,10,100,linear,Gaussian-FR,Marginal,7.3576941945657
80,100,10,100,linear,Gaussian-FR,Correlation,0.12111288569171623
81,100,10,100,linear,NPT-FR,Marginal,5.944509954037878
81,100,10,100,linear,NPT-FR,Correlation,0.12112478458722871
81,100,10,100,linear,Marginal-FR,Marginal,5.944509954037878
81,100,10,100,linear,Marginal-FR,Correlation,0.6060708162833502
81,100,10,100,linear,Gaussian-FR,Marginal,7.299590006091952
81,100,10,100,linear,Gaussian-FR,Correlation,0.12324289008358832
82,100,10,100,linear,NPT-FR,Marginal,5.91119238363875
82,100,10,100,linear,NPT-FR,Correlation,0.11649174683461523
82,100,10,100,linear,Marginal-FR,Marginal,5.91119238363875
82,100,10,100,linear,Marginal-FR,Correlation,0.6462042644002541
82,100,10,100,linear,Gaussian-FR,Marginal,7.292037133978492
82,100,10,100,linear,Gaussian-FR,Correlation,0.1237915567662303
83,100,10,100,linear,NPT-FR,Marginal,5.7551074795813255
83,100,10,100,linear,NPT-FR,Correlation,0.11500474619398253
83,100,10,100,linear,Marginal-FR,Marginal,5.7551074795813255
83,100,10,100,linear,Marginal-FR,Correlation,0.6329594082853146
83,100,10,100,linear,Gaussian-FR,Marginal,7.063807645015149
83,100,10,100,linear,Gaussian-FR,Correlation,0.12330863407256763
84,100,10,100,linear,NPT-FR,Marginal,6.028821319607435
84,100,10,100,linear,NPT-FR,Correlation,0.12100153736035082
84,100,10,100,linear,Marginal-FR,Marginal,6.028821319607435
84,100,10,100,linear,Marginal-FR,Correlation,0.646613881833995
84,100,10,100,linear,Gaussian-FR,Marginal,7.2612498802252805
84,100,10,100,linear,Gaussian-FR,Correlation,0.1268412921159794
85,100,10,100,linear,NPT-FR,Marginal,5.70354798908167
85,100,10,100,linear,NPT-FR,Correlation,0.12219522666358787
85,100,10,100,linear,Marginal-FR,Marginal,5.70354798908167
85,100,10,100,linear,Marginal-FR,Correlation,0.6551781108407123
85,100,10,100,linear,Gaussian-FR,Marginal,7.072712906535824
85,100,10,100,linear,Gaussian-FR,Correlation,0.13062473816247752
86,100,10,100,linear,NPT-FR,Marginal,5.9143813819621185
86,100,10,100,linear,NPT-FR,Correlation,0.11606134846758201
86,100,10,100,linear,Marginal-FR,Marginal,5.9143813819621185
86,100,10,100,linear,Marginal-FR,Correlation,0.6481776226833038
86,100,10,100,linear,Gaussian-FR,Marginal,7.221558197562312
86,100,10,100,linear,Gaussian-FR,Correlation,0.12608826253190986
87,100,10,100,linear,NPT-FR,Marginal,5.945476769901796
87,100,10,100,linear,NPT-FR,Correlation,0.11720800369923456
87,100,10,100,linear,Marginal-FR,Marginal,5.945476769901796
87,100,10,100,linear,Marginal-FR,Correlation,0.6151055281901023
87,100,10,100,linear,Gaussian-FR,Marginal,7.2685299010320605
87,100,10,100,linear,Gaussian-FR,Correlation,0.12319933686792192
88,100,10,100,linear,NPT-FR,Marginal,6.042111568798733
88,100,10,100,linear,NPT-FR,Correlation,0.12054069273001082
88,100,10,100,linear,Marginal-FR,Marginal,6.042111568798733
88,100,10,100,linear,Marginal-FR,Correlation,0.6374050217470397
88,100,10,100,linear,Gaussian-FR,Marginal,7.442562851251329
88,100,10,100,linear,Gaussian-FR,Correlation,0.12627867956824354
89,100,10,100,linear,NPT-FR,Marginal,6.035766998505706
89,100,10,100,linear,NPT-FR,Correlation,0.12224412725635188
89,100,10,100,linear,Marginal-FR,Marginal,6.035766998505706
89,100,10,100,linear,Marginal-FR,Correlation,0.6512393261381233
89,100,10,100,linear,Gaussian-FR,Marginal,7.38263769859886
89,100,10,100,linear,Gaussian-FR,Correlation,0.12384648576179237
90,100,10,100,linear,NPT-FR,Marginal,5.8494793524091495
90,100,10,100,linear,NPT-FR,Correlation,0.11862311338740165
90,100,10,100,linear,Marginal-FR,Marginal,5.8494793524091495
90,100,10,100,linear,Marginal-FR,Correlation,0.6336276705375427
90,100,10,100,linear,Gaussian-FR,Marginal,7.226461105181426
90,100,10,100,linear,Gaussian-FR,Correlation,0.12235393518554787
91,100,10,100,linear,NPT-FR,Marginal,6.16887661564484
91,100,10,100,linear,NPT-FR,Correlation,0.11860193350343239
91,100,10,100,linear,Marginal-FR,Marginal,6.16887661564484
91,100,10,100,linear,Marginal-FR,Correlation,0.6559106493506673
91,100,10,100,linear,Gaussian-FR,Marginal,7.518582023781377
91,100,10,100,linear,Gaussian-FR,Correlation,0.12224800070658526
92,100,10,100,linear,NPT-FR,Marginal,5.9328874016683235
92,100,10,100,linear,NPT-FR,Correlation,0.11663893363415236
92,100,10,100,linear,Marginal-FR,Marginal,5.9328874016683235
92,100,10,100,linear,Marginal-FR,Correlation,0.6251047702814103
92,100,10,100,linear,Gaussian-FR,Marginal,7.255608186105903
92,100,10,100,linear,Gaussian-FR,Correlation,0.11930500446144791
93,100,10,100,linear,NPT-FR,Marginal,5.5984411875413835
93,100,10,100,linear,NPT-FR,Correlation,0.11792577451750043
93,100,10,100,linear,Marginal-FR,Marginal,5.5984411875413835
93,100,10,100,linear,Marginal-FR,Correlation,0.6463998000695631
93,100,10,100,linear,Gaussian-FR,Marginal,6.928724080509623
93,100,10,100,linear,Gaussian-FR,Correlation,0.1241834445205172
94,100,10,100,linear,NPT-FR,Marginal,5.810678299873901
94,100,10,100,linear,NPT-FR,Correlation,0.11729673721535994
94,100,10,100,linear,Marginal-FR,Marginal,5.810678299873901
94,100,10,100,linear,Marginal-FR,Correlation,0.6480593915347411
94,100,10,100,linear,Gaussian-FR,Marginal,7.190798953314632
94,100,10,100,linear,Gaussian-FR,Correlation,0.12218524840454395
95,100,10,100,linear,NPT-FR,Marginal,5.848238691985146
95,100,10,100,linear,NPT-FR,Correlation,0.12162711925028973
95,100,10,100,linear,Marginal-FR,Marginal,5.848238691985146
95,100,10,100,linear,Marginal-FR,Correlation,0.6610612855096172
95,100,10,100,linear,Gaussian-FR,Marginal,7.116776392328679
95,100,10,100,linear,Gaussian-FR,Correlation,0.12779412808979845
96,100,10,100,linear,NPT-FR,Marginal,5.632370351271627
96,100,10,100,linear,NPT-FR,Correlation,0.11574720902181493
96,100,10,100,linear,Marginal-FR,Marginal,5.632370351271627
96,100,10,100,linear,Marginal-FR,Correlation,0.6411926482852002
96,100,10,100,linear,Gaussian-FR,Marginal,6.9389332079505595
96,100,10,100,linear,Gaussian-FR,Correlation,0.1240282713173224
97,100,10,100,linear,NPT-FR,Marginal,5.716657213876394
97,100,10,100,linear,NPT-FR,Correlation,0.11552535304289385
97,100,10,100,linear,Marginal-FR,Marginal,5.716657213876394
97,100,10,100,linear,Marginal-FR,Correlation,0.6288985600668958
97,100,10,100,linear,Gaussian-FR,Marginal,7.100295301715278
97,100,10,100,linear,Gaussian-FR,Correlation,0.12262444088007604
98,100,10,100,linear,NPT-FR,Marginal,5.849107232072415
98,100,10,100,linear,NPT-FR,Correlation,0.11926161443948362
98,100,10,100,linear,Marginal-FR,Marginal,5.849107232072415
98,100,10,100,linear,Marginal-FR,Correlation,0.6409288949600441
98,100,10,100,linear,Gaussian-FR,Marginal,7.281883862421951
98,100,10,100,linear,Gaussian-FR,Correlation,0.12406453612474856
99,100,10,100,linear,NPT-FR,Marginal,5.725728353440131
99,100,10,100,linear,NPT-FR,Correlation,0.11780365764657444
99,100,10,100,linear,Marginal-FR,Marginal,5.725728353440131
99,100,10,100,linear,Marginal-FR,Correlation,0.6246243279794765
99,100,10,100,linear,Gaussian-FR,Marginal,7.0801300788981125
99,100,10,100,linear,Gaussian-FR,Correlation,0.12203465597598165
0,100,10,1000,linear,NPT-FR,Marginal,5.859259623337691
0,100,10,1000,linear,NPT-FR,Correlation,0.11027566200811219
0,100,10,1000,linear,Marginal-FR,Marginal,5.859259623337691
0,100,10,1000,linear,Marginal-FR,Correlation,0.6518676620425822
0,100,10,1000,linear,Gaussian-FR,Marginal,7.254918250283798
0,100,10,1000,linear,Gaussian-FR,Correlation,0.11619884571097165
1,100,10,1000,linear,NPT-FR,Marginal,5.783710021727808
1,100,10,1000,linear,NPT-FR,Correlation,0.1109507396678161
1,100,10,1000,linear,Marginal-FR,Marginal,5.783710021727808
1,100,10,1000,linear,Marginal-FR,Correlation,0.6496318806472503
1,100,10,1000,linear,Gaussian-FR,Marginal,7.230752079563999
1,100,10,1000,linear,Gaussian-FR,Correlation,0.1181082357909147
2,100,10,1000,linear,NPT-FR,Marginal,5.4649378872549095
2,100,10,1000,linear,NPT-FR,Correlation,0.111045667051307
2,100,10,1000,linear,Marginal-FR,Marginal,5.4649378872549095
2,100,10,1000,linear,Marginal-FR,Correlation,0.643233480338443
2,100,10,1000,linear,Gaussian-FR,Marginal,6.810317051216008
2,100,10,1000,linear,Gaussian-FR,Correlation,0.12214110549521577
3,100,10,1000,linear,NPT-FR,Marginal,5.725112351413221
3,100,10,1000,linear,NPT-FR,Correlation,0.1122089987947068
3,100,10,1000,linear,Marginal-FR,Marginal,5.725112351413221
3,100,10,1000,linear,Marginal-FR,Correlation,0.6512388237168023
3,100,10,1000,linear,Gaussian-FR,Marginal,7.1365888886167905
3,100,10,1000,linear,Gaussian-FR,Correlation,0.11930077741255153
4,100,10,1000,linear,NPT-FR,Marginal,5.731114971605971
4,100,10,1000,linear,NPT-FR,Correlation,0.11066309771084948
4,100,10,1000,linear,Marginal-FR,Marginal,5.731114971605971
4,100,10,1000,linear,Marginal-FR,Correlation,0.6548826280825243
4,100,10,1000,linear,Gaussian-FR,Marginal,7.136120460744057
4,100,10,1000,linear,Gaussian-FR,Correlation,0.11878747303461364
5,100,10,1000,linear,NPT-FR,Marginal,5.754993370590033
5,100,10,1000,linear,NPT-FR,Correlation,0.11278077062328751
5,100,10,1000,linear,Marginal-FR,Marginal,5.754993370590033
5,100,10,1000,linear,Marginal-FR,Correlation,0.6377878397018556
5,100,10,1000,linear,Gaussian-FR,Marginal,7.169441107191924
5,100,10,1000,linear,Gaussian-FR,Correlation,0.1197231836272357
6,100,10,1000,linear,NPT-FR,Marginal,5.876925104704
6,100,10,1000,linear,NPT-FR,Correlation,0.11162212830463392
6,100,10,1000,linear,Marginal-FR,Marginal,5.876925104704
6,100,10,1000,linear,Marginal-FR,Correlation,0.6402822072714075
6,100,10,1000,linear,Gaussian-FR,Marginal,7.24382284655749
6,100,10,1000,linear,Gaussian-FR,Correlation,0.12103656498720647
7,100,10,1000,linear,NPT-FR,Marginal,5.727822546844687
7,100,10,1000,linear,NPT-FR,Correlation,0.11227410453146411
7,100,10,1000,linear,Marginal-FR,Marginal,5.727822546844687
7,100,10,1000,linear,Marginal-FR,Correlation,0.637211505014518
7,100,10,1000,linear,Gaussian-FR,Marginal,7.083831932741965
7,100,10,1000,linear,Gaussian-FR,Correlation,0.12135885919049834
8,100,10,1000,linear,NPT-FR,Marginal,5.979077101057717
8,100,10,1000,linear,NPT-FR,Correlation,0.11216114685558834
8,100,10,1000,linear,Marginal-FR,Marginal,5.979077101057717
8,100,10,1000,linear,Marginal-FR,Correlation,0.6322097017980542
8,100,10,1000,linear,Gaussian-FR,Marginal,7.444022373271773
8,100,10,1000,linear,Gaussian-FR,Correlation,0.11836430297224354
9,100,10,1000,linear,NPT-FR,Marginal,5.477156022461922
9,100,10,1000,linear,NPT-FR,Correlation,0.10980474197175245
9,100,10,1000,linear,Marginal-FR,Marginal,5.477156022461922
9,100,10,1000,linear,Marginal-FR,Correlation,0.626129877895803
9,100,10,1000,linear,Gaussian-FR,Marginal,6.860019539256442
9,100,10,1000,linear,Gaussian-FR,Correlation,0.11775682005157148
10,100,10,1000,linear,NPT-FR,Marginal,5.683374455651834
10,100,10,1000,linear,NPT-FR,Correlation,0.1124488062547626
10,100,10,1000,linear,Marginal-FR,Marginal,5.683374455651834
10,100,10,1000,linear,Marginal-FR,Correlation,0.6394029131595573
10,100,10,1000,linear,Gaussian-FR,Marginal,7.1011413265469585
10,100,10,1000,linear,Gaussian-FR,Correlation,0.11878805562750926
11,100,10,1000,linear,NPT-FR,Marginal,5.789526238910056
11,100,10,1000,linear,NPT-FR,Correlation,0.11384525022448073
11,100,10,1000,linear,Marginal-FR,Marginal,5.789526238910056
11,100,10,1000,linear,Marginal-FR,Correlation,0.6365247202329972
11,100,10,1000,linear,Gaussian-FR,Marginal,7.207360201436915
11,100,10,1000,linear,Gaussian-FR,Correlation,0.12434115304444983
12,100,10,1000,linear,NPT-FR,Marginal,5.995615342140609
12,100,10,1000,linear,NPT-FR,Correlation,0.10900441926047448
12,100,10,1000,linear,Marginal-FR,Marginal,5.995615342140609
12,100,10,1000,linear,Marginal-FR,Correlation,0.647884955897084
12,100,10,1000,linear,Gaussian-FR,Marginal,7.396131233952867
12,100,10,1000,linear,Gaussian-FR,Correlation,0.11871890982154079
13,100,10,1000,linear,NPT-FR,Marginal,5.621911440117629
13,100,10,1000,linear,NPT-FR,Correlation,0.11256978494719375
13,100,10,1000,linear,Marginal-FR,Marginal,5.621911440117629
13,100,10,1000,linear,Marginal-FR,Correlation,0.6225342461446083
13,100,10,1000,linear,Gaussian-FR,Marginal,6.962912902341588
13,100,10,1000,linear,Gaussian-FR,Correlation,0.11979422809242006
14,100,10,1000,linear,NPT-FR,Marginal,5.768222593832105
14,100,10,1000,linear,NPT-FR,Correlation,0.11163882305560581
14,100,10,1000,linear,Marginal-FR,Marginal,5.768222593832105
14,100,10,1000,linear,Marginal-FR,Correlation,0.6279551739597539
14,100,10,1000,linear,Gaussian-FR,Marginal,7.149500157876005
14,100,10,1000,linear,Gaussian-FR,Correlation,0.12080947956124152
15,100,10,1000,linear,NPT-FR,Marginal,5.8793797711041424
15,100,10,1000,linear,NPT-FR,Correlation,0.11183293180595132
15,100,10,1000,linear,Marginal-FR,Marginal,5.8793797711041424
15,100,10,1000,linear,Marginal-FR,Correlation,0.6505838669470531
15,100,10,1000,linear,Gaussian-FR,Marginal,7.201153618212716
15,100,10,1000,linear,Gaussian-FR,Correlation,0.12456143109150958
16,100,10,1000,linear,NPT-FR,Marginal,5.623058742154475
16,100,10,1000,linear,NPT-FR,Correlation,0.11079276867157915
16,100,10,1000,linear,Marginal-FR,Marginal,5.623058742154475
16,100,10,1000,linear,Marginal-FR,Correlation,0.6385070812582319
16,100,10,1000,linear,Gaussian-FR,Marginal,7.01659235251042
16,100,10,1000,linear,Gaussian-FR,Correlation,0.11741277547503767
17,100,10,1000,linear,NPT-FR,Marginal,5.71345194888505
17,100,10,1000,linear,NPT-FR,Correlation,0.11147498206294239
17,100,10,1000,linear,Marginal-FR,Marginal,5.71345194888505
17,100,10,1000,linear,Marginal-FR,Correlation,0.6468237049451697
17,100,10,1000,linear,Gaussian-FR,Marginal,7.12341982847997
17,100,10,1000,linear,Gaussian-FR,Correlation,0.12105206176155227
18,100,10,1000,linear,NPT-FR,Marginal,5.875698030903594
18,100,10,1000,linear,NPT-FR,Correlation,0.10995630027323695
18,100,10,1000,linear,Marginal-FR,Marginal,5.875698030903594
18,100,10,1000,linear,Marginal-FR,Correlation,0.6598592380042906
18,100,10,1000,linear,Gaussian-FR,Marginal,7.319167731853919
18,100,10,1000,linear,Gaussian-FR,Correlation,0.11908408311515858
19,100,10,1000,linear,NPT-FR,Marginal,5.741143711895868
19,100,10,1000,linear,NPT-FR,Correlation,0.11170235896473713
19,100,10,1000,linear,Marginal-FR,Marginal,5.741143711895868
19,100,10,1000,linear,Marginal-FR,Correlation,0.6299419559447932
19,100,10,1000,linear,Gaussian-FR,Marginal,7.118771214350086
19,100,10,1000,linear,Gaussian-FR,Correlation,0.11728754748526649
20,100,10,1000,linear,NPT-FR,Marginal,5.765233988986533
20,100,10,1000,linear,NPT-FR,Correlation,0.11095305594562396
20,100,10,1000,linear,Marginal-FR,Marginal,5.765233988986533
20,100,10,1000,linear,Marginal-FR,Correlation,0.6461560037486975
20,100,10,1000,linear,Gaussian-FR,Marginal,7.1431083468064
20,100,10,1000,linear,Gaussian-FR,Correlation,0.11888822551147903
21,100,10,1000,linear,NPT-FR,Marginal,5.860819765413149
21,100,10,1000,linear,NPT-FR,Correlation,0.11273417363101512
21,100,10,1000,linear,Marginal-FR,Marginal,5.860819765413149
21,100,10,1000,linear,Marginal-FR,Correlation,0.6401291686141913
21,100,10,1000,linear,Gaussian-FR,Marginal,7.254463668033385
21,100,10,1000,linear,Gaussian-FR,Correlation,0.12379088526393085
22,100,10,1000,linear,NPT-FR,Marginal,5.788852515836591
22,100,10,1000,linear,NPT-FR,Correlation,0.11227500797843229
22,100,10,1000,linear,Marginal-FR,Marginal,5.788852515836591
22,100,10,1000,linear,Marginal-FR,Correlation,0.6337397988549671
22,100,10,1000,linear,Gaussian-FR,Marginal,7.207697106155463
22,100,10,1000,linear,Gaussian-FR,Correlation,0.121590903457744
23,100,10,1000,linear,NPT-FR,Marginal,6.120927262914594
23,100,10,1000,linear,NPT-FR,Correlation,0.10978847449004525
23,100,10,1000,linear,Marginal-FR,Marginal,6.120927262914594
23,100,10,1000,linear,Marginal-FR,Correlation,0.6515007166250415
23,100,10,1000,linear,Gaussian-FR,Marginal,7.50380147172591
23,100,10,1000,linear,Gaussian-FR,Correlation,0.11915552775224057
24,100,10,1000,linear,NPT-FR,Marginal,5.837050627562503
24,100,10,1000,linear,NPT-FR,Correlation,0.11361320292404378
24,100,10,1000,linear,Marginal-FR,Marginal,5.837050627562503
24,100,10,1000,linear,Marginal-FR,Correlation,0.6330236084214959
24,100,10,1000,linear,Gaussian-FR,Marginal,7.198924621867865
24,100,10,1000,linear,Gaussian-FR,Correlation,0.12274156374351988
25,100,10,1000,linear,NPT-FR,Marginal,5.735107227044793
25,100,10,1000,linear,NPT-FR,Correlation,0.11241407401791516
25,100,10,1000,linear,Marginal-FR,Marginal,5.735107227044793
25,100,10,1000,linear,Marginal-FR,Correlation,0.6348028375392327
25,100,10,1000,linear,Gaussian-FR,Marginal,7.129611426419243
25,100,10,1000,linear,Gaussian-FR,Correlation,0.1195712925888379
26,100,10,1000,linear,NPT-FR,Marginal,5.799201989860313
26,100,10,1000,linear,NPT-FR,Correlation,0.11065193489004949
26,100,10,1000,linear,Marginal-FR,Marginal,5.799201989860313
26,100,10,1000,linear,Marginal-FR,Correlation,0.6256295044868126
26,100,10,1000,linear,Gaussian-FR,Marginal,7.13172541478616
26,100,10,1000,linear,Gaussian-FR,Correlation,0.1189512614377616
27,100,10,1000,linear,NPT-FR,Marginal,5.994925568653061
27,100,10,1000,linear,NPT-FR,Correlation,0.11026384089116756
27,100,10,1000,linear,Marginal-FR,Marginal,5.994925568653061
27,100,10,1000,linear,Marginal-FR,Correlation,0.6275848526643217
27,100,10,1000,linear,Gaussian-FR,Marginal,7.377086325061306
27,100,10,1000,linear,Gaussian-FR,Correlation,0.11772491638608995
28,100,10,1000,linear,NPT-FR,Marginal,5.698565553300218
28,100,10,1000,linear,NPT-FR,Correlation,0.11098912331038607
28,100,10,1000,linear,Marginal-FR,Marginal,5.698565553300218
28,100,10,1000,linear,Marginal-FR,Correlation,0.6394281818256904
28,100,10,1000,linear,Gaussian-FR,Marginal,7.1524759955933535
28,100,10,1000,linear,Gaussian-FR,Correlation,0.11775643298615776
29,100,10,1000,linear,NPT-FR,Marginal,6.041492568250635
29,100,10,1000,linear,NPT-FR,Correlation,0.11102570500239556
29,100,10,1000,linear,Marginal-FR,Marginal,6.041492568250635
29,100,10,1000,linear,Marginal-FR,Correlation,0.624456946678305
29,100,10,1000,linear,Gaussian-FR,Marginal,7.420661357198959
29,100,10,1000,linear,Gaussian-FR,Correlation,0.11823888966464463
30,100,10,1000,linear,NPT-FR,Marginal,5.804957840456961
30,100,10,1000,linear,NPT-FR,Correlation,0.11091165261027143
30,100,10,1000,linear,Marginal-FR,Marginal,5.804957840456961
30,100,10,1000,linear,Marginal-FR,Correlation,0.6332426584599711
30,100,10,1000,linear,Gaussian-FR,Marginal,7.1278875788134695
30,100,10,1000,linear,Gaussian-FR,Correlation,0.1204302506794856
31,100,10,1000,linear,NPT-FR,Marginal,5.9005489543023035
31,100,10,1000,linear,NPT-FR,Correlation,0.11105595014106885
31,100,10,1000,linear,Marginal-FR,Marginal,5.9005489543023035
31,100,10,1000,linear,Marginal-FR,Correlation,0.6476172817136346
31,100,10,1000,linear,Gaussian-FR,Marginal,7.287548367011522
31,100,10,1000,linear,Gaussian-FR,Correlation,0.11706321907825491
32,100,10,1000,linear,NPT-FR,Marginal,5.7455880214046235
32,100,10,1000,linear,NPT-FR,Correlation,0.11289528600603874
32,100,10,1000,linear,Marginal-FR,Marginal,5.7455880214046235
32,100,10,1000,linear,Marginal-FR,Correlation,0.6331123281246215
32,100,10,1000,linear,Gaussian-FR,Marginal,7.144843086879367
32,100,10,1000,linear,Gaussian-FR,Correlation,0.12025403011216176
33,100,10,1000,linear,NPT-FR,Marginal,5.9538490026218165
33,100,10,1000,linear,NPT-FR,Correlation,0.1110153889960734
33,100,10,1000,linear,Marginal-FR,Marginal,5.9538490026218165
33,100,10,1000,linear,Marginal-FR,Correlation,0.6204527276134937
33,100,10,1000,linear,Gaussian-FR,Marginal,7.320626639100776
33,100,10,1000,linear,Gaussian-FR,Correlation,0.12052499983836316
34,100,10,1000,linear,NPT-FR,Marginal,5.794285607754634
34,100,10,1000,linear,NPT-FR,Correlation,0.11075286754387542
34,100,10,1000,linear,Marginal-FR,Marginal,5.794285607754634
34,100,10,1000,linear,Marginal-FR,Correlation,0.6663220417354644
34,100,10,1000,linear,Gaussian-FR,Marginal,7.2233275023688295
34,100,10,1000,linear,Gaussian-FR,Correlation,0.11710009348154857
35,100,10,1000,linear,NPT-FR,Marginal,5.607516702985249
35,100,10,1000,linear,NPT-FR,Correlation,0.10920534609343747
35,100,10,1000,linear,Marginal-FR,Marginal,5.607516702985249
35,100,10,1000,linear,Marginal-FR,Correlation,0.6044018232531725
35,100,10,1000,linear,Gaussian-FR,Marginal,7.022638299272712
35,100,10,1000,linear,Gaussian-FR,Correlation,0.11656841996618617
36,100,10,1000,linear,NPT-FR,Marginal,5.900029976768698
36,100,10,1000,linear,NPT-FR,Correlation,0.11139362474608722
36,100,10,1000,linear,Marginal-FR,Marginal,5.900029976768698
36,100,10,1000,linear,Marginal-FR,Correlation,0.6456465244072681
36,100,10,1000,linear,Gaussian-FR,Marginal,7.294240391563297
36,100,10,1000,linear,Gaussian-FR,Correlation,0.11893974936042233
37,100,10,1000,linear,NPT-FR,Marginal,5.7128075439096175
37,100,10,1000,linear,NPT-FR,Correlation,0.11090600068649602
37,100,10,1000,linear,Marginal-FR,Marginal,5.7128075439096175
37,100,10,1000,linear,Marginal-FR,Correlation,0.6469016881092904
37,100,10,1000,linear,Gaussian-FR,Marginal,7.105543566529866
37,100,10,1000,linear,Gaussian-FR,Correlation,0.11764379440024138
38,100,10,1000,linear,NPT-FR,Marginal,5.76670150720783
38,100,10,1000,linear,NPT-FR,Correlation,0.11340416552850181
38,100,10,1000,linear,Marginal-FR,Marginal,5.76670150720783
38,100,10,1000,linear,Marginal-FR,Correlation,0.6479524385086349
38,100,10,1000,linear,Gaussian-FR,Marginal,7.09691464939463
38,100,10,1000,linear,Gaussian-FR,Correlation,0.11966134487138194
39,100,10,1000,linear,NPT-FR,Marginal,5.614419730339553
39,100,10,1000,linear,NPT-FR,Correlation,0.11018768897386044
39,100,10,1000,linear,Marginal-FR,Marginal,5.614419730339553
39,100,10,1000,linear,Marginal-FR,Correlation,0.6390490322589656
39,100,10,1000,linear,Gaussian-FR,Marginal,6.964906085514073
39,100,10,1000,linear,Gaussian-FR,Correlation,0.11834708064764873
40,100,10,1000,linear,NPT-FR,Marginal,6.1692058909886125
40,100,10,1000,linear,NPT-FR,Correlation,0.11190602917050238
40,100,10,1000,linear,Marginal-FR,Marginal,6.1692058909886125
40,100,10,1000,linear,Marginal-FR,Correlation,0.6334591849428752
40,100,10,1000,linear,Gaussian-FR,Marginal,7.53128775685896
40,100,10,1000,linear,Gaussian-FR,Correlation,0.1211682149548333
41,100,10,1000,linear,NPT-FR,Marginal,5.511016103160086
41,100,10,1000,linear,NPT-FR,Correlation,0.11067121536089597
41,100,10,1000,linear,Marginal-FR,Marginal,5.511016103160086
41,100,10,1000,linear,Marginal-FR,Correlation,0.6126084854189945
41,100,10,1000,linear,Gaussian-FR,Marginal,6.887221192742213
41,100,10,1000,linear,Gaussian-FR,Correlation,0.11977420485052892
42,100,10,1000,linear,NPT-FR,Marginal,5.741791502036729
42,100,10,1000,linear,NPT-FR,Correlation,0.11347842909711241
42,100,10,1000,linear,Marginal-FR,Marginal,5.741791502036729
42,100,10,1000,linear,Marginal-FR,Correlation,0.6256201617555406
42,100,10,1000,linear,Gaussian-FR,Marginal,7.0799272180893436
42,100,10,1000,linear,Gaussian-FR,Correlation,0.12046944627148165
43,100,10,1000,linear,NPT-FR,Marginal,5.607187540882126
43,100,10,1000,linear,NPT-FR,Correlation,0.11334601648884755
43,100,10,1000,linear,Marginal-FR,Marginal,5.607187540882126
43,100,10,1000,linear,Marginal-FR,Correlation,0.6358946010950048
43,100,10,1000,linear,Gaussian-FR,Marginal,6.958401913318307
43,100,10,1000,linear,Gaussian-FR,Correlation,0.12046678250011336
44,100,10,1000,linear,NPT-FR,Marginal,5.903554872750733
44,100,10,1000,linear,NPT-FR,Correlation,0.11069048372575156
44,100,10,1000,linear,Marginal-FR,Marginal,5.903554872750733
44,100,10,1000,linear,Marginal-FR,Correlation,0.66209682899923
44,100,10,1000,linear,Gaussian-FR,Marginal,7.333630473672646
44,100,10,1000,linear,Gaussian-FR,Correlation,0.12152710841863122
45,100,10,1000,linear,NPT-FR,Marginal,5.667322681435553
45,100,10,1000,linear,NPT-FR,Correlation,0.11221310506397196
45,100,10,1000,linear,Marginal-FR,Marginal,5.667322681435553
45,100,10,1000,linear,Marginal-FR,Correlation,0.6264814035475128
45,100,10,1000,linear,Gaussian-FR,Marginal,7.0597924145463695
45,100,10,1000,linear,Gaussian-FR,Correlation,0.12001145135418084
46,100,10,1000,linear,NPT-FR,Marginal,5.738436804409495
46,100,10,1000,linear,NPT-FR,Correlation,0.11307627851440723
46,100,10,1000,linear,Marginal-FR,Marginal,5.738436804409495
46,100,10,1000,linear,Marginal-FR,Correlation,0.6539253760950203
46,100,10,1000,linear,Gaussian-FR,Marginal,7.101048765380641
46,100,10,1000,linear,Gaussian-FR,Correlation,0.12127209320987074
47,100,10,1000,linear,NPT-FR,Marginal,5.747354600105298
47,100,10,1000,linear,NPT-FR,Correlation,0.11032354982248231
47,100,10,1000,linear,Marginal-FR,Marginal,5.747354600105298
47,100,10,1000,linear,Marginal-FR,Correlation,0.6119634404059539
47,100,10,1000,linear,Gaussian-FR,Marginal,7.100692084914115
47,100,10,1000,linear,Gaussian-FR,Correlation,0.1173947582173835
48,100,10,1000,linear,NPT-FR,Marginal,5.990403670056075
48,100,10,1000,linear,NPT-FR,Correlation,0.11247931776688411
48,100,10,1000,linear,Marginal-FR,Marginal,5.990403670056075
48,100,10,1000,linear,Marginal-FR,Correlation,0.633225301285705
48,100,10,1000,linear,Gaussian-FR,Marginal,7.3545890483102765
48,100,10,1000,linear,Gaussian-FR,Correlation,0.1212492633248402
49,100,10,1000,linear,NPT-FR,Marginal,5.828981685131304
49,100,10,1000,linear,NPT-FR,Correlation,0.11169996639586113
49,100,10,1000,linear,Marginal-FR,Marginal,5.828981685131304
49,100,10,1000,linear,Marginal-FR,Correlation,0.617695484584204
49,100,10,1000,linear,Gaussian-FR,Marginal,7.190106955081307
49,100,10,1000,linear,Gaussian-FR,Correlation,0.12012129224978088
50,100,10,1000,linear,NPT-FR,Marginal,5.834420727512613
50,100,10,1000,linear,NPT-FR,Correlation,0.11376759012181614
50,100,10,1000,linear,Marginal-FR,Marginal,5.834420727512613
50,100,10,1000,linear,Marginal-FR,Correlation,0.6466376667351446
50,100,10,1000,linear,Gaussian-FR,Marginal,7.252503997212865
50,100,10,1000,linear,Gaussian-FR,Correlation,0.12177118898450888
51,100,10,1000,linear,NPT-FR,Marginal,5.943742665278252
51,100,10,1000,linear,NPT-FR,Correlation,0.1109901765162007
51,100,10,1000,linear,Marginal-FR,Marginal,5.943742665278252
51,100,10,1000,linear,Marginal-FR,Correlation,0.6439995796743969
51,100,10,1000,linear,Gaussian-FR,Marginal,7.356213121542652
51,100,10,1000,linear,Gaussian-FR,Correlation,0.12204205272975031
52,100,10,1000,linear,NPT-FR,Marginal,5.905171566658379
52,100,10,1000,linear,NPT-FR,Correlation,0.11057592028916471
52,100,10,1000,linear,Marginal-FR,Marginal,5.905171566658379
52,100,10,1000,linear,Marginal-FR,Correlation,0.6630494701918548
52,100,10,1000,linear,Gaussian-FR,Marginal,7.293471992749774
52,100,10,1000,linear,Gaussian-FR,Correlation,0.1200331895435405
53,100,10,1000,linear,NPT-FR,Marginal,5.838688967110286
53,100,10,1000,linear,NPT-FR,Correlation,0.11316267615881534
53,100,10,1000,linear,Marginal-FR,Marginal,5.838688967110286
53,100,10,1000,linear,Marginal-FR,Correlation,0.6269682493019909
53,100,10,1000,linear,Gaussian-FR,Marginal,7.199537193405257
53,100,10,1000,linear,Gaussian-FR,Correlation,0.12115568518533212
54,100,10,1000,linear,NPT-FR,Marginal,5.847648309640585
54,100,10,1000,linear,NPT-FR,Correlation,0.11071482396001625
54,100,10,1000,linear,Marginal-FR,Marginal,5.847648309640585
54,100,10,1000,linear,Marginal-FR,Correlation,0.634741614644065
54,100,10,1000,linear,Gaussian-FR,Marginal,7.191721920945412
54,100,10,1000,linear,Gaussian-FR,Correlation,0.12100819362377574
55,100,10,1000,linear,NPT-FR,Marginal,5.766932903413678
55,100,10,1000,linear,NPT-FR,Correlation,0.11032585412079479
55,100,10,1000,linear,Marginal-FR,Marginal,5.766932903413678
55,100,10,1000,linear,Marginal-FR,Correlation,0.6362347210035812
55,100,10,1000,linear,Gaussian-FR,Marginal,7.168187655459465
55,100,10,1000,linear,Gaussian-FR,Correlation,0.11874821494268292
56,100,10,1000,linear,NPT-FR,Marginal,5.725386815724809
56,100,10,1000,linear,NPT-FR,Correlation,0.11249177688224427
56,100,10,1000,linear,Marginal-FR,Marginal,5.725386815724809
56,100,10,1000,linear,Marginal-FR,Correlation,0.6537053661195319
56,100,10,1000,linear,Gaussian-FR,Marginal,7.041999699001903
56,100,10,1000,linear,Gaussian-FR,Correlation,0.12039093273424484
57,100,10,1000,linear,NPT-FR,Marginal,5.892010117332501
57,100,10,1000,linear,NPT-FR,Correlation,0.11145601950396548
57,100,10,1000,linear,Marginal-FR,Marginal,5.892010117332501
57,100,10,1000,linear,Marginal-FR,Correlation,0.6391151975703765
57,100,10,1000,linear,Gaussian-FR,Marginal,7.2622589104064215
57,100,10,1000,linear,Gaussian-FR,Correlation,0.11858425496750356
58,100,10,1000,linear,NPT-FR,Marginal,5.82582781372124
58,100,10,1000,linear,NPT-FR,Correlation,0.11059885742534856
58,100,10,1000,linear,Marginal-FR,Marginal,5.82582781372124
58,100,10,1000,linear,Marginal-FR,Correlation,0.6351904195026832
58,100,10,1000,linear,Gaussian-FR,Marginal,7.156677210916719
58,100,10,1000,linear,Gaussian-FR,Correlation,0.11782651283916365
59,100,10,1000,linear,NPT-FR,Marginal,5.9031123777307
59,100,10,1000,linear,NPT-FR,Correlation,0.11146031330413723
59,100,10,1000,linear,Marginal-FR,Marginal,5.9031123777307
59,100,10,1000,linear,Marginal-FR,Correlation,0.6268154968160344
59,100,10,1000,linear,Gaussian-FR,Marginal,7.335948195747025
59,100,10,1000,linear,Gaussian-FR,Correlation,0.11950168118642819
60,100,10,1000,linear,NPT-FR,Marginal,5.555585088225582
60,100,10,1000,linear,NPT-FR,Correlation,0.11239576903863081
60,100,10,1000,linear,Marginal-FR,Marginal,5.555585088225582
60,100,10,1000,linear,Marginal-FR,Correlation,0.6225315058432337
60,100,10,1000,linear,Gaussian-FR,Marginal,6.930986402912005
60,100,10,1000,linear,Gaussian-FR,Correlation,0.12262702545223764
61,100,10,1000,linear,NPT-FR,Marginal,5.983210235400217
61,100,10,1000,linear,NPT-FR,Correlation,0.11073928388095951
61,100,10,1000,linear,Marginal-FR,Marginal,5.983210235400217
61,100,10,1000,linear,Marginal-FR,Correlation,0.6415061566549212
61,100,10,1000,linear,Gaussian-FR,Marginal,7.37663433834781
61,100,10,1000,linear,Gaussian-FR,Correlation,0.11859161290785891
62,100,10,1000,linear,NPT-FR,Marginal,6.016920713391085
62,100,10,1000,linear,NPT-FR,Correlation,0.11116935599844045
62,100,10,1000,linear,Marginal-FR,Marginal,6.016920713391085
62,100,10,1000,linear,Marginal-FR,Correlation,0.6529701552129783
62,100,10,1000,linear,Gaussian-FR,Marginal,7.426668054738971
62,100,10,1000,linear,Gaussian-FR,Correlation,0.12041028874245978
63,100,10,1000,linear,NPT-FR,Marginal,5.695291942162009
63,100,10,1000,linear,NPT-FR,Correlation,0.11263551283607956
63,100,10,1000,linear,Marginal-FR,Marginal,5.695291942162009
63,100,10,1000,linear,Marginal-FR,Correlation,0.6082119636575978
63,100,10,1000,linear,Gaussian-FR,Marginal,7.0070996015157645
63,100,10,1000,linear,Gaussian-FR,Correlation,0.12094322202159273
64,100,10,1000,linear,NPT-FR,Marginal,5.982021882755582
64,100,10,1000,linear,NPT-FR,Correlation,0.11148216085237929
64,100,10,1000,linear,Marginal-FR,Marginal,5.982021882755582
64,100,10,1000,linear,Marginal-FR,Correlation,0.633946727040771
64,100,10,1000,linear,Gaussian-FR,Marginal,7.317353021085539
64,100,10,1000,linear,Gaussian-FR,Correlation,0.11949537898387921
65,100,10,1000,linear,NPT-FR,Marginal,6.086143526907795
65,100,10,1000,linear,NPT-FR,Correlation,0.1115372715825299
65,100,10,1000,linear,Marginal-FR,Marginal,6.086143526907795
65,100,10,1000,linear,Marginal-FR,Correlation,0.6491565862450224
65,100,10,1000,linear,Gaussian-FR,Marginal,7.508068481428454
65,100,10,1000,linear,Gaussian-FR,Correlation,0.1191172750379149
66,100,10,1000,linear,NPT-FR,Marginal,5.771433407261299
66,100,10,1000,linear,NPT-FR,Correlation,0.11307487357883028
66,100,10,1000,linear,Marginal-FR,Marginal,5.771433407261299
66,100,10,1000,linear,Marginal-FR,Correlation,0.6604353513810185
66,100,10,1000,linear,Gaussian-FR,Marginal,7.102543247176837
66,100,10,1000,linear,Gaussian-FR,Correlation,0.12282850601662582
67,100,10,1000,linear,NPT-FR,Marginal,5.551804152957548
67,100,10,1000,linear,NPT-FR,Correlation,0.11370481505920771
67,100,10,1000,linear,Marginal-FR,Marginal,5.551804152957548
67,100,10,1000,linear,Marginal-FR,Correlation,0.6404781682440285
67,100,10,1000,linear,Gaussian-FR,Marginal,6.934629839828476
67,100,10,1000,linear,Gaussian-FR,Correlation,0.12110740084596489
68,100,10,1000,linear,NPT-FR,Marginal,5.943356170533709
68,100,10,1000,linear,NPT-FR,Correlation,0.11268931790837045
68,100,10,1000,linear,Marginal-FR,Marginal,5.943356170533709
68,100,10,1000,linear,Marginal-FR,Correlation,0.635894406866743
68,100,10,1000,linear,Gaussian-FR,Marginal,7.294711662889595
68,100,10,1000,linear,Gaussian-FR,Correlation,0.11950039339804275
69,100,10,1000,linear,NPT-FR,Marginal,5.993771794215854
69,100,10,1000,linear,NPT-FR,Correlation,0.11189226864250254
69,100,10,1000,linear,Marginal-FR,Marginal,5.993771794215854
69,100,10,1000,linear,Marginal-FR,Correlation,0.6276601329872672
69,100,10,1000,linear,Gaussian-FR,Marginal,7.405039929786241
69,100,10,1000,linear,Gaussian-FR,Correlation,0.12159469771785111
70,100,10,1000,linear,NPT-FR,Marginal,5.4740783716646595
70,100,10,1000,linear,NPT-FR,Correlation,0.11138968920137712
70,100,10,1000,linear,Marginal-FR,Marginal,5.4740783716646595
70,100,10,1000,linear,Marginal-FR,Correlation,0.6344706517509847
70,100,10,1000,linear,Gaussian-FR,Marginal,6.826636693624661
70,100,10,1000,linear,Gaussian-FR,Correlation,0.11863890697218439
71,100,10,1000,linear,NPT-FR,Marginal,5.831584323143165
71,100,10,1000,linear,NPT-FR,Correlation,0.11309231318150967
71,100,10,1000,linear,Marginal-FR,Marginal,5.831584323143165
71,100,10,1000,linear,Marginal-FR,Correlation,0.6520106326048268
71,100,10,1000,linear,Gaussian-FR,Marginal,7.241033292973681
71,100,10,1000,linear,Gaussian-FR,Correlation,0.122233249676917
72,100,10,1000,linear,NPT-FR,Marginal,5.697285499050793
72,100,10,1000,linear,NPT-FR,Correlation,0.11001773781430522
72,100,10,1000,linear,Marginal-FR,Marginal,5.697285499050793
72,100,10,1000,linear,Marginal-FR,Correlation,0.6553609857227096
72,100,10,1000,linear,Gaussian-FR,Marginal,7.051760951553011
72,100,10,1000,linear,Gaussian-FR,Correlation,0.11718502694181146
73,100,10,1000,linear,NPT-FR,Marginal,5.479095060666426
73,100,10,1000,linear,NPT-FR,Correlation,0.1129436419478287
73,100,10,1000,linear,Marginal-FR,Marginal,5.479095060666426
73,100,10,1000,linear,Marginal-FR,Correlation,0.648513636452325
73,100,10,1000,linear,Gaussian-FR,Marginal,6.8566036499445335
73,100,10,1000,linear,Gaussian-FR,Correlation,0.11973065897066999
74,100,10,1000,linear,NPT-FR,Marginal,5.975070097501105
74,100,10,1000,linear,NPT-FR,Correlation,0.1113685749310054
74,100,10,1000,linear,Marginal-FR,Marginal,5.975070097501105
74,100,10,1000,linear,Marginal-FR,Correlation,0.651769938249692
74,100,10,1000,linear,Gaussian-FR,Marginal,7.319997057060493
74,100,10,1000,linear,Gaussian-FR,Correlation,0.11798195699410646
75,100,10,1000,linear,NPT-FR,Marginal,5.912581603499149
75,100,10,1000,linear,NPT-FR,Correlation,0.11107832442069017
75,100,10,1000,linear,Marginal-FR,Marginal,5.912581603499149
75,100,10,1000,linear,Marginal-FR,Correlation,0.6369974469701873
75,100,10,1000,linear,Gaussian-FR,Marginal,7.320739635856957
75,100,10,1000,linear,Gaussian-FR,Correlation,0.1178355049365113
76,100,10,1000,linear,NPT-FR,Marginal,5.74915030425916
76,100,10,1000,linear,NPT-FR,Correlation,0.1103516816101492
76,100,10,1000,linear,Marginal-FR,Marginal,5.74915030425916
76,100,10,1000,linear,Marginal-FR,Correlation,0.65208346602497
76,100,10,1000,linear,Gaussian-FR,Marginal,7.1033790363421785
76,100,10,1000,linear,Gaussian-FR,Correlation,0.11905868905766548
77,100,10,1000,linear,NPT-FR,Marginal,5.522177139530534
77,100,10,1000,linear,NPT-FR,Correlation,0.10937496603945697
77,100,10,1000,linear,Marginal-FR,Marginal,5.522177139530534
77,100,10,1000,linear,Marginal-FR,Correlation,0.627876523565943
77,100,10,1000,linear,Gaussian-FR,Marginal,6.872593610167549
77,100,10,1000,linear,Gaussian-FR,Correlation,0.11490900205806738
78,100,10,1000,linear,NPT-FR,Marginal,5.9810423253288265
78,100,10,1000,linear,NPT-FR,Correlation,0.11067445041429946
78,100,10,1000,linear,Marginal-FR,Marginal,5.9810423253288265
78,100,10,1000,linear,Marginal-FR,Correlation,0.6359868579772547
78,100,10,1000,linear,Gaussian-FR,Marginal,7.387298123190503
78,100,10,1000,linear,Gaussian-FR,Correlation,0.12067971515935716
79,100,10,1000,linear,NPT-FR,Marginal,5.766084059396262
79,100,10,1000,linear,NPT-FR,Correlation,0.11099210297842185
79,100,10,1000,linear,Marginal-FR,Marginal,5.766084059396262
79,100,10,1000,linear,Marginal-FR,Correlation,0.6629450092932757
79,100,10,1000,linear,Gaussian-FR,Marginal,7.1163864555077065
79,100,10,1000,linear,Gaussian-FR,Correlation,0.12098221191109221
80,100,10,1000,linear,NPT-FR,Marginal,5.919915241169167
80,100,10,1000,linear,NPT-FR,Correlation,0.10925741685515007
80,100,10,1000,linear,Marginal-FR,Marginal,5.919915241169167
80,100,10,1000,linear,Marginal-FR,Correlation,0.6267115180328539
80,100,10,1000,linear,Gaussian-FR,Marginal,7.290889846563347
80,100,10,1000,linear,Gaussian-FR,Correlation,0.11627726640282844
81,100,10,1000,linear,NPT-FR,Marginal,5.831308126899707
81,100,10,1000,linear,NPT-FR,Correlation,0.10935820018708335
81,100,10,1000,linear,Marginal-FR,Marginal,5.831308126899707
81,100,10,1000,linear,Marginal-FR,Correlation,0.6526951839028033
81,100,10,1000,linear,Gaussian-FR,Marginal,7.22193753748068
81,100,10,1000,linear,Gaussian-FR,Correlation,0.11740376854346275
82,100,10,1000,linear,NPT-FR,Marginal,5.685080969204453
82,100,10,1000,linear,NPT-FR,Correlation,0.112917281072006
82,100,10,1000,linear,Marginal-FR,Marginal,5.685080969204453
82,100,10,1000,linear,Marginal-FR,Correlation,0.6313820185412145
82,100,10,1000,linear,Gaussian-FR,Marginal,7.067980261103736
82,100,10,1000,linear,Gaussian-FR,Correlation,0.12244934734582373
83,100,10,1000,linear,NPT-FR,Marginal,5.641691088895528
83,100,10,1000,linear,NPT-FR,Correlation,0.11361177807983187
83,100,10,1000,linear,Marginal-FR,Marginal,5.641691088895528
83,100,10,1000,linear,Marginal-FR,Correlation,0.6366652204636674
83,100,10,1000,linear,Gaussian-FR,Marginal,6.9865051074821665
83,100,10,1000,linear,Gaussian-FR,Correlation,0.12029029852465568
84,100,10,1000,linear,NPT-FR,Marginal,5.997199977738894
84,100,10,1000,linear,NPT-FR,Correlation,0.11085031299942184
84,100,10,1000,linear,Marginal-FR,Marginal,5.997199977738894
84,100,10,1000,linear,Marginal-FR,Correlation,0.6296380110922424
84,100,10,1000,linear,Gaussian-FR,Marginal,7.443544675311877
84,100,10,1000,linear,Gaussian-FR,Correlation,0.11629177715177764
85,100,10,1000,linear,NPT-FR,Marginal,5.8575502339343535
85,100,10,1000,linear,NPT-FR,Correlation,0.11206483196456589
85,100,10,1000,linear,Marginal-FR,Marginal,5.8575502339343535
85,100,10,1000,linear,Marginal-FR,Correlation,0.6444313426304221
85,100,10,1000,linear,Gaussian-FR,Marginal,7.257425787780351
85,100,10,1000,linear,Gaussian-FR,Correlation,0.12193393380678183
86,100,10,1000,linear,NPT-FR,Marginal,5.867891050195599
86,100,10,1000,linear,NPT-FR,Correlation,0.1115579901849645
86,100,10,1000,linear,Marginal-FR,Marginal,5.867891050195599
86,100,10,1000,linear,Marginal-FR,Correlation,0.6314501468507522
86,100,10,1000,linear,Gaussian-FR,Marginal,7.206405358884114
86,100,10,1000,linear,Gaussian-FR,Correlation,0.11790048312050544
87,100,10,1000,linear,NPT-FR,Marginal,5.653488676669056
87,100,10,1000,linear,NPT-FR,Correlation,0.11214057345250071
87,100,10,1000,linear,Marginal-FR,Marginal,5.653488676669056
87,100,10,1000,linear,Marginal-FR,Correlation,0.6238114774816483
87,100,10,1000,linear,Gaussian-FR,Marginal,7.053101140312144
87,100,10,1000,linear,Gaussian-FR,Correlation,0.11956930741380853
88,100,10,1000,linear,NPT-FR,Marginal,6.005277740509798
88,100,10,1000,linear,NPT-FR,Correlation,0.11012967036322065
88,100,10,1000,linear,Marginal-FR,Marginal,6.005277740509798
88,100,10,1000,linear,Marginal-FR,Correlation,0.6635358725011387
88,100,10,1000,linear,Gaussian-FR,Marginal,7.433274305181189
88,100,10,1000,linear,Gaussian-FR,Correlation,0.1211942852376252
89,100,10,1000,linear,NPT-FR,Marginal,5.712410235074304
89,100,10,1000,linear,NPT-FR,Correlation,0.1122625888336884
89,100,10,1000,linear,Marginal-FR,Marginal,5.712410235074304
89,100,10,1000,linear,Marginal-FR,Correlation,0.6322937361922041
89,100,10,1000,linear,Gaussian-FR,Marginal,7.119535885612352
89,100,10,1000,linear,Gaussian-FR,Correlation,0.12010415696615823
90,100,10,1000,linear,NPT-FR,Marginal,5.671547213286533
90,100,10,1000,linear,NPT-FR,Correlation,0.11206721451604638
90,100,10,1000,linear,Marginal-FR,Marginal,5.671547213286533
90,100,10,1000,linear,Marginal-FR,Correlation,0.630311844700796
90,100,10,1000,linear,Gaussian-FR,Marginal,7.048925993874684
90,100,10,1000,linear,Gaussian-FR,Correlation,0.11995890395864361
91,100,10,1000,linear,NPT-FR,Marginal,5.798761233349667
91,100,10,1000,linear,NPT-FR,Correlation,0.11317115512936367
91,100,10,1000,linear,Marginal-FR,Marginal,5.798761233349667
91,100,10,1000,linear,Marginal-FR,Correlation,0.6246527496856246
91,100,10,1000,linear,Gaussian-FR,Marginal,7.206819582899742
91,100,10,1000,linear,Gaussian-FR,Correlation,0.12382413353374953
92,100,10,1000,linear,NPT-FR,Marginal,5.752970460867094
92,100,10,1000,linear,NPT-FR,Correlation,0.11095047789656551
92,100,10,1000,linear,Marginal-FR,Marginal,5.752970460867094
92,100,10,1000,linear,Marginal-FR,Correlation,0.6254376655398525
92,100,10,1000,linear,Gaussian-FR,Marginal,7.184138697438695
92,100,10,1000,linear,Gaussian-FR,Correlation,0.11852048948672521
93,100,10,1000,linear,NPT-FR,Marginal,5.713617296585573
93,100,10,1000,linear,NPT-FR,Correlation,0.11312423272848557
93,100,10,1000,linear,Marginal-FR,Marginal,5.713617296585573
93,100,10,1000,linear,Marginal-FR,Correlation,0.6442704294528123
93,100,10,1000,linear,Gaussian-FR,Marginal,7.12581868149708
93,100,10,1000,linear,Gaussian-FR,Correlation,0.12157319431638552
94,100,10,1000,linear,NPT-FR,Marginal,5.916594217117882
94,100,10,1000,linear,NPT-FR,Correlation,0.11339461488921959
94,100,10,1000,linear,Marginal-FR,Marginal,5.916594217117882
94,100,10,1000,linear,Marginal-FR,Correlation,0.660595404593728
94,100,10,1000,linear,Gaussian-FR,Marginal,7.3454965122587
94,100,10,1000,linear,Gaussian-FR,Correlation,0.11612828387789169
95,100,10,1000,linear,NPT-FR,Marginal,6.0988995734655305
95,100,10,1000,linear,NPT-FR,Correlation,0.11237443771207249
95,100,10,1000,linear,Marginal-FR,Marginal,6.0988995734655305
95,100,10,1000,linear,Marginal-FR,Correlation,0.6345487758951561
95,100,10,1000,linear,Gaussian-FR,Marginal,7.445319558536004
95,100,10,1000,linear,Gaussian-FR,Correlation,0.12025759800313389
96,100,10,1000,linear,NPT-FR,Marginal,5.7723248751774765
96,100,10,1000,linear,NPT-FR,Correlation,0.1074522352126275
96,100,10,1000,linear,Marginal-FR,Marginal,5.7723248751774765
96,100,10,1000,linear,Marginal-FR,Correlation,0.6415321370297562
96,100,10,1000,linear,Gaussian-FR,Marginal,7.158349501077737
96,100,10,1000,linear,Gaussian-FR,Correlation,0.11725252781211551
97,100,10,1000,linear,NPT-FR,Marginal,5.911645953426256
97,100,10,1000,linear,NPT-FR,Correlation,0.11063807222568448
97,100,10,1000,linear,Marginal-FR,Marginal,5.911645953426256
97,100,10,1000,linear,Marginal-FR,Correlation,0.6389813988294475
97,100,10,1000,linear,Gaussian-FR,Marginal,7.321866637538489
97,100,10,1000,linear,Gaussian-FR,Correlation,0.12061072294431179
98,100,10,1000,linear,NPT-FR,Marginal,5.780407029275176
98,100,10,1000,linear,NPT-FR,Correlation,0.11190154772692666
98,100,10,1000,linear,Marginal-FR,Marginal,5.780407029275176
98,100,10,1000,linear,Marginal-FR,Correlation,0.6602113438413949
98,100,10,1000,linear,Gaussian-FR,Marginal,7.118394637694628
98,100,10,1000,linear,Gaussian-FR,Correlation,0.12089922675523934
99,100,10,1000,linear,NPT-FR,Marginal,6.232653513557869
99,100,10,1000,linear,NPT-FR,Correlation,0.11303703029429187
99,100,10,1000,linear,Marginal-FR,Marginal,6.232653513557869
99,100,10,1000,linear,Marginal-FR,Correlation,0.6267537576053814
99,100,10,1000,linear,Gaussian-FR,Marginal,7.678358228660491
99,100,10,1000,linear,Gaussian-FR,Correlation,0.12034188061774172
0,200,10,100,linear,NPT-FR,Marginal,5.541328101213599
0,200,10,100,linear,NPT-FR,Correlation,0.11471320623888288
0,200,10,100,linear,Marginal-FR,Marginal,5.541328101213599
0,200,10,100,linear,Marginal-FR,Correlation,0.6301072435966567
0,200,10,100,linear,Gaussian-FR,Marginal,6.86998958954031
0,200,10,100,linear,Gaussian-FR,Correlation,0.11940840250350845
1,200,10,100,linear,NPT-FR,Marginal,5.868374490590921
1,200,10,100,linear,NPT-FR,Correlation,0.11326801836343961
1,200,10,100,linear,Marginal-FR,Marginal,5.868374490590921
1,200,10,100,linear,Marginal-FR,Correlation,0.6373769814240805
1,200,10,100,linear,Gaussian-FR,Marginal,7.182757029574679
1,200,10,100,linear,Gaussian-FR,Correlation,0.11989421190493084
2,200,10,100,linear,NPT-FR,Marginal,5.778066088353969
2,200,10,100,linear,NPT-FR,Correlation,0.11210581940595196
2,200,10,100,linear,Marginal-FR,Marginal,5.778066088353969
2,200,10,100,linear,Marginal-FR,Correlation,0.6247249188212447
2,200,10,100,linear,Gaussian-FR,Marginal,7.106339134678524
2,200,10,100,linear,Gaussian-FR,Correlation,0.1162595949343449
3,200,10,100,linear,NPT-FR,Marginal,5.723692109189704
3,200,10,100,linear,NPT-FR,Correlation,0.11184342598475369
3,200,10,100,linear,Marginal-FR,Marginal,5.723692109189704
3,200,10,100,linear,Marginal-FR,Correlation,0.6535880025201477
3,200,10,100,linear,Gaussian-FR,Marginal,7.064384337370986
3,200,10,100,linear,Gaussian-FR,Correlation,0.11842571775548358
4,200,10,100,linear,NPT-FR,Marginal,5.983363624857809
4,200,10,100,linear,NPT-FR,Correlation,0.11249542965630965
4,200,10,100,linear,Marginal-FR,Marginal,5.983363624857809
4,200,10,100,linear,Marginal-FR,Correlation,0.6417589909306782
4,200,10,100,linear,Gaussian-FR,Marginal,7.3972009893834665
4,200,10,100,linear,Gaussian-FR,Correlation,0.11851800622791138
5,200,10,100,linear,NPT-FR,Marginal,5.433289915935321
5,200,10,100,linear,NPT-FR,Correlation,0.11329730243355941
5,200,10,100,linear,Marginal-FR,Marginal,5.433289915935321
5,200,10,100,linear,Marginal-FR,Correlation,0.6398535137952436
5,200,10,100,linear,Gaussian-FR,Marginal,6.765696364187444
5,200,10,100,linear,Gaussian-FR,Correlation,0.12129644091970034
6,200,10,100,linear,NPT-FR,Marginal,5.670538833937469
6,200,10,100,linear,NPT-FR,Correlation,0.11420829738926502
6,200,10,100,linear,Marginal-FR,Marginal,5.670538833937469
6,200,10,100,linear,Marginal-FR,Correlation,0.6353563588181079
6,200,10,100,linear,Gaussian-FR,Marginal,6.9831865139631875
6,200,10,100,linear,Gaussian-FR,Correlation,0.11701667830964971
7,200,10,100,linear,NPT-FR,Marginal,5.83982074271799
7,200,10,100,linear,NPT-FR,Correlation,0.11261775593285882
7,200,10,100,linear,Marginal-FR,Marginal,5.83982074271799
7,200,10,100,linear,Marginal-FR,Correlation,0.65607363337787
7,200,10,100,linear,Gaussian-FR,Marginal,7.14928761365024
7,200,10,100,linear,Gaussian-FR,Correlation,0.11913473031232936
8,200,10,100,linear,NPT-FR,Marginal,5.854602055022296
8,200,10,100,linear,NPT-FR,Correlation,0.11392563323187531
8,200,10,100,linear,Marginal-FR,Marginal,5.854602055022296
8,200,10,100,linear,Marginal-FR,Correlation,0.6460298509162872
8,200,10,100,linear,Gaussian-FR,Marginal,7.197549443249139
8,200,10,100,linear,Gaussian-FR,Correlation,0.12183060810400129
9,200,10,100,linear,NPT-FR,Marginal,5.760835308605913
9,200,10,100,linear,NPT-FR,Correlation,0.11419568424675935
9,200,10,100,linear,Marginal-FR,Marginal,5.760835308605913
9,200,10,100,linear,Marginal-FR,Correlation,0.6306321281070988
9,200,10,100,linear,Gaussian-FR,Marginal,7.111672686837859
9,200,10,100,linear,Gaussian-FR,Correlation,0.11932813477965677
10,200,10,100,linear,NPT-FR,Marginal,5.949117785189392
10,200,10,100,linear,NPT-FR,Correlation,0.1141640987871105
10,200,10,100,linear,Marginal-FR,Marginal,5.949117785189392
10,200,10,100,linear,Marginal-FR,Correlation,0.6323981369243143
10,200,10,100,linear,Gaussian-FR,Marginal,7.252067226208429
10,200,10,100,linear,Gaussian-FR,Correlation,0.11681932520313906
11,200,10,100,linear,NPT-FR,Marginal,5.743531344872608
11,200,10,100,linear,NPT-FR,Correlation,0.11260224599662093
11,200,10,100,linear,Marginal-FR,Marginal,5.743531344872608
11,200,10,100,linear,Marginal-FR,Correlation,0.6387233514331515
11,200,10,100,linear,Gaussian-FR,Marginal,7.072582073485999
11,200,10,100,linear,Gaussian-FR,Correlation,0.11818575852946844
12,200,10,100,linear,NPT-FR,Marginal,5.930032899257066
12,200,10,100,linear,NPT-FR,Correlation,0.11336116674784835
12,200,10,100,linear,Marginal-FR,Marginal,5.930032899257066
12,200,10,100,linear,Marginal-FR,Correlation,0.6394058585316933
12,200,10,100,linear,Gaussian-FR,Marginal,7.235993999849859
12,200,10,100,linear,Gaussian-FR,Correlation,0.1176186956836604
13,200,10,100,linear,NPT-FR,Marginal,5.606916238257316
13,200,10,100,linear,NPT-FR,Correlation,0.11338730999773378
13,200,10,100,linear,Marginal-FR,Marginal,5.606916238257316
13,200,10,100,linear,Marginal-FR,Correlation,0.6307159207408081
13,200,10,100,linear,Gaussian-FR,Marginal,6.91753619478186
13,200,10,100,linear,Gaussian-FR,Correlation,0.11783303805144726
14,200,10,100,linear,NPT-FR,Marginal,5.756643009542107
14,200,10,100,linear,NPT-FR,Correlation,0.11166028641971876
14,200,10,100,linear,Marginal-FR,Marginal,5.756643009542107
14,200,10,100,linear,Marginal-FR,Correlation,0.6503571363074597
14,200,10,100,linear,Gaussian-FR,Marginal,7.06190635448479
14,200,10,100,linear,Gaussian-FR,Correlation,0.11696068741161694
15,200,10,100,linear,NPT-FR,Marginal,5.572121831568425
15,200,10,100,linear,NPT-FR,Correlation,0.11362922249245809
15,200,10,100,linear,Marginal-FR,Marginal,5.572121831568425
15,200,10,100,linear,Marginal-FR,Correlation,0.6491606765688691
15,200,10,100,linear,Gaussian-FR,Marginal,6.911677437704308
15,200,10,100,linear,Gaussian-FR,Correlation,0.11875507656480346
16,200,10,100,linear,NPT-FR,Marginal,5.776956650184795
16,200,10,100,linear,NPT-FR,Correlation,0.11409810299505789
16,200,10,100,linear,Marginal-FR,Marginal,5.776956650184795
16,200,10,100,linear,Marginal-FR,Correlation,0.6647735107714905
16,200,10,100,linear,Gaussian-FR,Marginal,7.07709721121839
16,200,10,100,linear,Gaussian-FR,Correlation,0.11995341237915656
17,200,10,100,linear,NPT-FR,Marginal,5.830225968711867
17,200,10,100,linear,NPT-FR,Correlation,0.11621035056473025
17,200,10,100,linear,Marginal-FR,Marginal,5.830225968711867
17,200,10,100,linear,Marginal-FR,Correlation,0.6494990332201268
17,200,10,100,linear,Gaussian-FR,Marginal,7.1468601666357285
17,200,10,100,linear,Gaussian-FR,Correlation,0.1201024938549216
18,200,10,100,linear,NPT-FR,Marginal,5.989289289459099
18,200,10,100,linear,NPT-FR,Correlation,0.11461910520397052
18,200,10,100,linear,Marginal-FR,Marginal,5.989289289459099
18,200,10,100,linear,Marginal-FR,Correlation,0.6544811747254498
18,200,10,100,linear,Gaussian-FR,Marginal,7.308684508405214
18,200,10,100,linear,Gaussian-FR,Correlation,0.11979857112038063
19,200,10,100,linear,NPT-FR,Marginal,5.845503410733327
19,200,10,100,linear,NPT-FR,Correlation,0.1127407326140021
19,200,10,100,linear,Marginal-FR,Marginal,5.845503410733327
19,200,10,100,linear,Marginal-FR,Correlation,0.658636748203075
19,200,10,100,linear,Gaussian-FR,Marginal,7.187341829736215
19,200,10,100,linear,Gaussian-FR,Correlation,0.12034236315885502
20,200,10,100,linear,NPT-FR,Marginal,5.608784555935804
20,200,10,100,linear,NPT-FR,Correlation,0.11367078071664412
20,200,10,100,linear,Marginal-FR,Marginal,5.608784555935804
20,200,10,100,linear,Marginal-FR,Correlation,0.6440140887774463
20,200,10,100,linear,Gaussian-FR,Marginal,6.882703192486123
20,200,10,100,linear,Gaussian-FR,Correlation,0.11900079767129033
21,200,10,100,linear,NPT-FR,Marginal,5.559245592827994
21,200,10,100,linear,NPT-FR,Correlation,0.11370874664274612
21,200,10,100,linear,Marginal-FR,Marginal,5.559245592827994
21,200,10,100,linear,Marginal-FR,Correlation,0.6757617218272475
21,200,10,100,linear,Gaussian-FR,Marginal,6.895959999734293
21,200,10,100,linear,Gaussian-FR,Correlation,0.11809416018978772
22,200,10,100,linear,NPT-FR,Marginal,5.69774038995387
22,200,10,100,linear,NPT-FR,Correlation,0.11297793665860838
22,200,10,100,linear,Marginal-FR,Marginal,5.69774038995387
22,200,10,100,linear,Marginal-FR,Correlation,0.6648929614976491
22,200,10,100,linear,Gaussian-FR,Marginal,7.014279570591755
22,200,10,100,linear,Gaussian-FR,Correlation,0.11864959322921256
23,200,10,100,linear,NPT-FR,Marginal,5.785458251508277
23,200,10,100,linear,NPT-FR,Correlation,0.11539033719778063
23,200,10,100,linear,Marginal-FR,Marginal,5.785458251508277
23,200,10,100,linear,Marginal-FR,Correlation,0.6644624922716196
23,200,10,100,linear,Gaussian-FR,Marginal,7.100434102892398
23,200,10,100,linear,Gaussian-FR,Correlation,0.12093907622830355
24,200,10,100,linear,NPT-FR,Marginal,5.8080668801431825
24,200,10,100,linear,NPT-FR,Correlation,0.11447628197651653
24,200,10,100,linear,Marginal-FR,Marginal,5.8080668801431825
24,200,10,100,linear,Marginal-FR,Correlation,0.6455130600160546
24,200,10,100,linear,Gaussian-FR,Marginal,7.15930010570713
24,200,10,100,linear,Gaussian-FR,Correlation,0.12173410706104698
25,200,10,100,linear,NPT-FR,Marginal,5.792532521547618
25,200,10,100,linear,NPT-FR,Correlation,0.11467309245908314
25,200,10,100,linear,Marginal-FR,Marginal,5.792532521547618
25,200,10,100,linear,Marginal-FR,Correlation,0.6166803826133546
25,200,10,100,linear,Gaussian-FR,Marginal,7.128697325150337
25,200,10,100,linear,Gaussian-FR,Correlation,0.1181853157119306
26,200,10,100,linear,NPT-FR,Marginal,5.65023837455413
26,200,10,100,linear,NPT-FR,Correlation,0.11486636705017281
26,200,10,100,linear,Marginal-FR,Marginal,5.65023837455413
26,200,10,100,linear,Marginal-FR,Correlation,0.6476207277479611
26,200,10,100,linear,Gaussian-FR,Marginal,6.956832524083408
26,200,10,100,linear,Gaussian-FR,Correlation,0.11883153967887515
27,200,10,100,linear,NPT-FR,Marginal,5.528819337732363
27,200,10,100,linear,NPT-FR,Correlation,0.11484190101143972
27,200,10,100,linear,Marginal-FR,Marginal,5.528819337732363
27,200,10,100,linear,Marginal-FR,Correlation,0.6476343889164707
27,200,10,100,linear,Gaussian-FR,Marginal,6.853398246377625
27,200,10,100,linear,Gaussian-FR,Correlation,0.12059563924114473
28,200,10,100,linear,NPT-FR,Marginal,5.910813419744521
28,200,10,100,linear,NPT-FR,Correlation,0.11185679550188121
28,200,10,100,linear,Marginal-FR,Marginal,5.910813419744521
28,200,10,100,linear,Marginal-FR,Correlation,0.6426841312922801
28,200,10,100,linear,Gaussian-FR,Marginal,7.2304297591100495
28,200,10,100,linear,Gaussian-FR,Correlation,0.12101192996204171
29,200,10,100,linear,NPT-FR,Marginal,5.884853224364769
29,200,10,100,linear,NPT-FR,Correlation,0.11528446191924323
29,200,10,100,linear,Marginal-FR,Marginal,5.884853224364769
29,200,10,100,linear,Marginal-FR,Correlation,0.6325045966591206
29,200,10,100,linear,Gaussian-FR,Marginal,7.174867711460687
29,200,10,100,linear,Gaussian-FR,Correlation,0.1198185971704976
30,200,10,100,linear,NPT-FR,Marginal,5.632946613695132
30,200,10,100,linear,NPT-FR,Correlation,0.11470834832814299
30,200,10,100,linear,Marginal-FR,Marginal,5.632946613695132
30,200,10,100,linear,Marginal-FR,Correlation,0.6525456947599867
30,200,10,100,linear,Gaussian-FR,Marginal,6.953744677309238
30,200,10,100,linear,Gaussian-FR,Correlation,0.11973279177971685
31,200,10,100,linear,NPT-FR,Marginal,5.511828104551779
31,200,10,100,linear,NPT-FR,Correlation,0.1123656783270468
31,200,10,100,linear,Marginal-FR,Marginal,5.511828104551779
31,200,10,100,linear,Marginal-FR,Correlation,0.6162815447613811
31,200,10,100,linear,Gaussian-FR,Marginal,6.866163785646518
31,200,10,100,linear,Gaussian-FR,Correlation,0.1195276857967091
32,200,10,100,linear,NPT-FR,Marginal,5.930027277308494
32,200,10,100,linear,NPT-FR,Correlation,0.11305344479251625
32,200,10,100,linear,Marginal-FR,Marginal,5.930027277308494
32,200,10,100,linear,Marginal-FR,Correlation,0.6062042417122923
32,200,10,100,linear,Gaussian-FR,Marginal,7.267355453571669
32,200,10,100,linear,Gaussian-FR,Correlation,0.11787806782111207
33,200,10,100,linear,NPT-FR,Marginal,5.66147237800231
33,200,10,100,linear,NPT-FR,Correlation,0.11196355056254587
33,200,10,100,linear,Marginal-FR,Marginal,5.66147237800231
33,200,10,100,linear,Marginal-FR,Correlation,0.6545966761272991
33,200,10,100,linear,Gaussian-FR,Marginal,6.985160320871057
33,200,10,100,linear,Gaussian-FR,Correlation,0.11747735971549748
34,200,10,100,linear,NPT-FR,Marginal,5.905326729470371
34,200,10,100,linear,NPT-FR,Correlation,0.11283598521248045
34,200,10,100,linear,Marginal-FR,Marginal,5.905326729470371
34,200,10,100,linear,Marginal-FR,Correlation,0.6073589508595191
34,200,10,100,linear,Gaussian-FR,Marginal,7.220449532607586
34,200,10,100,linear,Gaussian-FR,Correlation,0.12045746959962242
35,200,10,100,linear,NPT-FR,Marginal,5.724833985602949
35,200,10,100,linear,NPT-FR,Correlation,0.11314817096886598
35,200,10,100,linear,Marginal-FR,Marginal,5.724833985602949
35,200,10,100,linear,Marginal-FR,Correlation,0.6463856872110282
35,200,10,100,linear,Gaussian-FR,Marginal,7.057548484681673
35,200,10,100,linear,Gaussian-FR,Correlation,0.11777076170303738
36,200,10,100,linear,NPT-FR,Marginal,5.792231814224645
36,200,10,100,linear,NPT-FR,Correlation,0.11319999444673101
36,200,10,100,linear,Marginal-FR,Marginal,5.792231814224645
36,200,10,100,linear,Marginal-FR,Correlation,0.6365000411409627
36,200,10,100,linear,Gaussian-FR,Marginal,7.160503425931537
36,200,10,100,linear,Gaussian-FR,Correlation,0.11812957681883017
37,200,10,100,linear,NPT-FR,Marginal,5.881111248114189
37,200,10,100,linear,NPT-FR,Correlation,0.11423974576655241
37,200,10,100,linear,Marginal-FR,Marginal,5.881111248114189
37,200,10,100,linear,Marginal-FR,Correlation,0.6456161205295671
37,200,10,100,linear,Gaussian-FR,Marginal,7.230444083300779
37,200,10,100,linear,Gaussian-FR,Correlation,0.12157753547335053
38,200,10,100,linear,NPT-FR,Marginal,5.57918484207207
38,200,10,100,linear,NPT-FR,Correlation,0.1127601354504379
38,200,10,100,linear,Marginal-FR,Marginal,5.57918484207207
38,200,10,100,linear,Marginal-FR,Correlation,0.6158962908634832
38,200,10,100,linear,Gaussian-FR,Marginal,6.909820893982472
38,200,10,100,linear,Gaussian-FR,Correlation,0.11527357461969018
39,200,10,100,linear,NPT-FR,Marginal,5.69564476556104
39,200,10,100,linear,NPT-FR,Correlation,0.11485906331918858
39,200,10,100,linear,Marginal-FR,Marginal,5.69564476556104
39,200,10,100,linear,Marginal-FR,Correlation,0.6191405342195785
39,200,10,100,linear,Gaussian-FR,Marginal,7.045159734252499
39,200,10,100,linear,Gaussian-FR,Correlation,0.12110588899202254
40,200,10,100,linear,NPT-FR,Marginal,5.680511987350418
40,200,10,100,linear,NPT-FR,Correlation,0.11521514629170562
40,200,10,100,linear,Marginal-FR,Marginal,5.680511987350418
40,200,10,100,linear,Marginal-FR,Correlation,0.6627759892947162
40,200,10,100,linear,Gaussian-FR,Marginal,6.970621964568752
40,200,10,100,linear,Gaussian-FR,Correlation,0.1208155144397025
41,200,10,100,linear,NPT-FR,Marginal,5.77170370656613
41,200,10,100,linear,NPT-FR,Correlation,0.1160161337294613
41,200,10,100,linear,Marginal-FR,Marginal,5.77170370656613
41,200,10,100,linear,Marginal-FR,Correlation,0.6757008434978123
41,200,10,100,linear,Gaussian-FR,Marginal,7.104278315888055
41,200,10,100,linear,Gaussian-FR,Correlation,0.12098025758395786
42,200,10,100,linear,NPT-FR,Marginal,5.851562356971941
42,200,10,100,linear,NPT-FR,Correlation,0.11653086039462933
42,200,10,100,linear,Marginal-FR,Marginal,5.851562356971941
42,200,10,100,linear,Marginal-FR,Correlation,0.6644852408983166
42,200,10,100,linear,Gaussian-FR,Marginal,7.144676351093944
42,200,10,100,linear,Gaussian-FR,Correlation,0.12096832696569995
43,200,10,100,linear,NPT-FR,Marginal,5.733023159890483
43,200,10,100,linear,NPT-FR,Correlation,0.11693015343023466
43,200,10,100,linear,Marginal-FR,Marginal,5.733023159890483
43,200,10,100,linear,Marginal-FR,Correlation,0.6514694684000447
43,200,10,100,linear,Gaussian-FR,Marginal,7.034082853323051
43,200,10,100,linear,Gaussian-FR,Correlation,0.12179388308234704
44,200,10,100,linear,NPT-FR,Marginal,5.620921786574471
44,200,10,100,linear,NPT-FR,Correlation,0.11213039204250981
44,200,10,100,linear,Marginal-FR,Marginal,5.620921786574471
44,200,10,100,linear,Marginal-FR,Correlation,0.6371501201973085
44,200,10,100,linear,Gaussian-FR,Marginal,6.977277009806238
44,200,10,100,linear,Gaussian-FR,Correlation,0.11741577885099296
45,200,10,100,linear,NPT-FR,Marginal,5.93678754032703
45,200,10,100,linear,NPT-FR,Correlation,0.1135947819214517
45,200,10,100,linear,Marginal-FR,Marginal,5.93678754032703
45,200,10,100,linear,Marginal-FR,Correlation,0.6732307053903692
45,200,10,100,linear,Gaussian-FR,Marginal,7.294259025114551
45,200,10,100,linear,Gaussian-FR,Correlation,0.11819448671995991
46,200,10,100,linear,NPT-FR,Marginal,5.600711817754262
46,200,10,100,linear,NPT-FR,Correlation,0.11096531700429134
46,200,10,100,linear,Marginal-FR,Marginal,5.600711817754262
46,200,10,100,linear,Marginal-FR,Correlation,0.6320979033124969
46,200,10,100,linear,Gaussian-FR,Marginal,6.959133888556731
46,200,10,100,linear,Gaussian-FR,Correlation,0.11576828455576496
47,200,10,100,linear,NPT-FR,Marginal,5.575407800735322
47,200,10,100,linear,NPT-FR,Correlation,0.11282680855027505
47,200,10,100,linear,Marginal-FR,Marginal,5.575407800735322
47,200,10,100,linear,Marginal-FR,Correlation,0.641266890128972
47,200,10,100,linear,Gaussian-FR,Marginal,6.8928275714000495
47,200,10,100,linear,Gaussian-FR,Correlation,0.11801561167964801
48,200,10,100,linear,NPT-FR,Marginal,5.6463953838493754
48,200,10,100,linear,NPT-FR,Correlation,0.11407937516574572
48,200,10,100,linear,Marginal-FR,Marginal,5.6463953838493754
48,200,10,100,linear,Marginal-FR,Correlation,0.6306651594759666
48,200,10,100,linear,Gaussian-FR,Marginal,6.988238768670046
48,200,10,100,linear,Gaussian-FR,Correlation,0.11837143282192687
49,200,10,100,linear,NPT-FR,Marginal,5.718464862391008
49,200,10,100,linear,NPT-FR,Correlation,0.1124931302904917
49,200,10,100,linear,Marginal-FR,Marginal,5.718464862391008
49,200,10,100,linear,Marginal-FR,Correlation,0.6367070246109584
49,200,10,100,linear,Gaussian-FR,Marginal,7.014852109167603
49,200,10,100,linear,Gaussian-FR,Correlation,0.11712856038917754
50,200,10,100,linear,NPT-FR,Marginal,5.781112570085493
50,200,10,100,linear,NPT-FR,Correlation,0.11146717217154056
50,200,10,100,linear,Marginal-FR,Marginal,5.781112570085493
50,200,10,100,linear,Marginal-FR,Correlation,0.6368354078497672
50,200,10,100,linear,Gaussian-FR,Marginal,7.095259466949196
50,200,10,100,linear,Gaussian-FR,Correlation,0.11662112682513544
51,200,10,100,linear,NPT-FR,Marginal,5.593231192654499
51,200,10,100,linear,NPT-FR,Correlation,0.1162678187921104
51,200,10,100,linear,Marginal-FR,Marginal,5.593231192654499
51,200,10,100,linear,Marginal-FR,Correlation,0.6480565288639553
51,200,10,100,linear,Gaussian-FR,Marginal,6.965118167150512
51,200,10,100,linear,Gaussian-FR,Correlation,0.12092582954462079
52,200,10,100,linear,NPT-FR,Marginal,5.609056280000238
52,200,10,100,linear,NPT-FR,Correlation,0.11281341389461787
52,200,10,100,linear,Marginal-FR,Marginal,5.609056280000238
52,200,10,100,linear,Marginal-FR,Correlation,0.653423846956703
52,200,10,100,linear,Gaussian-FR,Marginal,6.927771681847321
52,200,10,100,linear,Gaussian-FR,Correlation,0.11957721834970454
53,200,10,100,linear,NPT-FR,Marginal,5.789918812158613
53,200,10,100,linear,NPT-FR,Correlation,0.11322000129928773
53,200,10,100,linear,Marginal-FR,Marginal,5.789918812158613
53,200,10,100,linear,Marginal-FR,Correlation,0.6251400348048356
53,200,10,100,linear,Gaussian-FR,Marginal,7.0401287201887515
53,200,10,100,linear,Gaussian-FR,Correlation,0.11593454978554459
54,200,10,100,linear,NPT-FR,Marginal,5.712008045915995
54,200,10,100,linear,NPT-FR,Correlation,0.11279760106584291
54,200,10,100,linear,Marginal-FR,Marginal,5.712008045915995
54,200,10,100,linear,Marginal-FR,Correlation,0.6529149308909865
54,200,10,100,linear,Gaussian-FR,Marginal,6.999490892484675
54,200,10,100,linear,Gaussian-FR,Correlation,0.11652951608656545
55,200,10,100,linear,NPT-FR,Marginal,5.862855692077762
55,200,10,100,linear,NPT-FR,Correlation,0.11406477303985707
55,200,10,100,linear,Marginal-FR,Marginal,5.862855692077762
55,200,10,100,linear,Marginal-FR,Correlation,0.6452572471879009
55,200,10,100,linear,Gaussian-FR,Marginal,7.178026523669162
55,200,10,100,linear,Gaussian-FR,Correlation,0.11857325191760876
56,200,10,100,linear,NPT-FR,Marginal,6.18794139230488
56,200,10,100,linear,NPT-FR,Correlation,0.11239528507799088
56,200,10,100,linear,Marginal-FR,Marginal,6.18794139230488
56,200,10,100,linear,Marginal-FR,Correlation,0.644140544696411
56,200,10,100,linear,Gaussian-FR,Marginal,7.495309932698549
56,200,10,100,linear,Gaussian-FR,Correlation,0.11900575772860521
57,200,10,100,linear,NPT-FR,Marginal,5.781686770381504
57,200,10,100,linear,NPT-FR,Correlation,0.1139221176621283
57,200,10,100,linear,Marginal-FR,Marginal,5.781686770381504
57,200,10,100,linear,Marginal-FR,Correlation,0.666998271336921
57,200,10,100,linear,Gaussian-FR,Marginal,7.092633608695188
57,200,10,100,linear,Gaussian-FR,Correlation,0.11871282949842701
58,200,10,100,linear,NPT-FR,Marginal,5.780270122885575
58,200,10,100,linear,NPT-FR,Correlation,0.11559858859083344
58,200,10,100,linear,Marginal-FR,Marginal,5.780270122885575
58,200,10,100,linear,Marginal-FR,Correlation,0.6343219035094244
58,200,10,100,linear,Gaussian-FR,Marginal,7.083726523543675
58,200,10,100,linear,Gaussian-FR,Correlation,0.11968107326411175
59,200,10,100,linear,NPT-FR,Marginal,5.597103278323564
59,200,10,100,linear,NPT-FR,Correlation,0.11232049958852232
59,200,10,100,linear,Marginal-FR,Marginal,5.597103278323564
59,200,10,100,linear,Marginal-FR,Correlation,0.6204279748734867
59,200,10,100,linear,Gaussian-FR,Marginal,6.90900502742456
59,200,10,100,linear,Gaussian-FR,Correlation,0.11832808523891493
60,200,10,100,linear,NPT-FR,Marginal,5.8082344435090985
60,200,10,100,linear,NPT-FR,Correlation,0.11361329328534128
60,200,10,100,linear,Marginal-FR,Marginal,5.8082344435090985
60,200,10,100,linear,Marginal-FR,Correlation,0.6488338279017765
60,200,10,100,linear,Gaussian-FR,Marginal,7.165402269695024
60,200,10,100,linear,Gaussian-FR,Correlation,0.11933197051410721
61,200,10,100,linear,NPT-FR,Marginal,5.741422420195834
61,200,10,100,linear,NPT-FR,Correlation,0.11253273236716035
61,200,10,100,linear,Marginal-FR,Marginal,5.741422420195834
61,200,10,100,linear,Marginal-FR,Correlation,0.6323059091120633
61,200,10,100,linear,Gaussian-FR,Marginal,7.065373972572194
61,200,10,100,linear,Gaussian-FR,Correlation,0.11923295798760898
62,200,10,100,linear,NPT-FR,Marginal,5.449893861186955
62,200,10,100,linear,NPT-FR,Correlation,0.11206198462526609
62,200,10,100,linear,Marginal-FR,Marginal,5.449893861186955
62,200,10,100,linear,Marginal-FR,Correlation,0.646203161872241
62,200,10,100,linear,Gaussian-FR,Marginal,6.809060529454172
62,200,10,100,linear,Gaussian-FR,Correlation,0.11742601203287693
63,200,10,100,linear,NPT-FR,Marginal,6.061772418906115
63,200,10,100,linear,NPT-FR,Correlation,0.11408743898936245
63,200,10,100,linear,Marginal-FR,Marginal,6.061772418906115
63,200,10,100,linear,Marginal-FR,Correlation,0.6235465443167875
63,200,10,100,linear,Gaussian-FR,Marginal,7.3375919300000945
63,200,10,100,linear,Gaussian-FR,Correlation,0.1177569450104734
64,200,10,100,linear,NPT-FR,Marginal,5.731247882654934
64,200,10,100,linear,NPT-FR,Correlation,0.11547281658077982
64,200,10,100,linear,Marginal-FR,Marginal,5.731247882654934
64,200,10,100,linear,Marginal-FR,Correlation,0.6612987761080351
64,200,10,100,linear,Gaussian-FR,Marginal,7.057854068154363
64,200,10,100,linear,Gaussian-FR,Correlation,0.12080204509954857
65,200,10,100,linear,NPT-FR,Marginal,6.069487806074977
65,200,10,100,linear,NPT-FR,Correlation,0.11251995496770703
65,200,10,100,linear,Marginal-FR,Marginal,6.069487806074977
65,200,10,100,linear,Marginal-FR,Correlation,0.6042005050927303
65,200,10,100,linear,Gaussian-FR,Marginal,7.342333529526705
65,200,10,100,linear,Gaussian-FR,Correlation,0.1153840575971225
66,200,10,100,linear,NPT-FR,Marginal,5.648331253639428
66,200,10,100,linear,NPT-FR,Correlation,0.11483895561845935
66,200,10,100,linear,Marginal-FR,Marginal,5.648331253639428
66,200,10,100,linear,Marginal-FR,Correlation,0.654933824258406
66,200,10,100,linear,Gaussian-FR,Marginal,6.99948086053959
66,200,10,100,linear,Gaussian-FR,Correlation,0.12075309152770848
67,200,10,100,linear,NPT-FR,Marginal,5.650008313685566
67,200,10,100,linear,NPT-FR,Correlation,0.11146583096523617
67,200,10,100,linear,Marginal-FR,Marginal,5.650008313685566
67,200,10,100,linear,Marginal-FR,Correlation,0.6444606715685889
67,200,10,100,linear,Gaussian-FR,Marginal,6.994284841240531
67,200,10,100,linear,Gaussian-FR,Correlation,0.11915251192156284
68,200,10,100,linear,NPT-FR,Marginal,5.677286566479498
68,200,10,100,linear,NPT-FR,Correlation,0.11268696942825696
68,200,10,100,linear,Marginal-FR,Marginal,5.677286566479498
68,200,10,100,linear,Marginal-FR,Correlation,0.6344792776594826
68,200,10,100,linear,Gaussian-FR,Marginal,7.033716658524457
68,200,10,100,linear,Gaussian-FR,Correlation,0.12021518312532961
69,200,10,100,linear,NPT-FR,Marginal,5.928397168310849
69,200,10,100,linear,NPT-FR,Correlation,0.1133604322093942
69,200,10,100,linear,Marginal-FR,Marginal,5.928397168310849
69,200,10,100,linear,Marginal-FR,Correlation,0.6260040670014692
69,200,10,100,linear,Gaussian-FR,Marginal,7.211126543385694
69,200,10,100,linear,Gaussian-FR,Correlation,0.11811345704466479
70,200,10,100,linear,NPT-FR,Marginal,5.8803948570220514
70,200,10,100,linear,NPT-FR,Correlation,0.11399365703258124
70,200,10,100,linear,Marginal-FR,Marginal,5.8803948570220514
70,200,10,100,linear,Marginal-FR,Correlation,0.6324435678868778
70,200,10,100,linear,Gaussian-FR,Marginal,7.1617774324137
70,200,10,100,linear,Gaussian-FR,Correlation,0.12058665631333983
71,200,10,100,linear,NPT-FR,Marginal,5.797625801659512
71,200,10,100,linear,NPT-FR,Correlation,0.1131828634195963
71,200,10,100,linear,Marginal-FR,Marginal,5.797625801659512
71,200,10,100,linear,Marginal-FR,Correlation,0.6401162422124771
71,200,10,100,linear,Gaussian-FR,Marginal,7.104428821524236
71,200,10,100,linear,Gaussian-FR,Correlation,0.11717126758402958
72,200,10,100,linear,NPT-FR,Marginal,5.81170729920884
72,200,10,100,linear,NPT-FR,Correlation,0.11432974483450158
72,200,10,100,linear,Marginal-FR,Marginal,5.81170729920884
72,200,10,100,linear,Marginal-FR,Correlation,0.6336249738911263
72,200,10,100,linear,Gaussian-FR,Marginal,7.142214767774088
72,200,10,100,linear,Gaussian-FR,Correlation,0.11879225573498868
73,200,10,100,linear,NPT-FR,Marginal,5.562919652318513
73,200,10,100,linear,NPT-FR,Correlation,0.11268559064397697
73,200,10,100,linear,Marginal-FR,Marginal,5.562919652318513
73,200,10,100,linear,Marginal-FR,Correlation,0.6334867379583863
73,200,10,100,linear,Gaussian-FR,Marginal,6.922881632388152
73,200,10,100,linear,Gaussian-FR,Correlation,0.11801547161913198
74,200,10,100,linear,NPT-FR,Marginal,5.971035752682752
74,200,10,100,linear,NPT-FR,Correlation,0.11358026051800033
74,200,10,100,linear,Marginal-FR,Marginal,5.971035752682752
74,200,10,100,linear,Marginal-FR,Correlation,0.6401746309682654
74,200,10,100,linear,Gaussian-FR,Marginal,7.288330291460949
74,200,10,100,linear,Gaussian-FR,Correlation,0.11866637613877645
75,200,10,100,linear,NPT-FR,Marginal,5.847105403950151
75,200,10,100,linear,NPT-FR,Correlation,0.11271543362535968
75,200,10,100,linear,Marginal-FR,Marginal,5.847105403950151
75,200,10,100,linear,Marginal-FR,Correlation,0.6417958242916277
75,200,10,100,linear,Gaussian-FR,Marginal,7.210082520806369
75,200,10,100,linear,Gaussian-FR,Correlation,0.1181534899218525
76,200,10,100,linear,NPT-FR,Marginal,5.84709658899718
76,200,10,100,linear,NPT-FR,Correlation,0.11555434824304445
76,200,10,100,linear,Marginal-FR,Marginal,5.84709658899718
76,200,10,100,linear,Marginal-FR,Correlation,0.657616405395036
76,200,10,100,linear,Gaussian-FR,Marginal,7.1713789802330625
76,200,10,100,linear,Gaussian-FR,Correlation,0.12284973824997356
77,200,10,100,linear,NPT-FR,Marginal,5.878351982901425
77,200,10,100,linear,NPT-FR,Correlation,0.11158746109313766
77,200,10,100,linear,Marginal-FR,Marginal,5.878351982901425
77,200,10,100,linear,Marginal-FR,Correlation,0.6319442256353575
77,200,10,100,linear,Gaussian-FR,Marginal,7.177283265769084
77,200,10,100,linear,Gaussian-FR,Correlation,0.11495070564202961
78,200,10,100,linear,NPT-FR,Marginal,5.668597887237903
78,200,10,100,linear,NPT-FR,Correlation,0.11237788811494773
78,200,10,100,linear,Marginal-FR,Marginal,5.668597887237903
78,200,10,100,linear,Marginal-FR,Correlation,0.6636907577778383
78,200,10,100,linear,Gaussian-FR,Marginal,6.980344672759332
78,200,10,100,linear,Gaussian-FR,Correlation,0.12013097944134676
79,200,10,100,linear,NPT-FR,Marginal,5.839829799795654
79,200,10,100,linear,NPT-FR,Correlation,0.11679387773914687
79,200,10,100,linear,Marginal-FR,Marginal,5.839829799795654
79,200,10,100,linear,Marginal-FR,Correlation,0.6349983573300974
79,200,10,100,linear,Gaussian-FR,Marginal,7.144639348006818
79,200,10,100,linear,Gaussian-FR,Correlation,0.11956629086966439
80,200,10,100,linear,NPT-FR,Marginal,5.618465320468308
80,200,10,100,linear,NPT-FR,Correlation,0.11480604660399323
80,200,10,100,linear,Marginal-FR,Marginal,5.618465320468308
80,200,10,100,linear,Marginal-FR,Correlation,0.6212435665649184
80,200,10,100,linear,Gaussian-FR,Marginal,6.922240787917699
80,200,10,100,linear,Gaussian-FR,Correlation,0.1197914062404222
81,200,10,100,linear,NPT-FR,Marginal,5.603757668992575
81,200,10,100,linear,NPT-FR,Correlation,0.11372368164146643
81,200,10,100,linear,Marginal-FR,Marginal,5.603757668992575
81,200,10,100,linear,Marginal-FR,Correlation,0.6374893851990704
81,200,10,100,linear,Gaussian-FR,Marginal,6.910676051170071
81,200,10,100,linear,Gaussian-FR,Correlation,0.11952726180455206
82,200,10,100,linear,NPT-FR,Marginal,5.631774979185972
82,200,10,100,linear,NPT-FR,Correlation,0.11520152327931012
82,200,10,100,linear,Marginal-FR,Marginal,5.631774979185972
82,200,10,100,linear,Marginal-FR,Correlation,0.6571364700422183
82,200,10,100,linear,Gaussian-FR,Marginal,6.980063922359972
82,200,10,100,linear,Gaussian-FR,Correlation,0.1201624322948038
83,200,10,100,linear,NPT-FR,Marginal,5.805524291033132
83,200,10,100,linear,NPT-FR,Correlation,0.11329260062769725
83,200,10,100,linear,Marginal-FR,Marginal,5.805524291033132
83,200,10,100,linear,Marginal-FR,Correlation,0.6496571941625601
83,200,10,100,linear,Gaussian-FR,Marginal,7.190130949327949
83,200,10,100,linear,Gaussian-FR,Correlation,0.11937183517052255
84,200,10,100,linear,NPT-FR,Marginal,5.607874931389581
84,200,10,100,linear,NPT-FR,Correlation,0.11284280381949376
84,200,10,100,linear,Marginal-FR,Marginal,5.607874931389581
84,200,10,100,linear,Marginal-FR,Correlation,0.6272704337816993
84,200,10,100,linear,Gaussian-FR,Marginal,6.9700587075981435
84,200,10,100,linear,Gaussian-FR,Correlation,0.11580476387764772
85,200,10,100,linear,NPT-FR,Marginal,5.648189381371998
85,200,10,100,linear,NPT-FR,Correlation,0.11214633313274737
85,200,10,100,linear,Marginal-FR,Marginal,5.648189381371998
85,200,10,100,linear,Marginal-FR,Correlation,0.6543925669322659
85,200,10,100,linear,Gaussian-FR,Marginal,7.000762130819444
85,200,10,100,linear,Gaussian-FR,Correlation,0.11723010273333678
86,200,10,100,linear,NPT-FR,Marginal,5.672818804101593
86,200,10,100,linear,NPT-FR,Correlation,0.11422743877371525
86,200,10,100,linear,Marginal-FR,Marginal,5.672818804101593
86,200,10,100,linear,Marginal-FR,Correlation,0.6481172770178255
86,200,10,100,linear,Gaussian-FR,Marginal,7.043617174081357
86,200,10,100,linear,Gaussian-FR,Correlation,0.11813997047323296
87,200,10,100,linear,NPT-FR,Marginal,5.76565333757403
87,200,10,100,linear,NPT-FR,Correlation,0.11621883183620522
87,200,10,100,linear,Marginal-FR,Marginal,5.76565333757403
87,200,10,100,linear,Marginal-FR,Correlation,0.6239967562130492
87,200,10,100,linear,Gaussian-FR,Marginal,7.131963648097449
87,200,10,100,linear,Gaussian-FR,Correlation,0.12165636122547027
88,200,10,100,linear,NPT-FR,Marginal,5.7579778013389
88,200,10,100,linear,NPT-FR,Correlation,0.11114130803093837
88,200,10,100,linear,Marginal-FR,Marginal,5.7579778013389
88,200,10,100,linear,Marginal-FR,Correlation,0.6379921393196799
88,200,10,100,linear,Gaussian-FR,Marginal,7.0315793883610365
88,200,10,100,linear,Gaussian-FR,Correlation,0.11831555280773047
89,200,10,100,linear,NPT-FR,Marginal,5.73432485736722
89,200,10,100,linear,NPT-FR,Correlation,0.1163044963888855
89,200,10,100,linear,Marginal-FR,Marginal,5.73432485736722
89,200,10,100,linear,Marginal-FR,Correlation,0.6386732548750397
89,200,10,100,linear,Gaussian-FR,Marginal,7.047211932076708
89,200,10,100,linear,Gaussian-FR,Correlation,0.11972456263602878
90,200,10,100,linear,NPT-FR,Marginal,5.694343030081258
90,200,10,100,linear,NPT-FR,Correlation,0.11473381701372369
90,200,10,100,linear,Marginal-FR,Marginal,5.694343030081258
90,200,10,100,linear,Marginal-FR,Correlation,0.6407670520614209
90,200,10,100,linear,Gaussian-FR,Marginal,7.010523731583696
90,200,10,100,linear,Gaussian-FR,Correlation,0.12044322703294952
91,200,10,100,linear,NPT-FR,Marginal,5.638876852689497
91,200,10,100,linear,NPT-FR,Correlation,0.11346078517664052
91,200,10,100,linear,Marginal-FR,Marginal,5.638876852689497
91,200,10,100,linear,Marginal-FR,Correlation,0.6546294281073983
91,200,10,100,linear,Gaussian-FR,Marginal,6.996409373135052
91,200,10,100,linear,Gaussian-FR,Correlation,0.11935471057963469
92,200,10,100,linear,NPT-FR,Marginal,5.715534077413273
92,200,10,100,linear,NPT-FR,Correlation,0.1140792437229969
92,200,10,100,linear,Marginal-FR,Marginal,5.715534077413273
92,200,10,100,linear,Marginal-FR,Correlation,0.6527612386366617
92,200,10,100,linear,Gaussian-FR,Marginal,7.018418598658369
92,200,10,100,linear,Gaussian-FR,Correlation,0.11850863275596685
93,200,10,100,linear,NPT-FR,Marginal,5.43404913367938
93,200,10,100,linear,NPT-FR,Correlation,0.1124383845128262
93,200,10,100,linear,Marginal-FR,Marginal,5.43404913367938
93,200,10,100,linear,Marginal-FR,Correlation,0.6338134065319027
93,200,10,100,linear,Gaussian-FR,Marginal,6.768608133313457
93,200,10,100,linear,Gaussian-FR,Correlation,0.11782506036637638
94,200,10,100,linear,NPT-FR,Marginal,5.912352231430297
94,200,10,100,linear,NPT-FR,Correlation,0.1129794136683604
94,200,10,100,linear,Marginal-FR,Marginal,5.912352231430297
94,200,10,100,linear,Marginal-FR,Correlation,0.6472743734801353
94,200,10,100,linear,Gaussian-FR,Marginal,7.226241233040622
94,200,10,100,linear,Gaussian-FR,Correlation,0.11793603814169044
95,200,10,100,linear,NPT-FR,Marginal,5.706309224139723
95,200,10,100,linear,NPT-FR,Correlation,0.11244238704055591
95,200,10,100,linear,Marginal-FR,Marginal,5.706309224139723
95,200,10,100,linear,Marginal-FR,Correlation,0.6551349607843353
95,200,10,100,linear,Gaussian-FR,Marginal,6.989179286378624
95,200,10,100,linear,Gaussian-FR,Correlation,0.11949117047142924
96,200,10,100,linear,NPT-FR,Marginal,5.616878143832246
96,200,10,100,linear,NPT-FR,Correlation,0.11330814598101002
96,200,10,100,linear,Marginal-FR,Marginal,5.616878143832246
96,200,10,100,linear,Marginal-FR,Correlation,0.6415400114080781
96,200,10,100,linear,Gaussian-FR,Marginal,6.9105104114770795
96,200,10,100,linear,Gaussian-FR,Correlation,0.11673923078949525
97,200,10,100,linear,NPT-FR,Marginal,5.750724323258408
97,200,10,100,linear,NPT-FR,Correlation,0.11146867244891802
97,200,10,100,linear,Marginal-FR,Marginal,5.750724323258408
97,200,10,100,linear,Marginal-FR,Correlation,0.6222349579785259
97,200,10,100,linear,Gaussian-FR,Marginal,7.038226866565812
97,200,10,100,linear,Gaussian-FR,Correlation,0.11828559628088849
98,200,10,100,linear,NPT-FR,Marginal,5.869154431994419
98,200,10,100,linear,NPT-FR,Correlation,0.11259844023361205
98,200,10,100,linear,Marginal-FR,Marginal,5.869154431994419
98,200,10,100,linear,Marginal-FR,Correlation,0.60304313761553
98,200,10,100,linear,Gaussian-FR,Marginal,7.24444405070746
98,200,10,100,linear,Gaussian-FR,Correlation,0.11791680185221227
99,200,10,100,linear,NPT-FR,Marginal,5.683614346998533
99,200,10,100,linear,NPT-FR,Correlation,0.11211557792726108
99,200,10,100,linear,Marginal-FR,Marginal,5.683614346998533
99,200,10,100,linear,Marginal-FR,Correlation,0.6426864875222527
99,200,10,100,linear,Gaussian-FR,Marginal,7.0137447228165355
99,200,10,100,linear,Gaussian-FR,Correlation,0.11738089385958901
0,200,10,1000,linear,NPT-FR,Marginal,6.047655672456758
0,200,10,1000,linear,NPT-FR,Correlation,0.11016188604316783
0,200,10,1000,linear,Marginal-FR,Marginal,6.047655672456758
0,200,10,1000,linear,Marginal-FR,Correlation,0.6502260017082732
0,200,10,1000,linear,Gaussian-FR,Marginal,7.408199254418673
0,200,10,1000,linear,Gaussian-FR,Correlation,0.1169267115664658
1,200,10,1000,linear,NPT-FR,Marginal,5.474319674985344
1,200,10,1000,linear,NPT-FR,Correlation,0.10921006193755377
1,200,10,1000,linear,Marginal-FR,Marginal,5.474319674985344
1,200,10,1000,linear,Marginal-FR,Correlation,0.6310609515562702
1,200,10,1000,linear,Gaussian-FR,Marginal,6.833459814413162
1,200,10,1000,linear,Gaussian-FR,Correlation,0.11697987947916255
2,200,10,1000,linear,NPT-FR,Marginal,5.697905759687844
2,200,10,1000,linear,NPT-FR,Correlation,0.10847042530613876
2,200,10,1000,linear,Marginal-FR,Marginal,5.697905759687844
2,200,10,1000,linear,Marginal-FR,Correlation,0.6298137638514811
2,200,10,1000,linear,Gaussian-FR,Marginal,7.059796028675036
2,200,10,1000,linear,Gaussian-FR,Correlation,0.11615104753126604
3,200,10,1000,linear,NPT-FR,Marginal,5.88835322631132
3,200,10,1000,linear,NPT-FR,Correlation,0.1080354167412625
3,200,10,1000,linear,Marginal-FR,Marginal,5.88835322631132
3,200,10,1000,linear,Marginal-FR,Correlation,0.6311246091060192
3,200,10,1000,linear,Gaussian-FR,Marginal,7.272540280540767
3,200,10,1000,linear,Gaussian-FR,Correlation,0.11732265248581805
4,200,10,1000,linear,NPT-FR,Marginal,5.793272014155422
4,200,10,1000,linear,NPT-FR,Correlation,0.10903000996130684
4,200,10,1000,linear,Marginal-FR,Marginal,5.793272014155422
4,200,10,1000,linear,Marginal-FR,Correlation,0.6435446397698295
4,200,10,1000,linear,Gaussian-FR,Marginal,7.16980599414738
4,200,10,1000,linear,Gaussian-FR,Correlation,0.11852382089695553
5,200,10,1000,linear,NPT-FR,Marginal,5.950376570928561
5,200,10,1000,linear,NPT-FR,Correlation,0.11121202759359766
5,200,10,1000,linear,Marginal-FR,Marginal,5.950376570928561
5,200,10,1000,linear,Marginal-FR,Correlation,0.6206998960896127
5,200,10,1000,linear,Gaussian-FR,Marginal,7.321123827824975
5,200,10,1000,linear,Gaussian-FR,Correlation,0.11668941421533233
6,200,10,1000,linear,NPT-FR,Marginal,5.688416881390537
6,200,10,1000,linear,NPT-FR,Correlation,0.10878551099797988
6,200,10,1000,linear,Marginal-FR,Marginal,5.688416881390537
6,200,10,1000,linear,Marginal-FR,Correlation,0.6349081662446306
6,200,10,1000,linear,Gaussian-FR,Marginal,7.055855857850081
6,200,10,1000,linear,Gaussian-FR,Correlation,0.11715527425957094
7,200,10,1000,linear,NPT-FR,Marginal,5.52798947057831
7,200,10,1000,linear,NPT-FR,Correlation,0.1113735241601447
7,200,10,1000,linear,Marginal-FR,Marginal,5.52798947057831
7,200,10,1000,linear,Marginal-FR,Correlation,0.6270897457765879
7,200,10,1000,linear,Gaussian-FR,Marginal,6.905863849226071
7,200,10,1000,linear,Gaussian-FR,Correlation,0.11915438575367682
8,200,10,1000,linear,NPT-FR,Marginal,5.778278005519925
8,200,10,1000,linear,NPT-FR,Correlation,0.11061505236799951
8,200,10,1000,linear,Marginal-FR,Marginal,5.778278005519925
8,200,10,1000,linear,Marginal-FR,Correlation,0.6563205173431439
8,200,10,1000,linear,Gaussian-FR,Marginal,7.193014572070693
8,200,10,1000,linear,Gaussian-FR,Correlation,0.11762916439493383
9,200,10,1000,linear,NPT-FR,Marginal,5.775815857935038
9,200,10,1000,linear,NPT-FR,Correlation,0.10889120885938967
9,200,10,1000,linear,Marginal-FR,Marginal,5.775815857935038
9,200,10,1000,linear,Marginal-FR,Correlation,0.6506657241370895
9,200,10,1000,linear,Gaussian-FR,Marginal,7.137025658250532
9,200,10,1000,linear,Gaussian-FR,Correlation,0.1154920427092637
10,200,10,1000,linear,NPT-FR,Marginal,5.677239367825186
10,200,10,1000,linear,NPT-FR,Correlation,0.11054089946941636
10,200,10,1000,linear,Marginal-FR,Marginal,5.677239367825186
10,200,10,1000,linear,Marginal-FR,Correlation,0.6444357500823834
10,200,10,1000,linear,Gaussian-FR,Marginal,7.060389156215416
10,200,10,1000,linear,Gaussian-FR,Correlation,0.11777331299412439
11,200,10,1000,linear,NPT-FR,Marginal,5.766367203171851
11,200,10,1000,linear,NPT-FR,Correlation,0.10965571268839915
11,200,10,1000,linear,Marginal-FR,Marginal,5.766367203171851
11,200,10,1000,linear,Marginal-FR,Correlation,0.6295175822944811
11,200,10,1000,linear,Gaussian-FR,Marginal,7.10308462298195
11,200,10,1000,linear,Gaussian-FR,Correlation,0.1170500119524262
12,200,10,1000,linear,NPT-FR,Marginal,5.7264992928703835
12,200,10,1000,linear,NPT-FR,Correlation,0.11012716733524494
12,200,10,1000,linear,Marginal-FR,Marginal,5.7264992928703835
12,200,10,1000,linear,Marginal-FR,Correlation,0.6245650462693112
12,200,10,1000,linear,Gaussian-FR,Marginal,7.08010111193943
12,200,10,1000,linear,Gaussian-FR,Correlation,0.11698785274279772
13,200,10,1000,linear,NPT-FR,Marginal,5.666295965557742
13,200,10,1000,linear,NPT-FR,Correlation,0.10719441872559511
13,200,10,1000,linear,Marginal-FR,Marginal,5.666295965557742
13,200,10,1000,linear,Marginal-FR,Correlation,0.6495353944249856
13,200,10,1000,linear,Gaussian-FR,Marginal,7.0209962713803336
13,200,10,1000,linear,Gaussian-FR,Correlation,0.1143424199495032
14,200,10,1000,linear,NPT-FR,Marginal,5.620110702486945
14,200,10,1000,linear,NPT-FR,Correlation,0.1086714459835883
14,200,10,1000,linear,Marginal-FR,Marginal,5.620110702486945
14,200,10,1000,linear,Marginal-FR,Correlation,0.6321489703078013
14,200,10,1000,linear,Gaussian-FR,Marginal,6.992134204467694
14,200,10,1000,linear,Gaussian-FR,Correlation,0.11592538891124464
15,200,10,1000,linear,NPT-FR,Marginal,5.817273811261663
15,200,10,1000,linear,NPT-FR,Correlation,0.10991655917801617
15,200,10,1000,linear,Marginal-FR,Marginal,5.817273811261663
15,200,10,1000,linear,Marginal-FR,Correlation,0.6681693507688635
15,200,10,1000,linear,Gaussian-FR,Marginal,7.228072262877282
15,200,10,1000,linear,Gaussian-FR,Correlation,0.11751681420405859
16,200,10,1000,linear,NPT-FR,Marginal,5.525695783658643
16,200,10,1000,linear,NPT-FR,Correlation,0.11107366930299417
16,200,10,1000,linear,Marginal-FR,Marginal,5.525695783658643
16,200,10,1000,linear,Marginal-FR,Correlation,0.6641644214207421
16,200,10,1000,linear,Gaussian-FR,Marginal,6.879501891223676
16,200,10,1000,linear,Gaussian-FR,Correlation,0.11731418376207901
17,200,10,1000,linear,NPT-FR,Marginal,5.802314615462191
17,200,10,1000,linear,NPT-FR,Correlation,0.10968886053738186
17,200,10,1000,linear,Marginal-FR,Marginal,5.802314615462191
17,200,10,1000,linear,Marginal-FR,Correlation,0.6548039614327553
17,200,10,1000,linear,Gaussian-FR,Marginal,7.202175595546525
17,200,10,1000,linear,Gaussian-FR,Correlation,0.11795863077995358
18,200,10,1000,linear,NPT-FR,Marginal,5.68563124457535
18,200,10,1000,linear,NPT-FR,Correlation,0.1093690583089025
18,200,10,1000,linear,Marginal-FR,Marginal,5.68563124457535
18,200,10,1000,linear,Marginal-FR,Correlation,0.6448035917663586
18,200,10,1000,linear,Gaussian-FR,Marginal,7.023643281682832
18,200,10,1000,linear,Gaussian-FR,Correlation,0.11769579594921055
19,200,10,1000,linear,NPT-FR,Marginal,5.491274756395365
19,200,10,1000,linear,NPT-FR,Correlation,0.1097736584238545
19,200,10,1000,linear,Marginal-FR,Marginal,5.491274756395365
19,200,10,1000,linear,Marginal-FR,Correlation,0.6451639294649711
19,200,10,1000,linear,Gaussian-FR,Marginal,6.885620072149621
19,200,10,1000,linear,Gaussian-FR,Correlation,0.11766064908586889
20,200,10,1000,linear,NPT-FR,Marginal,5.721840220000017
20,200,10,1000,linear,NPT-FR,Correlation,0.10856918930434495
20,200,10,1000,linear,Marginal-FR,Marginal,5.721840220000017
20,200,10,1000,linear,Marginal-FR,Correlation,0.6574238713055753
20,200,10,1000,linear,Gaussian-FR,Marginal,7.126301114496717
20,200,10,1000,linear,Gaussian-FR,Correlation,0.11478192309055445
21,200,10,1000,linear,NPT-FR,Marginal,5.46998155613092
21,200,10,1000,linear,NPT-FR,Correlation,0.11084445845526568
21,200,10,1000,linear,Marginal-FR,Marginal,5.46998155613092
21,200,10,1000,linear,Marginal-FR,Correlation,0.6159245066261227
21,200,10,1000,linear,Gaussian-FR,Marginal,6.8441948527726835
21,200,10,1000,linear,Gaussian-FR,Correlation,0.11748491097864885
22,200,10,1000,linear,NPT-FR,Marginal,5.701018675444106
22,200,10,1000,linear,NPT-FR,Correlation,0.10901734386344149
22,200,10,1000,linear,Marginal-FR,Marginal,5.701018675444106
22,200,10,1000,linear,Marginal-FR,Correlation,0.6341574142004854
22,200,10,1000,linear,Gaussian-FR,Marginal,7.107654267678302
22,200,10,1000,linear,Gaussian-FR,Correlation,0.11568861908729001
23,200,10,1000,linear,NPT-FR,Marginal,5.938428686653481
23,200,10,1000,linear,NPT-FR,Correlation,0.10952762126125769
23,200,10,1000,linear,Marginal-FR,Marginal,5.938428686653481
23,200,10,1000,linear,Marginal-FR,Correlation,0.658801799512194
23,200,10,1000,linear,Gaussian-FR,Marginal,7.3261377987502385
23,200,10,1000,linear,Gaussian-FR,Correlation,0.1177657372488529
24,200,10,1000,linear,NPT-FR,Marginal,5.821077707535496
24,200,10,1000,linear,NPT-FR,Correlation,0.10907360635673176
24,200,10,1000,linear,Marginal-FR,Marginal,5.821077707535496
24,200,10,1000,linear,Marginal-FR,Correlation,0.634813711090492
24,200,10,1000,linear,Gaussian-FR,Marginal,7.188908554225558
24,200,10,1000,linear,Gaussian-FR,Correlation,0.11887663960825975
25,200,10,1000,linear,NPT-FR,Marginal,5.724511595693404
25,200,10,1000,linear,NPT-FR,Correlation,0.11100548793980027
25,200,10,1000,linear,Marginal-FR,Marginal,5.724511595693404
25,200,10,1000,linear,Marginal-FR,Correlation,0.6367653222856623
25,200,10,1000,linear,Gaussian-FR,Marginal,7.083495997878247
25,200,10,1000,linear,Gaussian-FR,Correlation,0.11766400416492588
26,200,10,1000,linear,NPT-FR,Marginal,5.6129937345345
26,200,10,1000,linear,NPT-FR,Correlation,0.11015417534045063
26,200,10,1000,linear,Marginal-FR,Marginal,5.6129937345345
26,200,10,1000,linear,Marginal-FR,Correlation,0.628364550051632
26,200,10,1000,linear,Gaussian-FR,Marginal,7.011179059992324
26,200,10,1000,linear,Gaussian-FR,Correlation,0.11669278807849243
27,200,10,1000,linear,NPT-FR,Marginal,5.631962089760655
27,200,10,1000,linear,NPT-FR,Correlation,0.10862239238872892
27,200,10,1000,linear,Marginal-FR,Marginal,5.631962089760655
27,200,10,1000,linear,Marginal-FR,Correlation,0.6340559176246188
27,200,10,1000,linear,Gaussian-FR,Marginal,7.031972818829931
27,200,10,1000,linear,Gaussian-FR,Correlation,0.11588604227459401
28,200,10,1000,linear,NPT-FR,Marginal,5.848172501094073
28,200,10,1000,linear,NPT-FR,Correlation,0.10801227924261568
28,200,10,1000,linear,Marginal-FR,Marginal,5.848172501094073
28,200,10,1000,linear,Marginal-FR,Correlation,0.6200120383421154
28,200,10,1000,linear,Gaussian-FR,Marginal,7.2133829394179445
28,200,10,1000,linear,Gaussian-FR,Correlation,0.1152125597160046
29,200,10,1000,linear,NPT-FR,Marginal,5.803157293870661
29,200,10,1000,linear,NPT-FR,Correlation,0.1101685026821314
29,200,10,1000,linear,Marginal-FR,Marginal,5.803157293870661
29,200,10,1000,linear,Marginal-FR,Correlation,0.6438385617287705
29,200,10,1000,linear,Gaussian-FR,Marginal,7.199289224946898
29,200,10,1000,linear,Gaussian-FR,Correlation,0.11875086039630765
30,200,10,1000,linear,NPT-FR,Marginal,5.770688869853325
30,200,10,1000,linear,NPT-FR,Correlation,0.1114872816572927
30,200,10,1000,linear,Marginal-FR,Marginal,5.770688869853325
30,200,10,1000,linear,Marginal-FR,Correlation,0.6163608963297444
30,200,10,1000,linear,Gaussian-FR,Marginal,7.178150614053254
30,200,10,1000,linear,Gaussian-FR,Correlation,0.1191007264604151
31,200,10,1000,linear,NPT-FR,Marginal,5.596278502426723
31,200,10,1000,linear,NPT-FR,Correlation,0.11060678063009464
31,200,10,1000,linear,Marginal-FR,Marginal,5.596278502426723
31,200,10,1000,linear,Marginal-FR,Correlation,0.6488556757947632
31,200,10,1000,linear,Gaussian-FR,Marginal,7.004064386342949
31,200,10,1000,linear,Gaussian-FR,Correlation,0.11872736614409742
32,200,10,1000,linear,NPT-FR,Marginal,5.679999413204022
32,200,10,1000,linear,NPT-FR,Correlation,0.10927859983515857
32,200,10,1000,linear,Marginal-FR,Marginal,5.679999413204022
32,200,10,1000,linear,Marginal-FR,Correlation,0.6253888659363642
32,200,10,1000,linear,Gaussian-FR,Marginal,7.0637607723949944
32,200,10,1000,linear,Gaussian-FR,Correlation,0.11775593025393599
33,200,10,1000,linear,NPT-FR,Marginal,5.723994339921015
33,200,10,1000,linear,NPT-FR,Correlation,0.11253252797871573
33,200,10,1000,linear,Marginal-FR,Marginal,5.723994339921015
33,200,10,1000,linear,Marginal-FR,Correlation,0.6198644679163942
33,200,10,1000,linear,Gaussian-FR,Marginal,7.094687736845553
33,200,10,1000,linear,Gaussian-FR,Correlation,0.12010516261644251
34,200,10,1000,linear,NPT-FR,Marginal,5.538538126171114
34,200,10,1000,linear,NPT-FR,Correlation,0.10747941054136803
34,200,10,1000,linear,Marginal-FR,Marginal,5.538538126171114
34,200,10,1000,linear,Marginal-FR,Correlation,0.643889439932321
34,200,10,1000,linear,Gaussian-FR,Marginal,6.894481599519835
34,200,10,1000,linear,Gaussian-FR,Correlation,0.11598396898504428
35,200,10,1000,linear,NPT-FR,Marginal,5.951921655019804
35,200,10,1000,linear,NPT-FR,Correlation,0.11063528571471687
35,200,10,1000,linear,Marginal-FR,Marginal,5.951921655019804
35,200,10,1000,linear,Marginal-FR,Correlation,0.6478590778249793
35,200,10,1000,linear,Gaussian-FR,Marginal,7.3549792785578845
35,200,10,1000,linear,Gaussian-FR,Correlation,0.11900902278239878
36,200,10,1000,linear,NPT-FR,Marginal,5.680116310340164
36,200,10,1000,linear,NPT-FR,Correlation,0.1106974308380957
36,200,10,1000,linear,Marginal-FR,Marginal,5.680116310340164
36,200,10,1000,linear,Marginal-FR,Correlation,0.6552953848510242
36,200,10,1000,linear,Gaussian-FR,Marginal,7.08563068677685
36,200,10,1000,linear,Gaussian-FR,Correlation,0.1196995681472522
37,200,10,1000,linear,NPT-FR,Marginal,5.515815610830539
37,200,10,1000,linear,NPT-FR,Correlation,0.10906643717715499
37,200,10,1000,linear,Marginal-FR,Marginal,5.515815610830539
37,200,10,1000,linear,Marginal-FR,Correlation,0.6528848617391654
37,200,10,1000,linear,Gaussian-FR,Marginal,6.898684745662128
37,200,10,1000,linear,Gaussian-FR,Correlation,0.11664617844434952
38,200,10,1000,linear,NPT-FR,Marginal,5.741554357584716
38,200,10,1000,linear,NPT-FR,Correlation,0.11178627957234977
38,200,10,1000,linear,Marginal-FR,Marginal,5.741554357584716
38,200,10,1000,linear,Marginal-FR,Correlation,0.650259713808867
38,200,10,1000,linear,Gaussian-FR,Marginal,7.134272304384342
38,200,10,1000,linear,Gaussian-FR,Correlation,0.12149602983958725
39,200,10,1000,linear,NPT-FR,Marginal,5.4767311288465255
39,200,10,1000,linear,NPT-FR,Correlation,0.11003312991964469
39,200,10,1000,linear,Marginal-FR,Marginal,5.4767311288465255
39,200,10,1000,linear,Marginal-FR,Correlation,0.6427859237600149
39,200,10,1000,linear,Gaussian-FR,Marginal,6.818212105960582
39,200,10,1000,linear,Gaussian-FR,Correlation,0.11906649887190829
40,200,10,1000,linear,NPT-FR,Marginal,5.588019074571241
40,200,10,1000,linear,NPT-FR,Correlation,0.10893169876553378
40,200,10,1000,linear,Marginal-FR,Marginal,5.588019074571241
40,200,10,1000,linear,Marginal-FR,Correlation,0.6333544690036186
40,200,10,1000,linear,Gaussian-FR,Marginal,6.97197007919924
40,200,10,1000,linear,Gaussian-FR,Correlation,0.11781430977772002
41,200,10,1000,linear,NPT-FR,Marginal,5.856620445522134
41,200,10,1000,linear,NPT-FR,Correlation,0.11031802315065851
41,200,10,1000,linear,Marginal-FR,Marginal,5.856620445522134
41,200,10,1000,linear,Marginal-FR,Correlation,0.6353039636069835
41,200,10,1000,linear,Gaussian-FR,Marginal,7.253278683611117
41,200,10,1000,linear,Gaussian-FR,Correlation,0.1184231690379348
42,200,10,1000,linear,NPT-FR,Marginal,5.85154044942829
42,200,10,1000,linear,NPT-FR,Correlation,0.10883669393880713
42,200,10,1000,linear,Marginal-FR,Marginal,5.85154044942829
42,200,10,1000,linear,Marginal-FR,Correlation,0.6521691946148579
42,200,10,1000,linear,Gaussian-FR,Marginal,7.224574571313079
42,200,10,1000,linear,Gaussian-FR,Correlation,0.11637921343490805
43,200,10,1000,linear,NPT-FR,Marginal,5.817480127935104
43,200,10,1000,linear,NPT-FR,Correlation,0.10890863264700665
43,200,10,1000,linear,Marginal-FR,Marginal,5.817480127935104
43,200,10,1000,linear,Marginal-FR,Correlation,0.6366634764456676
43,200,10,1000,linear,Gaussian-FR,Marginal,7.190962865641014
43,200,10,1000,linear,Gaussian-FR,Correlation,0.11645314072683478
44,200,10,1000,linear,NPT-FR,Marginal,5.801130742980822
44,200,10,1000,linear,NPT-FR,Correlation,0.10920423347139811
44,200,10,1000,linear,Marginal-FR,Marginal,5.801130742980822
44,200,10,1000,linear,Marginal-FR,Correlation,0.6470764715655482
44,200,10,1000,linear,Gaussian-FR,Marginal,7.170920716949401
44,200,10,1000,linear,Gaussian-FR,Correlation,0.11616279460702303
45,200,10,1000,linear,NPT-FR,Marginal,5.71966390487445
45,200,10,1000,linear,NPT-FR,Correlation,0.11134624098205291
45,200,10,1000,linear,Marginal-FR,Marginal,5.71966390487445
45,200,10,1000,linear,Marginal-FR,Correlation,0.6446127483878502
45,200,10,1000,linear,Gaussian-FR,Marginal,7.102397734363881
45,200,10,1000,linear,Gaussian-FR,Correlation,0.11985788039124393
46,200,10,1000,linear,NPT-FR,Marginal,5.5779377748895005
46,200,10,1000,linear,NPT-FR,Correlation,0.10950065233414721
46,200,10,1000,linear,Marginal-FR,Marginal,5.5779377748895005
46,200,10,1000,linear,Marginal-FR,Correlation,0.6398772570768653
46,200,10,1000,linear,Gaussian-FR,Marginal,6.948375549372682
46,200,10,1000,linear,Gaussian-FR,Correlation,0.11745744859044939
47,200,10,1000,linear,NPT-FR,Marginal,5.791185597647335
47,200,10,1000,linear,NPT-FR,Correlation,0.11100364813323037
47,200,10,1000,linear,Marginal-FR,Marginal,5.791185597647335
47,200,10,1000,linear,Marginal-FR,Correlation,0.6420777281476262
47,200,10,1000,linear,Gaussian-FR,Marginal,7.198001886655438
47,200,10,1000,linear,Gaussian-FR,Correlation,0.11919435999232988
48,200,10,1000,linear,NPT-FR,Marginal,5.677497784958884
48,200,10,1000,linear,NPT-FR,Correlation,0.10970514346332502
48,200,10,1000,linear,Marginal-FR,Marginal,5.677497784958884
48,200,10,1000,linear,Marginal-FR,Correlation,0.6517155581693668
48,200,10,1000,linear,Gaussian-FR,Marginal,7.114651425401486
48,200,10,1000,linear,Gaussian-FR,Correlation,0.1161780418857899
49,200,10,1000,linear,NPT-FR,Marginal,5.629041410093368
49,200,10,1000,linear,NPT-FR,Correlation,0.11082733535357576
49,200,10,1000,linear,Marginal-FR,Marginal,5.629041410093368
49,200,10,1000,linear,Marginal-FR,Correlation,0.6297921772818365
49,200,10,1000,linear,Gaussian-FR,Marginal,7.01474747581697
49,200,10,1000,linear,Gaussian-FR,Correlation,0.11840872232476085
50,200,10,1000,linear,NPT-FR,Marginal,5.8101545313317695
50,200,10,1000,linear,NPT-FR,Correlation,0.10920710919600432
50,200,10,1000,linear,Marginal-FR,Marginal,5.8101545313317695
50,200,10,1000,linear,Marginal-FR,Correlation,0.6261673937087554
50,200,10,1000,linear,Gaussian-FR,Marginal,7.169312367571426
50,200,10,1000,linear,Gaussian-FR,Correlation,0.11804546105326683
51,200,10,1000,linear,NPT-FR,Marginal,5.827348038832932
51,200,10,1000,linear,NPT-FR,Correlation,0.11126689992017944
51,200,10,1000,linear,Marginal-FR,Marginal,5.827348038832932
51,200,10,1000,linear,Marginal-FR,Correlation,0.6390805808342411
51,200,10,1000,linear,Gaussian-FR,Marginal,7.1991806455014
51,200,10,1000,linear,Gaussian-FR,Correlation,0.119046897133165
52,200,10,1000,linear,NPT-FR,Marginal,5.683814042923442
52,200,10,1000,linear,NPT-FR,Correlation,0.11040207624215732
52,200,10,1000,linear,Marginal-FR,Marginal,5.683814042923442
52,200,10,1000,linear,Marginal-FR,Correlation,0.6364488720230554
52,200,10,1000,linear,Gaussian-FR,Marginal,7.077819730003922
52,200,10,1000,linear,Gaussian-FR,Correlation,0.11792699671309351
53,200,10,1000,linear,NPT-FR,Marginal,5.907300086318182
53,200,10,1000,linear,NPT-FR,Correlation,0.1100202098713861
53,200,10,1000,linear,Marginal-FR,Marginal,5.907300086318182
53,200,10,1000,linear,Marginal-FR,Correlation,0.645251053566059
53,200,10,1000,linear,Gaussian-FR,Marginal,7.30838221314671
53,200,10,1000,linear,Gaussian-FR,Correlation,0.11516833562028236
54,200,10,1000,linear,NPT-FR,Marginal,5.83220158486989
54,200,10,1000,linear,NPT-FR,Correlation,0.11064512364496559
54,200,10,1000,linear,Marginal-FR,Marginal,5.83220158486989
54,200,10,1000,linear,Marginal-FR,Correlation,0.6394734044732742
54,200,10,1000,linear,Gaussian-FR,Marginal,7.256011984183722
54,200,10,1000,linear,Gaussian-FR,Correlation,0.11866076735158478
55,200,10,1000,linear,NPT-FR,Marginal,5.743364433500144
55,200,10,1000,linear,NPT-FR,Correlation,0.11074758278688174
55,200,10,1000,linear,Marginal-FR,Marginal,5.743364433500144
55,200,10,1000,linear,Marginal-FR,Correlation,0.6803939740457284
55,200,10,1000,linear,Gaussian-FR,Marginal,7.116835755123688
55,200,10,1000,linear,Gaussian-FR,Correlation,0.12148113043770377
56,200,10,1000,linear,NPT-FR,Marginal,5.492849677194907
56,200,10,1000,linear,NPT-FR,Correlation,0.11051931565603254
56,200,10,1000,linear,Marginal-FR,Marginal,5.492849677194907
56,200,10,1000,linear,Marginal-FR,Correlation,0.6455966835026308
56,200,10,1000,linear,Gaussian-FR,Marginal,6.914702822386803
56,200,10,1000,linear,Gaussian-FR,Correlation,0.11650217820820825
57,200,10,1000,linear,NPT-FR,Marginal,5.823232202807498
57,200,10,1000,linear,NPT-FR,Correlation,0.11079344896449506
57,200,10,1000,linear,Marginal-FR,Marginal,5.823232202807498
57,200,10,1000,linear,Marginal-FR,Correlation,0.6261480689352525
57,200,10,1000,linear,Gaussian-FR,Marginal,7.217621729198231
57,200,10,1000,linear,Gaussian-FR,Correlation,0.11892350076827532
58,200,10,1000,linear,NPT-FR,Marginal,5.850530124230331
58,200,10,1000,linear,NPT-FR,Correlation,0.11129438362404062
58,200,10,1000,linear,Marginal-FR,Marginal,5.850530124230331
58,200,10,1000,linear,Marginal-FR,Correlation,0.6453626471012471
58,200,10,1000,linear,Gaussian-FR,Marginal,7.27121770810435
58,200,10,1000,linear,Gaussian-FR,Correlation,0.11984861694647372
59,200,10,1000,linear,NPT-FR,Marginal,5.640537892994921
59,200,10,1000,linear,NPT-FR,Correlation,0.10977410313198076
59,200,10,1000,linear,Marginal-FR,Marginal,5.640537892994921
59,200,10,1000,linear,Marginal-FR,Correlation,0.6341065905013051
59,200,10,1000,linear,Gaussian-FR,Marginal,7.055474908601103
59,200,10,1000,linear,Gaussian-FR,Correlation,0.11627924474893947
60,200,10,1000,linear,NPT-FR,Marginal,5.721238857394402
60,200,10,1000,linear,NPT-FR,Correlation,0.11085044067390774
60,200,10,1000,linear,Marginal-FR,Marginal,5.721238857394402
60,200,10,1000,linear,Marginal-FR,Correlation,0.6159185615933377
60,200,10,1000,linear,Gaussian-FR,Marginal,7.087099650915606
60,200,10,1000,linear,Gaussian-FR,Correlation,0.1176308908281286
61,200,10,1000,linear,NPT-FR,Marginal,5.567290922160913
61,200,10,1000,linear,NPT-FR,Correlation,0.1105746124267507
61,200,10,1000,linear,Marginal-FR,Marginal,5.567290922160913
61,200,10,1000,linear,Marginal-FR,Correlation,0.6252550982017199
61,200,10,1000,linear,Gaussian-FR,Marginal,6.954576776354335
61,200,10,1000,linear,Gaussian-FR,Correlation,0.11819557560030845
62,200,10,1000,linear,NPT-FR,Marginal,5.696074450639416
62,200,10,1000,linear,NPT-FR,Correlation,0.11046882978126896
62,200,10,1000,linear,Marginal-FR,Marginal,5.696074450639416
62,200,10,1000,linear,Marginal-FR,Correlation,0.6409728090843799
62,200,10,1000,linear,Gaussian-FR,Marginal,7.045773885517844
62,200,10,1000,linear,Gaussian-FR,Correlation,0.11888559149407221
63,200,10,1000,linear,NPT-FR,Marginal,5.696952102174224
63,200,10,1000,linear,NPT-FR,Correlation,0.10991474237006318
63,200,10,1000,linear,Marginal-FR,Marginal,5.696952102174224
63,200,10,1000,linear,Marginal-FR,Correlation,0.6521581351167967
63,200,10,1000,linear,Gaussian-FR,Marginal,7.11421092715093
63,200,10,1000,linear,Gaussian-FR,Correlation,0.1183315108687035
64,200,10,1000,linear,NPT-FR,Marginal,5.821953630287868
64,200,10,1000,linear,NPT-FR,Correlation,0.10871357218424416
64,200,10,1000,linear,Marginal-FR,Marginal,5.821953630287868
64,200,10,1000,linear,Marginal-FR,Correlation,0.6634345599776608
64,200,10,1000,linear,Gaussian-FR,Marginal,7.203189895437544
64,200,10,1000,linear,Gaussian-FR,Correlation,0.11591766256010576
65,200,10,1000,linear,NPT-FR,Marginal,5.739601389398672
65,200,10,1000,linear,NPT-FR,Correlation,0.110750169608803
65,200,10,1000,linear,Marginal-FR,Marginal,5.739601389398672
65,200,10,1000,linear,Marginal-FR,Correlation,0.6440286999699412
65,200,10,1000,linear,Gaussian-FR,Marginal,7.1262316104635754
65,200,10,1000,linear,Gaussian-FR,Correlation,0.11886626976115669
66,200,10,1000,linear,NPT-FR,Marginal,5.727231411867193
66,200,10,1000,linear,NPT-FR,Correlation,0.11015492881153002
66,200,10,1000,linear,Marginal-FR,Marginal,5.727231411867193
66,200,10,1000,linear,Marginal-FR,Correlation,0.6530141797665938
66,200,10,1000,linear,Gaussian-FR,Marginal,7.12103698089719
66,200,10,1000,linear,Gaussian-FR,Correlation,0.11782013727607674
67,200,10,1000,linear,NPT-FR,Marginal,5.7636011219118455
67,200,10,1000,linear,NPT-FR,Correlation,0.10855259144403608
67,200,10,1000,linear,Marginal-FR,Marginal,5.7636011219118455
67,200,10,1000,linear,Marginal-FR,Correlation,0.6699675444258226
67,200,10,1000,linear,Gaussian-FR,Marginal,7.190733540326437
67,200,10,1000,linear,Gaussian-FR,Correlation,0.11803526723229406
68,200,10,1000,linear,NPT-FR,Marginal,5.928624589569834
68,200,10,1000,linear,NPT-FR,Correlation,0.1086326597863421
68,200,10,1000,linear,Marginal-FR,Marginal,5.928624589569834
68,200,10,1000,linear,Marginal-FR,Correlation,0.6343791495607627
68,200,10,1000,linear,Gaussian-FR,Marginal,7.311164534049863
68,200,10,1000,linear,Gaussian-FR,Correlation,0.11601806506954207
69,200,10,1000,linear,NPT-FR,Marginal,5.557704299898182
69,200,10,1000,linear,NPT-FR,Correlation,0.11144024303158956
69,200,10,1000,linear,Marginal-FR,Marginal,5.557704299898182
69,200,10,1000,linear,Marginal-FR,Correlation,0.6174697339579386
69,200,10,1000,linear,Gaussian-FR,Marginal,6.948695168410478
69,200,10,1000,linear,Gaussian-FR,Correlation,0.11610989781505843
70,200,10,1000,linear,NPT-FR,Marginal,5.7873803873417495
70,200,10,1000,linear,NPT-FR,Correlation,0.10878455191252379
70,200,10,1000,linear,Marginal-FR,Marginal,5.7873803873417495
70,200,10,1000,linear,Marginal-FR,Correlation,0.6366998384621708
70,200,10,1000,linear,Gaussian-FR,Marginal,7.183712640863571
70,200,10,1000,linear,Gaussian-FR,Correlation,0.11946708638238251
71,200,10,1000,linear,NPT-FR,Marginal,5.587982788852227
71,200,10,1000,linear,NPT-FR,Correlation,0.1082476289918342
71,200,10,1000,linear,Marginal-FR,Marginal,5.587982788852227
71,200,10,1000,linear,Marginal-FR,Correlation,0.653220470090695
71,200,10,1000,linear,Gaussian-FR,Marginal,6.922316530182053
71,200,10,1000,linear,Gaussian-FR,Correlation,0.11576568085590944
72,200,10,1000,linear,NPT-FR,Marginal,5.5678507899766805
72,200,10,1000,linear,NPT-FR,Correlation,0.10735786504011016
72,200,10,1000,linear,Marginal-FR,Marginal,5.5678507899766805
72,200,10,1000,linear,Marginal-FR,Correlation,0.612897801780704
72,200,10,1000,linear,Gaussian-FR,Marginal,6.915148776692722
72,200,10,1000,linear,Gaussian-FR,Correlation,0.11535315546935683
73,200,10,1000,linear,NPT-FR,Marginal,5.685458116197083
73,200,10,1000,linear,NPT-FR,Correlation,0.10998286421998628
73,200,10,1000,linear,Marginal-FR,Marginal,5.685458116197083
73,200,10,1000,linear,Marginal-FR,Correlation,0.6365679427740718
73,200,10,1000,linear,Gaussian-FR,Marginal,7.104203940710645
73,200,10,1000,linear,Gaussian-FR,Correlation,0.11820844389367058
74,200,10,1000,linear,NPT-FR,Marginal,5.717362528493611
74,200,10,1000,linear,NPT-FR,Correlation,0.11018211868612744
74,200,10,1000,linear,Marginal-FR,Marginal,5.717362528493611
74,200,10,1000,linear,Marginal-FR,Correlation,0.6501608567109864
74,200,10,1000,linear,Gaussian-FR,Marginal,7.121522864773406
74,200,10,1000,linear,Gaussian-FR,Correlation,0.11757957664558254
75,200,10,1000,linear,NPT-FR,Marginal,5.820085955792787
75,200,10,1000,linear,NPT-FR,Correlation,0.11166337751605333
75,200,10,1000,linear,Marginal-FR,Marginal,5.820085955792787
75,200,10,1000,linear,Marginal-FR,Correlation,0.6424882524864155
75,200,10,1000,linear,Gaussian-FR,Marginal,7.268109143424638
75,200,10,1000,linear,Gaussian-FR,Correlation,0.12144972644289206
76,200,10,1000,linear,NPT-FR,Marginal,5.769929562798846
76,200,10,1000,linear,NPT-FR,Correlation,0.11016715791120792
76,200,10,1000,linear,Marginal-FR,Marginal,5.769929562798846
76,200,10,1000,linear,Marginal-FR,Correlation,0.6418547884925656
76,200,10,1000,linear,Gaussian-FR,Marginal,7.164397435568823
76,200,10,1000,linear,Gaussian-FR,Correlation,0.11630438829404093
77,200,10,1000,linear,NPT-FR,Marginal,5.696816349125392
77,200,10,1000,linear,NPT-FR,Correlation,0.11004309800578281
77,200,10,1000,linear,Marginal-FR,Marginal,5.696816349125392
77,200,10,1000,linear,Marginal-FR,Correlation,0.6280043608942928
77,200,10,1000,linear,Gaussian-FR,Marginal,7.096844716199669
77,200,10,1000,linear,Gaussian-FR,Correlation,0.11711231063399777
78,200,10,1000,linear,NPT-FR,Marginal,5.780718232094587
78,200,10,1000,linear,NPT-FR,Correlation,0.10995801374653506
78,200,10,1000,linear,Marginal-FR,Marginal,5.780718232094587
78,200,10,1000,linear,Marginal-FR,Correlation,0.6459793747106475
78,200,10,1000,linear,Gaussian-FR,Marginal,7.143014848028946
78,200,10,1000,linear,Gaussian-FR,Correlation,0.12022156202596292
79,200,10,1000,linear,NPT-FR,Marginal,5.695383487492921
79,200,10,1000,linear,NPT-FR,Correlation,0.10795579445014519
79,200,10,1000,linear,Marginal-FR,Marginal,5.695383487492921
79,200,10,1000,linear,Marginal-FR,Correlation,0.6405658865417704
79,200,10,1000,linear,Gaussian-FR,Marginal,7.076409259223324
79,200,10,1000,linear,Gaussian-FR,Correlation,0.11832303591993107
80,200,10,1000,linear,NPT-FR,Marginal,5.913532569312451
80,200,10,1000,linear,NPT-FR,Correlation,0.11084472875235991
80,200,10,1000,linear,Marginal-FR,Marginal,5.913532569312451
80,200,10,1000,linear,Marginal-FR,Correlation,0.6717638428118379
80,200,10,1000,linear,Gaussian-FR,Marginal,7.325503291985203
80,200,10,1000,linear,Gaussian-FR,Correlation,0.11934959456163584
81,200,10,1000,linear,NPT-FR,Marginal,5.721707273555561
81,200,10,1000,linear,NPT-FR,Correlation,0.10887099590348455
81,200,10,1000,linear,Marginal-FR,Marginal,5.721707273555561
81,200,10,1000,linear,Marginal-FR,Correlation,0.6178832482696578
81,200,10,1000,linear,Gaussian-FR,Marginal,7.086731721440247
81,200,10,1000,linear,Gaussian-FR,Correlation,0.1154515755525188
82,200,10,1000,linear,NPT-FR,Marginal,5.556490947964132
82,200,10,1000,linear,NPT-FR,Correlation,0.11141872146405556
82,200,10,1000,linear,Marginal-FR,Marginal,5.556490947964132
82,200,10,1000,linear,Marginal-FR,Correlation,0.6379851514489419
82,200,10,1000,linear,Gaussian-FR,Marginal,6.940450117273963
82,200,10,1000,linear,Gaussian-FR,Correlation,0.11981281002489778
83,200,10,1000,linear,NPT-FR,Marginal,5.6878581116497005
83,200,10,1000,linear,NPT-FR,Correlation,0.11045080735258145
83,200,10,1000,linear,Marginal-FR,Marginal,5.6878581116497005
83,200,10,1000,linear,Marginal-FR,Correlation,0.6415533888558742
83,200,10,1000,linear,Gaussian-FR,Marginal,7.06089467114799
83,200,10,1000,linear,Gaussian-FR,Correlation,0.11823640492099895
84,200,10,1000,linear,NPT-FR,Marginal,5.768710393856029
84,200,10,1000,linear,NPT-FR,Correlation,0.10924091156212319
84,200,10,1000,linear,Marginal-FR,Marginal,5.768710393856029
84,200,10,1000,linear,Marginal-FR,Correlation,0.6548437319111003
84,200,10,1000,linear,Gaussian-FR,Marginal,7.184404542819941
84,200,10,1000,linear,Gaussian-FR,Correlation,0.11832242428845305
85,200,10,1000,linear,NPT-FR,Marginal,5.773258196667174
85,200,10,1000,linear,NPT-FR,Correlation,0.11089724457093379
85,200,10,1000,linear,Marginal-FR,Marginal,5.773258196667174
85,200,10,1000,linear,Marginal-FR,Correlation,0.6107535879378532
85,200,10,1000,linear,Gaussian-FR,Marginal,7.175283765093522
85,200,10,1000,linear,Gaussian-FR,Correlation,0.11863596207630925
86,200,10,1000,linear,NPT-FR,Marginal,5.646332460582966
86,200,10,1000,linear,NPT-FR,Correlation,0.10985517840502053
86,200,10,1000,linear,Marginal-FR,Marginal,5.646332460582966
86,200,10,1000,linear,Marginal-FR,Correlation,0.6506332922204389
86,200,10,1000,linear,Gaussian-FR,Marginal,7.03044534433396
86,200,10,1000,linear,Gaussian-FR,Correlation,0.11931992766078152
87,200,10,1000,linear,NPT-FR,Marginal,5.620032606913108
87,200,10,1000,linear,NPT-FR,Correlation,0.10807305717951704
87,200,10,1000,linear,Marginal-FR,Marginal,5.620032606913108
87,200,10,1000,linear,Marginal-FR,Correlation,0.6186363071062699
87,200,10,1000,linear,Gaussian-FR,Marginal,6.999303007954633
87,200,10,1000,linear,Gaussian-FR,Correlation,0.11635228773940898
88,200,10,1000,linear,NPT-FR,Marginal,5.857900795793489
88,200,10,1000,linear,NPT-FR,Correlation,0.10832773586386787
88,200,10,1000,linear,Marginal-FR,Marginal,5.857900795793489
88,200,10,1000,linear,Marginal-FR,Correlation,0.6383890818103551
88,200,10,1000,linear,Gaussian-FR,Marginal,7.2511202816998
88,200,10,1000,linear,Gaussian-FR,Correlation,0.11667822158711152
89,200,10,1000,linear,NPT-FR,Marginal,5.78723656702123
89,200,10,1000,linear,NPT-FR,Correlation,0.11066560027802919
89,200,10,1000,linear,Marginal-FR,Marginal,5.78723656702123
89,200,10,1000,linear,Marginal-FR,Correlation,0.6573829228039105
89,200,10,1000,linear,Gaussian-FR,Marginal,7.170549855589131
89,200,10,1000,linear,Gaussian-FR,Correlation,0.12165116884260116
90,200,10,1000,linear,NPT-FR,Marginal,5.682058216646265
90,200,10,1000,linear,NPT-FR,Correlation,0.10932964081866298
90,200,10,1000,linear,Marginal-FR,Marginal,5.682058216646265
90,200,10,1000,linear,Marginal-FR,Correlation,0.654187856958234
90,200,10,1000,linear,Gaussian-FR,Marginal,7.050695437469078
90,200,10,1000,linear,Gaussian-FR,Correlation,0.11812992998581853
91,200,10,1000,linear,NPT-FR,Marginal,5.633405299730199
91,200,10,1000,linear,NPT-FR,Correlation,0.11121270081943826
91,200,10,1000,linear,Marginal-FR,Marginal,5.633405299730199
91,200,10,1000,linear,Marginal-FR,Correlation,0.6218796649576068
91,200,10,1000,linear,Gaussian-FR,Marginal,7.02186591632182
91,200,10,1000,linear,Gaussian-FR,Correlation,0.11824411057637019
92,200,10,1000,linear,NPT-FR,Marginal,5.664342003541535
92,200,10,1000,linear,NPT-FR,Correlation,0.1100881873617465
92,200,10,1000,linear,Marginal-FR,Marginal,5.664342003541535
92,200,10,1000,linear,Marginal-FR,Correlation,0.6527612386366617
92,200,10,1000,linear,Gaussian-FR,Marginal,7.03217142508945
92,200,10,1000,linear,Gaussian-FR,Correlation,0.1173570556014849
93,200,10,1000,linear,NPT-FR,Marginal,5.527527048885492
93,200,10,1000,linear,NPT-FR,Correlation,0.11054680043741251
93,200,10,1000,linear,Marginal-FR,Marginal,5.527527048885492
93,200,10,1000,linear,Marginal-FR,Correlation,0.6421370505278136
93,200,10,1000,linear,Gaussian-FR,Marginal,6.923729932431097
93,200,10,1000,linear,Gaussian-FR,Correlation,0.11658718460518921
94,200,10,1000,linear,NPT-FR,Marginal,5.9205692782099275
94,200,10,1000,linear,NPT-FR,Correlation,0.11231463587671313
94,200,10,1000,linear,Marginal-FR,Marginal,5.9205692782099275
94,200,10,1000,linear,Marginal-FR,Correlation,0.6304321490256716
94,200,10,1000,linear,Gaussian-FR,Marginal,7.323475633441997
94,200,10,1000,linear,Gaussian-FR,Correlation,0.12006116886656792
95,200,10,1000,linear,NPT-FR,Marginal,5.603049264061965
95,200,10,1000,linear,NPT-FR,Correlation,0.11228078170242425
95,200,10,1000,linear,Marginal-FR,Marginal,5.603049264061965
95,200,10,1000,linear,Marginal-FR,Correlation,0.6315030754470513
95,200,10,1000,linear,Gaussian-FR,Marginal,7.008592612687954
95,200,10,1000,linear,Gaussian-FR,Correlation,0.11959235344444762
96,200,10,1000,linear,NPT-FR,Marginal,5.786806780448222
96,200,10,1000,linear,NPT-FR,Correlation,0.11053970376615779
96,200,10,1000,linear,Marginal-FR,Marginal,5.786806780448222
96,200,10,1000,linear,Marginal-FR,Correlation,0.645256920108292
96,200,10,1000,linear,Gaussian-FR,Marginal,7.123824024287129
96,200,10,1000,linear,Gaussian-FR,Correlation,0.11643318421666113
97,200,10,1000,linear,NPT-FR,Marginal,5.616424762044511
97,200,10,1000,linear,NPT-FR,Correlation,0.10857993883800987
97,200,10,1000,linear,Marginal-FR,Marginal,5.616424762044511
97,200,10,1000,linear,Marginal-FR,Correlation,0.6278155050727996
97,200,10,1000,linear,Gaussian-FR,Marginal,7.019024579422701
97,200,10,1000,linear,Gaussian-FR,Correlation,0.1160152333450958
98,200,10,1000,linear,NPT-FR,Marginal,5.69504550467551
98,200,10,1000,linear,NPT-FR,Correlation,0.10985052646728366
98,200,10,1000,linear,Marginal-FR,Marginal,5.69504550467551
98,200,10,1000,linear,Marginal-FR,Correlation,0.6491048586516476
98,200,10,1000,linear,Gaussian-FR,Marginal,7.041226162924739
98,200,10,1000,linear,Gaussian-FR,Correlation,0.11778974448575617
99,200,10,1000,linear,NPT-FR,Marginal,5.710227530306303
99,200,10,1000,linear,NPT-FR,Correlation,0.10936897536385175
99,200,10,1000,linear,Marginal-FR,Marginal,5.710227530306303
99,200,10,1000,linear,Marginal-FR,Correlation,0.6547763880307905
99,200,10,1000,linear,Gaussian-FR,Marginal,7.082410328298986
99,200,10,1000,linear,Gaussian-FR,Correlation,0.11819100955479317
