rep,n,d,N,type,method,metric,value
0,200,2,100,linear,NPT-FR,Wasserstein,12.053636823457701
0,200,2,100,linear,Marginal-FR,Wasserstein,12.292273863588091
0,200,2,100,linear,Gaussian-FR,Wasserstein,15.305293738957008
1,200,2,100,linear,NPT-FR,Wasserstein,12.694924333613415
1,200,2,100,linear,Marginal-FR,Wasserstein,12.829552684511164
1,200,2,100,linear,Gaussian-FR,Wasserstein,15.85051595668648
2,200,2,100,linear,NPT-FR,Wasserstein,12.979433599053499
2,200,2,100,linear,Marginal-FR,Wasserstein,13.261670082079359
2,200,2,100,linear,Gaussian-FR,Wasserstein,16.262675274060683
3,200,2,100,linear,NPT-FR,Wasserstein,11.82954773101999
3,200,2,100,linear,Marginal-FR,Wasserstein,12.126855576217299
3,200,2,100,linear,Gaussian-FR,Wasserstein,15.040669232277052
4,200,2,100,linear,NPT-FR,Wasserstein,11.871998981480683
4,200,2,100,linear,Marginal-FR,Wasserstein,12.185342762003907
4,200,2,100,linear,Gaussian-FR,Wasserstein,15.296877284302104
5,200,2,100,linear,NPT-FR,Wasserstein,13.58035310120614
5,200,2,100,linear,Marginal-FR,Wasserstein,13.905907593824802
5,200,2,100,linear,Gaussian-FR,Wasserstein,17.09150512319828
6,200,2,100,linear,NPT-FR,Wasserstein,12.542094715975818
6,200,2,100,linear,Marginal-FR,Wasserstein,12.803254897933652
6,200,2,100,linear,Gaussian-FR,Wasserstein,15.771854459623027
7,200,2,100,linear,NPT-FR,Wasserstein,12.3444941466385
7,200,2,100,linear,Marginal-FR,Wasserstein,12.534073116677984
7,200,2,100,linear,Gaussian-FR,Wasserstein,15.648938636260773
8,200,2,100,linear,NPT-FR,Wasserstein,12.514460199470545
8,200,2,100,linear,Marginal-FR,Wasserstein,12.75685023868482
8,200,2,100,linear,Gaussian-FR,Wasserstein,16.100504172131988
9,200,2,100,linear,NPT-FR,Wasserstein,10.812336256053955
9,200,2,100,linear,Marginal-FR,Wasserstein,10.992912929394603
9,200,2,100,linear,Gaussian-FR,Wasserstein,14.233799148304465
10,200,2,100,linear,NPT-FR,Wasserstein,12.535860638723143
10,200,2,100,linear,Marginal-FR,Wasserstein,12.79098962537464
10,200,2,100,linear,Gaussian-FR,Wasserstein,15.872362373389883
11,200,2,100,linear,NPT-FR,Wasserstein,12.200997591895227
11,200,2,100,linear,Marginal-FR,Wasserstein,12.466110358930633
11,200,2,100,linear,Gaussian-FR,Wasserstein,15.305652669071222
12,200,2,100,linear,NPT-FR,Wasserstein,12.590118129409941
12,200,2,100,linear,Marginal-FR,Wasserstein,12.81500554357554
12,200,2,100,linear,Gaussian-FR,Wasserstein,15.770346662868556
13,200,2,100,linear,NPT-FR,Wasserstein,13.286656305552729
13,200,2,100,linear,Marginal-FR,Wasserstein,13.593874299041705
13,200,2,100,linear,Gaussian-FR,Wasserstein,16.587094084490573
14,200,2,100,linear,NPT-FR,Wasserstein,13.255478364539961
14,200,2,100,linear,Marginal-FR,Wasserstein,13.449740664100176
14,200,2,100,linear,Gaussian-FR,Wasserstein,16.334979519467716
15,200,2,100,linear,NPT-FR,Wasserstein,11.95794064974746
15,200,2,100,linear,Marginal-FR,Wasserstein,12.134946861318731
15,200,2,100,linear,Gaussian-FR,Wasserstein,15.05682740479755
16,200,2,100,linear,NPT-FR,Wasserstein,13.707587145716001
16,200,2,100,linear,Marginal-FR,Wasserstein,13.936738686260767
16,200,2,100,linear,Gaussian-FR,Wasserstein,16.7557512797133
17,200,2,100,linear,NPT-FR,Wasserstein,12.155822046679189
17,200,2,100,linear,Marginal-FR,Wasserstein,12.410522036116097
17,200,2,100,linear,Gaussian-FR,Wasserstein,15.152967989693323
18,200,2,100,linear,NPT-FR,Wasserstein,13.016626064475833
18,200,2,100,linear,Marginal-FR,Wasserstein,13.304387165543742
18,200,2,100,linear,Gaussian-FR,Wasserstein,16.328160060970003
19,200,2,100,linear,NPT-FR,Wasserstein,11.642690346629092
19,200,2,100,linear,Marginal-FR,Wasserstein,11.86169436678003
19,200,2,100,linear,Gaussian-FR,Wasserstein,14.915686155008068
20,200,2,100,linear,NPT-FR,Wasserstein,12.16142144213734
20,200,2,100,linear,Marginal-FR,Wasserstein,12.34742381506734
20,200,2,100,linear,Gaussian-FR,Wasserstein,15.284306841472409
21,200,2,100,linear,NPT-FR,Wasserstein,12.856576560200967
21,200,2,100,linear,Marginal-FR,Wasserstein,13.065887047960764
21,200,2,100,linear,Gaussian-FR,Wasserstein,16.218839322164833
22,200,2,100,linear,NPT-FR,Wasserstein,11.42215502836276
22,200,2,100,linear,Marginal-FR,Wasserstein,11.759672501382118
22,200,2,100,linear,Gaussian-FR,Wasserstein,14.76277252889448
23,200,2,100,linear,NPT-FR,Wasserstein,12.211532982953845
23,200,2,100,linear,Marginal-FR,Wasserstein,12.460700049542902
23,200,2,100,linear,Gaussian-FR,Wasserstein,15.459404020734768
24,200,2,100,linear,NPT-FR,Wasserstein,11.185852500185021
24,200,2,100,linear,Marginal-FR,Wasserstein,11.380501875348516
24,200,2,100,linear,Gaussian-FR,Wasserstein,14.634484116928386
25,200,2,100,linear,NPT-FR,Wasserstein,12.59371130586715
25,200,2,100,linear,Marginal-FR,Wasserstein,12.851992415103462
25,200,2,100,linear,Gaussian-FR,Wasserstein,15.894999846021834
26,200,2,100,linear,NPT-FR,Wasserstein,12.926188203065756
26,200,2,100,linear,Marginal-FR,Wasserstein,13.177478003622326
26,200,2,100,linear,Gaussian-FR,Wasserstein,16.25488404656315
27,200,2,100,linear,NPT-FR,Wasserstein,12.294514900852645
27,200,2,100,linear,Marginal-FR,Wasserstein,12.422149549761444
27,200,2,100,linear,Gaussian-FR,Wasserstein,15.323346527890426
28,200,2,100,linear,NPT-FR,Wasserstein,11.27711526355477
28,200,2,100,linear,Marginal-FR,Wasserstein,11.57547811496846
28,200,2,100,linear,Gaussian-FR,Wasserstein,14.803913715589335
29,200,2,100,linear,NPT-FR,Wasserstein,13.68684360355173
29,200,2,100,linear,Marginal-FR,Wasserstein,13.998081860984698
29,200,2,100,linear,Gaussian-FR,Wasserstein,16.684091724211953
30,200,2,100,linear,NPT-FR,Wasserstein,11.181909302632274
30,200,2,100,linear,Marginal-FR,Wasserstein,11.318137151473723
30,200,2,100,linear,Gaussian-FR,Wasserstein,14.183270902088141
31,200,2,100,linear,NPT-FR,Wasserstein,12.591451878394427
31,200,2,100,linear,Marginal-FR,Wasserstein,12.862598654401701
31,200,2,100,linear,Gaussian-FR,Wasserstein,15.808503105174395
32,200,2,100,linear,NPT-FR,Wasserstein,12.947421701694605
32,200,2,100,linear,Marginal-FR,Wasserstein,13.218829814088108
32,200,2,100,linear,Gaussian-FR,Wasserstein,16.282208704783724
33,200,2,100,linear,NPT-FR,Wasserstein,12.292066962015406
33,200,2,100,linear,Marginal-FR,Wasserstein,12.534048250268636
33,200,2,100,linear,Gaussian-FR,Wasserstein,15.607815337012914
34,200,2,100,linear,NPT-FR,Wasserstein,12.82257493128977
34,200,2,100,linear,Marginal-FR,Wasserstein,13.061961380024856
34,200,2,100,linear,Gaussian-FR,Wasserstein,16.222890734768093
35,200,2,100,linear,NPT-FR,Wasserstein,13.673844542004673
35,200,2,100,linear,Marginal-FR,Wasserstein,13.860087753267985
35,200,2,100,linear,Gaussian-FR,Wasserstein,16.791836630006355
36,200,2,100,linear,NPT-FR,Wasserstein,13.227554667962803
36,200,2,100,linear,Marginal-FR,Wasserstein,13.438622579727257
36,200,2,100,linear,Gaussian-FR,Wasserstein,16.659369353607072
37,200,2,100,linear,NPT-FR,Wasserstein,12.166039857158147
37,200,2,100,linear,Marginal-FR,Wasserstein,12.415667258607785
37,200,2,100,linear,Gaussian-FR,Wasserstein,15.56384874636738
38,200,2,100,linear,NPT-FR,Wasserstein,13.048740092824097
38,200,2,100,linear,Marginal-FR,Wasserstein,13.232337380756213
38,200,2,100,linear,Gaussian-FR,Wasserstein,16.26549549393485
39,200,2,100,linear,NPT-FR,Wasserstein,12.530019573899077
39,200,2,100,linear,Marginal-FR,Wasserstein,12.719902025110358
39,200,2,100,linear,Gaussian-FR,Wasserstein,15.826625890977528
40,200,2,100,linear,NPT-FR,Wasserstein,13.198132904938634
40,200,2,100,linear,Marginal-FR,Wasserstein,13.451554595748988
40,200,2,100,linear,Gaussian-FR,Wasserstein,16.2925292774765
41,200,2,100,linear,NPT-FR,Wasserstein,11.806336867023244
41,200,2,100,linear,Marginal-FR,Wasserstein,11.979412508113105
41,200,2,100,linear,Gaussian-FR,Wasserstein,15.048962830470678
42,200,2,100,linear,NPT-FR,Wasserstein,11.933312803570075
42,200,2,100,linear,Marginal-FR,Wasserstein,12.115980281966058
42,200,2,100,linear,Gaussian-FR,Wasserstein,15.165415996303484
43,200,2,100,linear,NPT-FR,Wasserstein,13.64270789081885
43,200,2,100,linear,Marginal-FR,Wasserstein,13.884073751004612
43,200,2,100,linear,Gaussian-FR,Wasserstein,16.565771918591643
44,200,2,100,linear,NPT-FR,Wasserstein,13.40780897216926
44,200,2,100,linear,Marginal-FR,Wasserstein,13.64739001180364
44,200,2,100,linear,Gaussian-FR,Wasserstein,17.000647015479334
45,200,2,100,linear,NPT-FR,Wasserstein,12.089060457799748
45,200,2,100,linear,Marginal-FR,Wasserstein,12.279945680503078
45,200,2,100,linear,Gaussian-FR,Wasserstein,15.336371631803464
46,200,2,100,linear,NPT-FR,Wasserstein,13.323953450630423
46,200,2,100,linear,Marginal-FR,Wasserstein,13.55598537100552
46,200,2,100,linear,Gaussian-FR,Wasserstein,16.867658041935762
47,200,2,100,linear,NPT-FR,Wasserstein,13.854077060339522
47,200,2,100,linear,Marginal-FR,Wasserstein,14.106486359551472
47,200,2,100,linear,Gaussian-FR,Wasserstein,17.03050750164814
48,200,2,100,linear,NPT-FR,Wasserstein,11.967057409381225
48,200,2,100,linear,Marginal-FR,Wasserstein,12.161119188662845
48,200,2,100,linear,Gaussian-FR,Wasserstein,15.055490127547962
49,200,2,100,linear,NPT-FR,Wasserstein,12.567896314755234
49,200,2,100,linear,Marginal-FR,Wasserstein,12.812343847505646
49,200,2,100,linear,Gaussian-FR,Wasserstein,15.958886687910232
50,200,2,100,linear,NPT-FR,Wasserstein,13.27164629524534
50,200,2,100,linear,Marginal-FR,Wasserstein,13.441275928238392
50,200,2,100,linear,Gaussian-FR,Wasserstein,16.742792900026092
51,200,2,100,linear,NPT-FR,Wasserstein,12.188628798629637
51,200,2,100,linear,Marginal-FR,Wasserstein,12.381159436684477
51,200,2,100,linear,Gaussian-FR,Wasserstein,15.320823628790945
52,200,2,100,linear,NPT-FR,Wasserstein,12.65937905451686
52,200,2,100,linear,Marginal-FR,Wasserstein,12.909971963566651
52,200,2,100,linear,Gaussian-FR,Wasserstein,16.143902124177934
53,200,2,100,linear,NPT-FR,Wasserstein,12.29615197757624
53,200,2,100,linear,Marginal-FR,Wasserstein,12.55673834679021
53,200,2,100,linear,Gaussian-FR,Wasserstein,15.438906781481565
54,200,2,100,linear,NPT-FR,Wasserstein,12.804326732042286
54,200,2,100,linear,Marginal-FR,Wasserstein,13.012573451586682
54,200,2,100,linear,Gaussian-FR,Wasserstein,15.84839048915489
55,200,2,100,linear,NPT-FR,Wasserstein,12.312466489437204
55,200,2,100,linear,Marginal-FR,Wasserstein,12.525518559453063
55,200,2,100,linear,Gaussian-FR,Wasserstein,15.745298290422705
56,200,2,100,linear,NPT-FR,Wasserstein,12.519801217546584
56,200,2,100,linear,Marginal-FR,Wasserstein,12.762499376838612
56,200,2,100,linear,Gaussian-FR,Wasserstein,15.561796799277603
57,200,2,100,linear,NPT-FR,Wasserstein,12.657442465362916
57,200,2,100,linear,Marginal-FR,Wasserstein,12.88388380351166
57,200,2,100,linear,Gaussian-FR,Wasserstein,16.02504715633533
58,200,2,100,linear,NPT-FR,Wasserstein,13.648370452148106
58,200,2,100,linear,Marginal-FR,Wasserstein,13.805714947985996
58,200,2,100,linear,Gaussian-FR,Wasserstein,16.594070080387972
59,200,2,100,linear,NPT-FR,Wasserstein,12.036983357612218
59,200,2,100,linear,Marginal-FR,Wasserstein,12.235654225937072
59,200,2,100,linear,Gaussian-FR,Wasserstein,15.299761032693139
60,200,2,100,linear,NPT-FR,Wasserstein,11.876985407177642
60,200,2,100,linear,Marginal-FR,Wasserstein,12.237462457171103
60,200,2,100,linear,Gaussian-FR,Wasserstein,14.959992718513654
61,200,2,100,linear,NPT-FR,Wasserstein,13.125267935200863
61,200,2,100,linear,Marginal-FR,Wasserstein,13.379629752494816
61,200,2,100,linear,Gaussian-FR,Wasserstein,16.075395505575905
62,200,2,100,linear,NPT-FR,Wasserstein,12.869494672619254
62,200,2,100,linear,Marginal-FR,Wasserstein,13.0235676384229
62,200,2,100,linear,Gaussian-FR,Wasserstein,16.08675491323209
63,200,2,100,linear,NPT-FR,Wasserstein,11.556577972804607
63,200,2,100,linear,Marginal-FR,Wasserstein,11.77188354932401
63,200,2,100,linear,Gaussian-FR,Wasserstein,14.852537155231188
64,200,2,100,linear,NPT-FR,Wasserstein,12.821547815556977
64,200,2,100,linear,Marginal-FR,Wasserstein,13.09316842006444
64,200,2,100,linear,Gaussian-FR,Wasserstein,15.982155972887618
65,200,2,100,linear,NPT-FR,Wasserstein,12.941459126566528
65,200,2,100,linear,Marginal-FR,Wasserstein,13.233539172325541
65,200,2,100,linear,Gaussian-FR,Wasserstein,16.381293649744133
66,200,2,100,linear,NPT-FR,Wasserstein,12.37126270614467
66,200,2,100,linear,Marginal-FR,Wasserstein,12.577600266095901
66,200,2,100,linear,Gaussian-FR,Wasserstein,15.347857208167538
67,200,2,100,linear,NPT-FR,Wasserstein,12.000864490802119
67,200,2,100,linear,Marginal-FR,Wasserstein,12.198470375806957
67,200,2,100,linear,Gaussian-FR,Wasserstein,15.532673020694444
68,200,2,100,linear,NPT-FR,Wasserstein,12.288688232920135
68,200,2,100,linear,Marginal-FR,Wasserstein,12.548054235173545
68,200,2,100,linear,Gaussian-FR,Wasserstein,15.581284186742211
69,200,2,100,linear,NPT-FR,Wasserstein,12.84376900351392
69,200,2,100,linear,Marginal-FR,Wasserstein,13.126949486489895
69,200,2,100,linear,Gaussian-FR,Wasserstein,16.147910235750174
70,200,2,100,linear,NPT-FR,Wasserstein,12.48974207309498
70,200,2,100,linear,Marginal-FR,Wasserstein,12.761910609366062
70,200,2,100,linear,Gaussian-FR,Wasserstein,15.837101106640963
71,200,2,100,linear,NPT-FR,Wasserstein,12.418693353155279
71,200,2,100,linear,Marginal-FR,Wasserstein,12.656313549189058
71,200,2,100,linear,Gaussian-FR,Wasserstein,15.682833975175685
72,200,2,100,linear,NPT-FR,Wasserstein,13.10346849204756
72,200,2,100,linear,Marginal-FR,Wasserstein,13.3920506181433
72,200,2,100,linear,Gaussian-FR,Wasserstein,16.5571709553234
73,200,2,100,linear,NPT-FR,Wasserstein,13.981146131895388
73,200,2,100,linear,Marginal-FR,Wasserstein,14.140286382228991
73,200,2,100,linear,Gaussian-FR,Wasserstein,17.120142027097536
74,200,2,100,linear,NPT-FR,Wasserstein,13.407307040776534
74,200,2,100,linear,Marginal-FR,Wasserstein,13.583609145930124
74,200,2,100,linear,Gaussian-FR,Wasserstein,16.634056285164764
75,200,2,100,linear,NPT-FR,Wasserstein,11.76222208887283
75,200,2,100,linear,Marginal-FR,Wasserstein,12.032971313200232
75,200,2,100,linear,Gaussian-FR,Wasserstein,14.912272379664591
76,200,2,100,linear,NPT-FR,Wasserstein,11.666293655801741
76,200,2,100,linear,Marginal-FR,Wasserstein,11.930986618086056
76,200,2,100,linear,Gaussian-FR,Wasserstein,15.094551665460589
77,200,2,100,linear,NPT-FR,Wasserstein,11.816225081162765
77,200,2,100,linear,Marginal-FR,Wasserstein,11.997142670174213
77,200,2,100,linear,Gaussian-FR,Wasserstein,15.119768708779919
78,200,2,100,linear,NPT-FR,Wasserstein,12.517310677723271
78,200,2,100,linear,Marginal-FR,Wasserstein,12.754244150788018
78,200,2,100,linear,Gaussian-FR,Wasserstein,15.49621898575095
79,200,2,100,linear,NPT-FR,Wasserstein,12.113285204352923
79,200,2,100,linear,Marginal-FR,Wasserstein,12.318853960878851
79,200,2,100,linear,Gaussian-FR,Wasserstein,15.455193027991267
80,200,2,100,linear,NPT-FR,Wasserstein,11.280696060632852
80,200,2,100,linear,Marginal-FR,Wasserstein,11.481440146176158
80,200,2,100,linear,Gaussian-FR,Wasserstein,14.551138380409828
81,200,2,100,linear,NPT-FR,Wasserstein,12.782144997239332
81,200,2,100,linear,Marginal-FR,Wasserstein,12.909805533744635
81,200,2,100,linear,Gaussian-FR,Wasserstein,15.887007708552803
82,200,2,100,linear,NPT-FR,Wasserstein,13.040190832145713
82,200,2,100,linear,Marginal-FR,Wasserstein,13.294817537895534
82,200,2,100,linear,Gaussian-FR,Wasserstein,16.235087145192423
83,200,2,100,linear,NPT-FR,Wasserstein,11.488853739579502
83,200,2,100,linear,Marginal-FR,Wasserstein,11.723964683218325
83,200,2,100,linear,Gaussian-FR,Wasserstein,14.8234940510972
84,200,2,100,linear,NPT-FR,Wasserstein,13.648658156953818
84,200,2,100,linear,Marginal-FR,Wasserstein,13.837216391854763
84,200,2,100,linear,Gaussian-FR,Wasserstein,17.130754495266135
85,200,2,100,linear,NPT-FR,Wasserstein,11.540528110047132
85,200,2,100,linear,Marginal-FR,Wasserstein,11.837793853117466
85,200,2,100,linear,Gaussian-FR,Wasserstein,14.945076328133618
86,200,2,100,linear,NPT-FR,Wasserstein,11.950248982655824
86,200,2,100,linear,Marginal-FR,Wasserstein,12.179180896221743
86,200,2,100,linear,Gaussian-FR,Wasserstein,15.264318236154278
87,200,2,100,linear,NPT-FR,Wasserstein,13.505173229728037
87,200,2,100,linear,Marginal-FR,Wasserstein,13.710588831084431
87,200,2,100,linear,Gaussian-FR,Wasserstein,16.94833236394947
88,200,2,100,linear,NPT-FR,Wasserstein,12.31572425644221
88,200,2,100,linear,Marginal-FR,Wasserstein,12.482944947072111
88,200,2,100,linear,Gaussian-FR,Wasserstein,15.44614784285238
89,200,2,100,linear,NPT-FR,Wasserstein,13.211975172261493
89,200,2,100,linear,Marginal-FR,Wasserstein,13.43777921347678
89,200,2,100,linear,Gaussian-FR,Wasserstein,16.36845755620298
90,200,2,100,linear,NPT-FR,Wasserstein,12.479684218935676
90,200,2,100,linear,Marginal-FR,Wasserstein,12.766733358783364
90,200,2,100,linear,Gaussian-FR,Wasserstein,15.827381451266303
91,200,2,100,linear,NPT-FR,Wasserstein,12.603193555912547
91,200,2,100,linear,Marginal-FR,Wasserstein,12.944230423247587
91,200,2,100,linear,Gaussian-FR,Wasserstein,15.590070801404053
92,200,2,100,linear,NPT-FR,Wasserstein,11.882729079535236
92,200,2,100,linear,Marginal-FR,Wasserstein,12.051283397684372
92,200,2,100,linear,Gaussian-FR,Wasserstein,15.287908683866302
93,200,2,100,linear,NPT-FR,Wasserstein,12.769822798450921
93,200,2,100,linear,Marginal-FR,Wasserstein,13.007399331455712
93,200,2,100,linear,Gaussian-FR,Wasserstein,15.9396504652126
94,200,2,100,linear,NPT-FR,Wasserstein,12.3587339328292
94,200,2,100,linear,Marginal-FR,Wasserstein,12.643837175853497
94,200,2,100,linear,Gaussian-FR,Wasserstein,15.54750923625334
95,200,2,100,linear,NPT-FR,Wasserstein,11.671776130447885
95,200,2,100,linear,Marginal-FR,Wasserstein,11.946358522695915
95,200,2,100,linear,Gaussian-FR,Wasserstein,14.91718532536807
96,200,2,100,linear,NPT-FR,Wasserstein,11.735336894581607
96,200,2,100,linear,Marginal-FR,Wasserstein,11.896984295777491
96,200,2,100,linear,Gaussian-FR,Wasserstein,14.937335882617605
97,200,2,100,linear,NPT-FR,Wasserstein,12.373866304380261
97,200,2,100,linear,Marginal-FR,Wasserstein,12.64558082861763
97,200,2,100,linear,Gaussian-FR,Wasserstein,15.466379799336966
98,200,2,100,linear,NPT-FR,Wasserstein,12.273444689437923
98,200,2,100,linear,Marginal-FR,Wasserstein,12.531730594865603
98,200,2,100,linear,Gaussian-FR,Wasserstein,15.64290815349921
99,200,2,100,linear,NPT-FR,Wasserstein,12.943997521375186
99,200,2,100,linear,Marginal-FR,Wasserstein,13.244538431870744
99,200,2,100,linear,Gaussian-FR,Wasserstein,16.3712366652351
0,200,2,100,nonlinear,NPT-FR,Wasserstein,11.953215939559914
0,200,2,100,nonlinear,Marginal-FR,Wasserstein,17.122884267658872
0,200,2,100,nonlinear,Gaussian-FR,Wasserstein,15.153416250135765
1,200,2,100,nonlinear,NPT-FR,Wasserstein,12.31792850426175
1,200,2,100,nonlinear,Marginal-FR,Wasserstein,17.655897685694
1,200,2,100,nonlinear,Gaussian-FR,Wasserstein,15.8193670662597
2,200,2,100,nonlinear,NPT-FR,Wasserstein,13.360141794649113
2,200,2,100,nonlinear,Marginal-FR,Wasserstein,18.38185980089633
2,200,2,100,nonlinear,Gaussian-FR,Wasserstein,16.826977479514987
3,200,2,100,nonlinear,NPT-FR,Wasserstein,11.827778360744581
3,200,2,100,nonlinear,Marginal-FR,Wasserstein,17.51801625769924
3,200,2,100,nonlinear,Gaussian-FR,Wasserstein,15.392902753403591
4,200,2,100,nonlinear,NPT-FR,Wasserstein,12.407489753854396
4,200,2,100,nonlinear,Marginal-FR,Wasserstein,17.49427941522526
4,200,2,100,nonlinear,Gaussian-FR,Wasserstein,15.89375414312118
5,200,2,100,nonlinear,NPT-FR,Wasserstein,13.180495281063651
5,200,2,100,nonlinear,Marginal-FR,Wasserstein,18.40697955191817
5,200,2,100,nonlinear,Gaussian-FR,Wasserstein,16.649303449519905
6,200,2,100,nonlinear,NPT-FR,Wasserstein,12.143924792410795
6,200,2,100,nonlinear,Marginal-FR,Wasserstein,17.359643850827123
6,200,2,100,nonlinear,Gaussian-FR,Wasserstein,15.637357472280641
7,200,2,100,nonlinear,NPT-FR,Wasserstein,12.448276440313034
7,200,2,100,nonlinear,Marginal-FR,Wasserstein,17.459814992985653
7,200,2,100,nonlinear,Gaussian-FR,Wasserstein,16.012605731536244
8,200,2,100,nonlinear,NPT-FR,Wasserstein,12.654621435222545
8,200,2,100,nonlinear,Marginal-FR,Wasserstein,18.02934991515208
8,200,2,100,nonlinear,Gaussian-FR,Wasserstein,16.19063984947762
9,200,2,100,nonlinear,NPT-FR,Wasserstein,12.90860936943116
9,200,2,100,nonlinear,Marginal-FR,Wasserstein,17.904671560022738
9,200,2,100,nonlinear,Gaussian-FR,Wasserstein,16.400064408650536
10,200,2,100,nonlinear,NPT-FR,Wasserstein,11.263375609310083
10,200,2,100,nonlinear,Marginal-FR,Wasserstein,16.560842352631184
10,200,2,100,nonlinear,Gaussian-FR,Wasserstein,14.983851385750008
11,200,2,100,nonlinear,NPT-FR,Wasserstein,12.875708082058654
11,200,2,100,nonlinear,Marginal-FR,Wasserstein,18.500525026717646
11,200,2,100,nonlinear,Gaussian-FR,Wasserstein,16.551781260436016
12,200,2,100,nonlinear,NPT-FR,Wasserstein,13.15407110127219
12,200,2,100,nonlinear,Marginal-FR,Wasserstein,18.14123720377501
12,200,2,100,nonlinear,Gaussian-FR,Wasserstein,16.783048915467393
13,200,2,100,nonlinear,NPT-FR,Wasserstein,11.903296271960075
13,200,2,100,nonlinear,Marginal-FR,Wasserstein,16.793880602374927
13,200,2,100,nonlinear,Gaussian-FR,Wasserstein,15.441614584895902
14,200,2,100,nonlinear,NPT-FR,Wasserstein,12.436114524998736
14,200,2,100,nonlinear,Marginal-FR,Wasserstein,17.560065062570967
14,200,2,100,nonlinear,Gaussian-FR,Wasserstein,16.082225209396178
15,200,2,100,nonlinear,NPT-FR,Wasserstein,12.744320681929596
15,200,2,100,nonlinear,Marginal-FR,Wasserstein,17.815992885655586
15,200,2,100,nonlinear,Gaussian-FR,Wasserstein,16.251481052475803
16,200,2,100,nonlinear,NPT-FR,Wasserstein,12.755757324195729
16,200,2,100,nonlinear,Marginal-FR,Wasserstein,17.955453952915036
16,200,2,100,nonlinear,Gaussian-FR,Wasserstein,16.52956454539597
17,200,2,100,nonlinear,NPT-FR,Wasserstein,11.810204042047314
17,200,2,100,nonlinear,Marginal-FR,Wasserstein,16.863145796599493
17,200,2,100,nonlinear,Gaussian-FR,Wasserstein,15.478348167306434
18,200,2,100,nonlinear,NPT-FR,Wasserstein,13.159464496862158
18,200,2,100,nonlinear,Marginal-FR,Wasserstein,18.594846035563396
18,200,2,100,nonlinear,Gaussian-FR,Wasserstein,16.891392510659436
19,200,2,100,nonlinear,NPT-FR,Wasserstein,13.175245331522456
19,200,2,100,nonlinear,Marginal-FR,Wasserstein,18.352567751588804
19,200,2,100,nonlinear,Gaussian-FR,Wasserstein,16.831538910693197
20,200,2,100,nonlinear,NPT-FR,Wasserstein,11.789564339125013
20,200,2,100,nonlinear,Marginal-FR,Wasserstein,16.901643230919284
20,200,2,100,nonlinear,Gaussian-FR,Wasserstein,15.118528252782253
21,200,2,100,nonlinear,NPT-FR,Wasserstein,12.860866579076161
21,200,2,100,nonlinear,Marginal-FR,Wasserstein,18.007680061854153
21,200,2,100,nonlinear,Gaussian-FR,Wasserstein,16.372236683251682
22,200,2,100,nonlinear,NPT-FR,Wasserstein,12.334477269928808
22,200,2,100,nonlinear,Marginal-FR,Wasserstein,17.818510940845865
22,200,2,100,nonlinear,Gaussian-FR,Wasserstein,16.021648826074763
23,200,2,100,nonlinear,NPT-FR,Wasserstein,12.838131917810248
23,200,2,100,nonlinear,Marginal-FR,Wasserstein,18.239938967209387
23,200,2,100,nonlinear,Gaussian-FR,Wasserstein,16.412743886797774
24,200,2,100,nonlinear,NPT-FR,Wasserstein,13.993784612738997
24,200,2,100,nonlinear,Marginal-FR,Wasserstein,19.165806887769183
24,200,2,100,nonlinear,Gaussian-FR,Wasserstein,17.52730790741469
25,200,2,100,nonlinear,NPT-FR,Wasserstein,12.270376501424208
25,200,2,100,nonlinear,Marginal-FR,Wasserstein,17.580111823274127
25,200,2,100,nonlinear,Gaussian-FR,Wasserstein,16.17145613492722
26,200,2,100,nonlinear,NPT-FR,Wasserstein,12.058987943290067
26,200,2,100,nonlinear,Marginal-FR,Wasserstein,17.009783993626428
26,200,2,100,nonlinear,Gaussian-FR,Wasserstein,15.791704120353595
27,200,2,100,nonlinear,NPT-FR,Wasserstein,13.077289924959882
27,200,2,100,nonlinear,Marginal-FR,Wasserstein,18.093375140144353
27,200,2,100,nonlinear,Gaussian-FR,Wasserstein,16.63651488932951
28,200,2,100,nonlinear,NPT-FR,Wasserstein,11.296302639685898
28,200,2,100,nonlinear,Marginal-FR,Wasserstein,16.58386303668033
28,200,2,100,nonlinear,Gaussian-FR,Wasserstein,14.95799710336555
29,200,2,100,nonlinear,NPT-FR,Wasserstein,12.819768132255115
29,200,2,100,nonlinear,Marginal-FR,Wasserstein,17.881334467386086
29,200,2,100,nonlinear,Gaussian-FR,Wasserstein,16.26373082677441
30,200,2,100,nonlinear,NPT-FR,Wasserstein,12.36346542698574
30,200,2,100,nonlinear,Marginal-FR,Wasserstein,17.51047409472464
30,200,2,100,nonlinear,Gaussian-FR,Wasserstein,15.677698972070624
31,200,2,100,nonlinear,NPT-FR,Wasserstein,12.588812773943317
31,200,2,100,nonlinear,Marginal-FR,Wasserstein,18.166983687499574
31,200,2,100,nonlinear,Gaussian-FR,Wasserstein,16.2498970232348
32,200,2,100,nonlinear,NPT-FR,Wasserstein,12.57799357855432
32,200,2,100,nonlinear,Marginal-FR,Wasserstein,18.01276072790233
32,200,2,100,nonlinear,Gaussian-FR,Wasserstein,16.08614440306629
33,200,2,100,nonlinear,NPT-FR,Wasserstein,12.28719999646686
33,200,2,100,nonlinear,Marginal-FR,Wasserstein,17.445157089298032
33,200,2,100,nonlinear,Gaussian-FR,Wasserstein,15.94472590295202
34,200,2,100,nonlinear,NPT-FR,Wasserstein,12.319590119827293
34,200,2,100,nonlinear,Marginal-FR,Wasserstein,17.746380134937564
34,200,2,100,nonlinear,Gaussian-FR,Wasserstein,15.875577899370427
35,200,2,100,nonlinear,NPT-FR,Wasserstein,12.476764728670311
35,200,2,100,nonlinear,Marginal-FR,Wasserstein,17.665262829272542
35,200,2,100,nonlinear,Gaussian-FR,Wasserstein,16.057948335861273
36,200,2,100,nonlinear,NPT-FR,Wasserstein,11.77366448706092
36,200,2,100,nonlinear,Marginal-FR,Wasserstein,16.642634861766307
36,200,2,100,nonlinear,Gaussian-FR,Wasserstein,15.273057746780305
37,200,2,100,nonlinear,NPT-FR,Wasserstein,12.168062321962065
37,200,2,100,nonlinear,Marginal-FR,Wasserstein,17.111616065902098
37,200,2,100,nonlinear,Gaussian-FR,Wasserstein,15.70168563287574
38,200,2,100,nonlinear,NPT-FR,Wasserstein,12.897563006787925
38,200,2,100,nonlinear,Marginal-FR,Wasserstein,18.27240529038137
38,200,2,100,nonlinear,Gaussian-FR,Wasserstein,16.061548138448508
39,200,2,100,nonlinear,NPT-FR,Wasserstein,12.239631311926079
39,200,2,100,nonlinear,Marginal-FR,Wasserstein,17.414576277707596
39,200,2,100,nonlinear,Gaussian-FR,Wasserstein,15.855540457208816
40,200,2,100,nonlinear,NPT-FR,Wasserstein,12.801986756253507
40,200,2,100,nonlinear,Marginal-FR,Wasserstein,17.629940781079444
40,200,2,100,nonlinear,Gaussian-FR,Wasserstein,16.257551906589306
41,200,2,100,nonlinear,NPT-FR,Wasserstein,11.695494598302533
41,200,2,100,nonlinear,Marginal-FR,Wasserstein,16.918471227289114
41,200,2,100,nonlinear,Gaussian-FR,Wasserstein,15.337328276052027
42,200,2,100,nonlinear,NPT-FR,Wasserstein,11.67349024883176
42,200,2,100,nonlinear,Marginal-FR,Wasserstein,16.64900897387524
42,200,2,100,nonlinear,Gaussian-FR,Wasserstein,15.121551767111207
43,200,2,100,nonlinear,NPT-FR,Wasserstein,11.853935442418091
43,200,2,100,nonlinear,Marginal-FR,Wasserstein,17.427509637561865
43,200,2,100,nonlinear,Gaussian-FR,Wasserstein,15.624990802530936
44,200,2,100,nonlinear,NPT-FR,Wasserstein,12.209839701441526
44,200,2,100,nonlinear,Marginal-FR,Wasserstein,17.272033802836788
44,200,2,100,nonlinear,Gaussian-FR,Wasserstein,15.940330665526806
45,200,2,100,nonlinear,NPT-FR,Wasserstein,12.31706299238393
45,200,2,100,nonlinear,Marginal-FR,Wasserstein,17.583263922533995
45,200,2,100,nonlinear,Gaussian-FR,Wasserstein,15.969485065877423
46,200,2,100,nonlinear,NPT-FR,Wasserstein,13.577244815970728
46,200,2,100,nonlinear,Marginal-FR,Wasserstein,18.676905643710228
46,200,2,100,nonlinear,Gaussian-FR,Wasserstein,17.1981148706511
47,200,2,100,nonlinear,NPT-FR,Wasserstein,14.250613989222474
47,200,2,100,nonlinear,Marginal-FR,Wasserstein,19.244056088823733
47,200,2,100,nonlinear,Gaussian-FR,Wasserstein,17.912257365417055
48,200,2,100,nonlinear,NPT-FR,Wasserstein,12.378080454085115
48,200,2,100,nonlinear,Marginal-FR,Wasserstein,17.543509377144336
48,200,2,100,nonlinear,Gaussian-FR,Wasserstein,15.798177376410953
49,200,2,100,nonlinear,NPT-FR,Wasserstein,11.2809352238252
49,200,2,100,nonlinear,Marginal-FR,Wasserstein,16.65877492096116
49,200,2,100,nonlinear,Gaussian-FR,Wasserstein,14.812899980049142
50,200,2,100,nonlinear,NPT-FR,Wasserstein,11.093057366683613
50,200,2,100,nonlinear,Marginal-FR,Wasserstein,16.717337080972538
50,200,2,100,nonlinear,Gaussian-FR,Wasserstein,14.880858103772466
51,200,2,100,nonlinear,NPT-FR,Wasserstein,12.37725272651526
51,200,2,100,nonlinear,Marginal-FR,Wasserstein,17.5679934673232
51,200,2,100,nonlinear,Gaussian-FR,Wasserstein,16.038671783772788
52,200,2,100,nonlinear,NPT-FR,Wasserstein,11.884362195532725
52,200,2,100,nonlinear,Marginal-FR,Wasserstein,16.61838432960835
52,200,2,100,nonlinear,Gaussian-FR,Wasserstein,14.88347009740773
53,200,2,100,nonlinear,NPT-FR,Wasserstein,11.499006234352809
53,200,2,100,nonlinear,Marginal-FR,Wasserstein,16.605471089895996
53,200,2,100,nonlinear,Gaussian-FR,Wasserstein,15.345865817789578
54,200,2,100,nonlinear,NPT-FR,Wasserstein,11.90090177197826
54,200,2,100,nonlinear,Marginal-FR,Wasserstein,17.141776699717788
54,200,2,100,nonlinear,Gaussian-FR,Wasserstein,15.754583462161497
55,200,2,100,nonlinear,NPT-FR,Wasserstein,13.167236823091466
55,200,2,100,nonlinear,Marginal-FR,Wasserstein,18.585461287257175
55,200,2,100,nonlinear,Gaussian-FR,Wasserstein,17.11643180662499
56,200,2,100,nonlinear,NPT-FR,Wasserstein,12.278763317277058
56,200,2,100,nonlinear,Marginal-FR,Wasserstein,17.414942884396986
56,200,2,100,nonlinear,Gaussian-FR,Wasserstein,15.862238814870958
57,200,2,100,nonlinear,NPT-FR,Wasserstein,11.753581057858279
57,200,2,100,nonlinear,Marginal-FR,Wasserstein,17.0828797600084
57,200,2,100,nonlinear,Gaussian-FR,Wasserstein,15.34438826905851
58,200,2,100,nonlinear,NPT-FR,Wasserstein,14.038851543164691
58,200,2,100,nonlinear,Marginal-FR,Wasserstein,18.982077064974852
58,200,2,100,nonlinear,Gaussian-FR,Wasserstein,17.70361932582838
59,200,2,100,nonlinear,NPT-FR,Wasserstein,11.275948457433378
59,200,2,100,nonlinear,Marginal-FR,Wasserstein,16.64243588218347
59,200,2,100,nonlinear,Gaussian-FR,Wasserstein,14.843784792641154
60,200,2,100,nonlinear,NPT-FR,Wasserstein,13.015497641640026
60,200,2,100,nonlinear,Marginal-FR,Wasserstein,18.317760781634398
60,200,2,100,nonlinear,Gaussian-FR,Wasserstein,16.309013061587763
61,200,2,100,nonlinear,NPT-FR,Wasserstein,12.59913869881749
61,200,2,100,nonlinear,Marginal-FR,Wasserstein,18.03363972178007
61,200,2,100,nonlinear,Gaussian-FR,Wasserstein,16.241918173849456
62,200,2,100,nonlinear,NPT-FR,Wasserstein,13.019984300482967
62,200,2,100,nonlinear,Marginal-FR,Wasserstein,18.438291341996926
62,200,2,100,nonlinear,Gaussian-FR,Wasserstein,16.452721368910314
63,200,2,100,nonlinear,NPT-FR,Wasserstein,11.10639304843737
63,200,2,100,nonlinear,Marginal-FR,Wasserstein,16.348526592265245
63,200,2,100,nonlinear,Gaussian-FR,Wasserstein,14.552307986390458
64,200,2,100,nonlinear,NPT-FR,Wasserstein,12.304795953228883
64,200,2,100,nonlinear,Marginal-FR,Wasserstein,17.513876766228147
64,200,2,100,nonlinear,Gaussian-FR,Wasserstein,15.862533388669554
65,200,2,100,nonlinear,NPT-FR,Wasserstein,12.492220202475197
65,200,2,100,nonlinear,Marginal-FR,Wasserstein,17.52068605423267
65,200,2,100,nonlinear,Gaussian-FR,Wasserstein,16.12144656755901
66,200,2,100,nonlinear,NPT-FR,Wasserstein,12.75462682689725
66,200,2,100,nonlinear,Marginal-FR,Wasserstein,18.127474173623558
66,200,2,100,nonlinear,Gaussian-FR,Wasserstein,16.25163033412649
67,200,2,100,nonlinear,NPT-FR,Wasserstein,11.95902150869853
67,200,2,100,nonlinear,Marginal-FR,Wasserstein,17.457689753697604
67,200,2,100,nonlinear,Gaussian-FR,Wasserstein,15.773605068419686
68,200,2,100,nonlinear,NPT-FR,Wasserstein,12.460579588673605
68,200,2,100,nonlinear,Marginal-FR,Wasserstein,17.60942527913
68,200,2,100,nonlinear,Gaussian-FR,Wasserstein,15.906177656649119
69,200,2,100,nonlinear,NPT-FR,Wasserstein,12.48581604509386
69,200,2,100,nonlinear,Marginal-FR,Wasserstein,17.446307256061
69,200,2,100,nonlinear,Gaussian-FR,Wasserstein,16.1697178605742
70,200,2,100,nonlinear,NPT-FR,Wasserstein,11.596592341750327
70,200,2,100,nonlinear,Marginal-FR,Wasserstein,16.912958635370654
70,200,2,100,nonlinear,Gaussian-FR,Wasserstein,15.134076235589799
71,200,2,100,nonlinear,NPT-FR,Wasserstein,15.417306242521787
71,200,2,100,nonlinear,Marginal-FR,Wasserstein,20.895838884519303
71,200,2,100,nonlinear,Gaussian-FR,Wasserstein,19.060751893699038
72,200,2,100,nonlinear,NPT-FR,Wasserstein,12.875774304202766
72,200,2,100,nonlinear,Marginal-FR,Wasserstein,18.206807391069727
72,200,2,100,nonlinear,Gaussian-FR,Wasserstein,16.173048123118306
73,200,2,100,nonlinear,NPT-FR,Wasserstein,11.938085767246601
73,200,2,100,nonlinear,Marginal-FR,Wasserstein,16.90516663050204
73,200,2,100,nonlinear,Gaussian-FR,Wasserstein,15.489548492086326
74,200,2,100,nonlinear,NPT-FR,Wasserstein,12.72254949714766
74,200,2,100,nonlinear,Marginal-FR,Wasserstein,17.5673612342501
74,200,2,100,nonlinear,Gaussian-FR,Wasserstein,16.14682347887581
75,200,2,100,nonlinear,NPT-FR,Wasserstein,11.855779866890433
75,200,2,100,nonlinear,Marginal-FR,Wasserstein,17.051050424363538
75,200,2,100,nonlinear,Gaussian-FR,Wasserstein,15.569539402985296
76,200,2,100,nonlinear,NPT-FR,Wasserstein,12.889619966407336
76,200,2,100,nonlinear,Marginal-FR,Wasserstein,17.83378213368682
76,200,2,100,nonlinear,Gaussian-FR,Wasserstein,16.389382986600115
77,200,2,100,nonlinear,NPT-FR,Wasserstein,12.333711242020323
77,200,2,100,nonlinear,Marginal-FR,Wasserstein,17.578615829304535
77,200,2,100,nonlinear,Gaussian-FR,Wasserstein,16.105177067443506
78,200,2,100,nonlinear,NPT-FR,Wasserstein,13.264032737041454
78,200,2,100,nonlinear,Marginal-FR,Wasserstein,18.173044827571065
78,200,2,100,nonlinear,Gaussian-FR,Wasserstein,16.756735014890516
79,200,2,100,nonlinear,NPT-FR,Wasserstein,11.52096029256407
79,200,2,100,nonlinear,Marginal-FR,Wasserstein,16.63395137667144
79,200,2,100,nonlinear,Gaussian-FR,Wasserstein,15.040581843539877
80,200,2,100,nonlinear,NPT-FR,Wasserstein,12.866999271201589
80,200,2,100,nonlinear,Marginal-FR,Wasserstein,17.809943921951852
80,200,2,100,nonlinear,Gaussian-FR,Wasserstein,16.417525197338932
81,200,2,100,nonlinear,NPT-FR,Wasserstein,12.093301610684605
81,200,2,100,nonlinear,Marginal-FR,Wasserstein,17.633763292865304
81,200,2,100,nonlinear,Gaussian-FR,Wasserstein,15.925840239891079
82,200,2,100,nonlinear,NPT-FR,Wasserstein,13.50936788352853
82,200,2,100,nonlinear,Marginal-FR,Wasserstein,18.47018625775155
82,200,2,100,nonlinear,Gaussian-FR,Wasserstein,17.059094664974854
83,200,2,100,nonlinear,NPT-FR,Wasserstein,12.846333769148092
83,200,2,100,nonlinear,Marginal-FR,Wasserstein,18.291258339953618
83,200,2,100,nonlinear,Gaussian-FR,Wasserstein,16.424206956864822
84,200,2,100,nonlinear,NPT-FR,Wasserstein,12.573569392033937
84,200,2,100,nonlinear,Marginal-FR,Wasserstein,17.70904074759804
84,200,2,100,nonlinear,Gaussian-FR,Wasserstein,16.334595672816704
85,200,2,100,nonlinear,NPT-FR,Wasserstein,12.604286427253287
85,200,2,100,nonlinear,Marginal-FR,Wasserstein,17.731000083101485
85,200,2,100,nonlinear,Gaussian-FR,Wasserstein,16.14689374516162
86,200,2,100,nonlinear,NPT-FR,Wasserstein,12.524242488279409
86,200,2,100,nonlinear,Marginal-FR,Wasserstein,17.702028571626876
86,200,2,100,nonlinear,Gaussian-FR,Wasserstein,16.057152740474187
87,200,2,100,nonlinear,NPT-FR,Wasserstein,13.08129213980049
87,200,2,100,nonlinear,Marginal-FR,Wasserstein,18.240122165216107
87,200,2,100,nonlinear,Gaussian-FR,Wasserstein,16.618565287085605
88,200,2,100,nonlinear,NPT-FR,Wasserstein,11.722395619550799
88,200,2,100,nonlinear,Marginal-FR,Wasserstein,16.8025061154657
88,200,2,100,nonlinear,Gaussian-FR,Wasserstein,15.27482944408063
89,200,2,100,nonlinear,NPT-FR,Wasserstein,12.275947613215886
89,200,2,100,nonlinear,Marginal-FR,Wasserstein,16.932261387260265
89,200,2,100,nonlinear,Gaussian-FR,Wasserstein,15.845645196086076
90,200,2,100,nonlinear,NPT-FR,Wasserstein,12.366912246255017
90,200,2,100,nonlinear,Marginal-FR,Wasserstein,17.377635181106637
90,200,2,100,nonlinear,Gaussian-FR,Wasserstein,16.00054189521407
91,200,2,100,nonlinear,NPT-FR,Wasserstein,12.998205909201381
91,200,2,100,nonlinear,Marginal-FR,Wasserstein,18.358134599446206
91,200,2,100,nonlinear,Gaussian-FR,Wasserstein,16.57849901110379
92,200,2,100,nonlinear,NPT-FR,Wasserstein,11.508745673470306
92,200,2,100,nonlinear,Marginal-FR,Wasserstein,16.90016024445659
92,200,2,100,nonlinear,Gaussian-FR,Wasserstein,15.313870055778178
93,200,2,100,nonlinear,NPT-FR,Wasserstein,11.735039057773191
93,200,2,100,nonlinear,Marginal-FR,Wasserstein,17.117628528126083
93,200,2,100,nonlinear,Gaussian-FR,Wasserstein,15.264911745562522
94,200,2,100,nonlinear,NPT-FR,Wasserstein,12.412173264848919
94,200,2,100,nonlinear,Marginal-FR,Wasserstein,17.844069119043887
94,200,2,100,nonlinear,Gaussian-FR,Wasserstein,16.14645082706995
95,200,2,100,nonlinear,NPT-FR,Wasserstein,11.706956555675601
95,200,2,100,nonlinear,Marginal-FR,Wasserstein,17.510754774494526
95,200,2,100,nonlinear,Gaussian-FR,Wasserstein,15.31450944358478
96,200,2,100,nonlinear,NPT-FR,Wasserstein,12.541828475185186
96,200,2,100,nonlinear,Marginal-FR,Wasserstein,17.287150541453165
96,200,2,100,nonlinear,Gaussian-FR,Wasserstein,15.710334992091882
97,200,2,100,nonlinear,NPT-FR,Wasserstein,11.954896537497094
97,200,2,100,nonlinear,Marginal-FR,Wasserstein,16.774946925156765
97,200,2,100,nonlinear,Gaussian-FR,Wasserstein,15.140642200709152
98,200,2,100,nonlinear,NPT-FR,Wasserstein,11.588709106991404
98,200,2,100,nonlinear,Marginal-FR,Wasserstein,16.634793726220625
98,200,2,100,nonlinear,Gaussian-FR,Wasserstein,15.208618600007437
99,200,2,100,nonlinear,NPT-FR,Wasserstein,13.512739659150919
99,200,2,100,nonlinear,Marginal-FR,Wasserstein,18.28749887144965
99,200,2,100,nonlinear,Gaussian-FR,Wasserstein,16.984777688216564
0,200,2,1000,linear,NPT-FR,Wasserstein,11.852202808560062
0,200,2,1000,linear,Marginal-FR,Wasserstein,12.050943182349918
0,200,2,1000,linear,Gaussian-FR,Wasserstein,15.2495692227141
1,200,2,1000,linear,NPT-FR,Wasserstein,12.356171927464995
1,200,2,1000,linear,Marginal-FR,Wasserstein,12.611776580759892
1,200,2,1000,linear,Gaussian-FR,Wasserstein,15.761109025719074
2,200,2,1000,linear,NPT-FR,Wasserstein,11.468546847610055
2,200,2,1000,linear,Marginal-FR,Wasserstein,11.734870722007273
2,200,2,1000,linear,Gaussian-FR,Wasserstein,14.693792847440172
3,200,2,1000,linear,NPT-FR,Wasserstein,12.513669619102787
3,200,2,1000,linear,Marginal-FR,Wasserstein,12.756858130266362
3,200,2,1000,linear,Gaussian-FR,Wasserstein,15.984734249237954
4,200,2,1000,linear,NPT-FR,Wasserstein,12.190915364600404
4,200,2,1000,linear,Marginal-FR,Wasserstein,12.41240840569342
4,200,2,1000,linear,Gaussian-FR,Wasserstein,15.479110959092472
5,200,2,1000,linear,NPT-FR,Wasserstein,12.202043574487016
5,200,2,1000,linear,Marginal-FR,Wasserstein,12.461430125089114
5,200,2,1000,linear,Gaussian-FR,Wasserstein,15.633348945656794
6,200,2,1000,linear,NPT-FR,Wasserstein,12.624922983008586
6,200,2,1000,linear,Marginal-FR,Wasserstein,12.890696421622899
6,200,2,1000,linear,Gaussian-FR,Wasserstein,15.98758204046314
7,200,2,1000,linear,NPT-FR,Wasserstein,12.411432589110907
7,200,2,1000,linear,Marginal-FR,Wasserstein,12.7139064284778
7,200,2,1000,linear,Gaussian-FR,Wasserstein,15.790969263344175
8,200,2,1000,linear,NPT-FR,Wasserstein,12.030987474830527
8,200,2,1000,linear,Marginal-FR,Wasserstein,12.238253729292486
8,200,2,1000,linear,Gaussian-FR,Wasserstein,15.345976219461114
9,200,2,1000,linear,NPT-FR,Wasserstein,11.932772474830871
9,200,2,1000,linear,Marginal-FR,Wasserstein,12.103281261867611
9,200,2,1000,linear,Gaussian-FR,Wasserstein,15.305990498609262
10,200,2,1000,linear,NPT-FR,Wasserstein,12.329711061698386
10,200,2,1000,linear,Marginal-FR,Wasserstein,12.522198155856561
10,200,2,1000,linear,Gaussian-FR,Wasserstein,15.624122074102853
11,200,2,1000,linear,NPT-FR,Wasserstein,13.142976655019027
11,200,2,1000,linear,Marginal-FR,Wasserstein,13.277955838170538
11,200,2,1000,linear,Gaussian-FR,Wasserstein,16.45661890386099
12,200,2,1000,linear,NPT-FR,Wasserstein,10.734534547057525
12,200,2,1000,linear,Marginal-FR,Wasserstein,10.885680620380247
12,200,2,1000,linear,Gaussian-FR,Wasserstein,14.039581409193335
13,200,2,1000,linear,NPT-FR,Wasserstein,13.400999251228711
13,200,2,1000,linear,Marginal-FR,Wasserstein,13.56252445867299
13,200,2,1000,linear,Gaussian-FR,Wasserstein,16.831817003892073
14,200,2,1000,linear,NPT-FR,Wasserstein,12.056725657330036
14,200,2,1000,linear,Marginal-FR,Wasserstein,12.308614456354507
14,200,2,1000,linear,Gaussian-FR,Wasserstein,15.600028054491883
15,200,2,1000,linear,NPT-FR,Wasserstein,12.615272751120246
15,200,2,1000,linear,Marginal-FR,Wasserstein,12.849893557133118
15,200,2,1000,linear,Gaussian-FR,Wasserstein,16.138717184738613
16,200,2,1000,linear,NPT-FR,Wasserstein,12.503525031580251
16,200,2,1000,linear,Marginal-FR,Wasserstein,12.724904983476241
16,200,2,1000,linear,Gaussian-FR,Wasserstein,15.885043060834887
17,200,2,1000,linear,NPT-FR,Wasserstein,12.558079487949392
17,200,2,1000,linear,Marginal-FR,Wasserstein,12.783533634684929
17,200,2,1000,linear,Gaussian-FR,Wasserstein,15.880265400410517
18,200,2,1000,linear,NPT-FR,Wasserstein,12.753522044857743
18,200,2,1000,linear,Marginal-FR,Wasserstein,12.889531254837346
18,200,2,1000,linear,Gaussian-FR,Wasserstein,15.94616655212071
19,200,2,1000,linear,NPT-FR,Wasserstein,13.265904376542574
19,200,2,1000,linear,Marginal-FR,Wasserstein,13.543810563060731
19,200,2,1000,linear,Gaussian-FR,Wasserstein,16.700404818396386
20,200,2,1000,linear,NPT-FR,Wasserstein,12.051921227142419
20,200,2,1000,linear,Marginal-FR,Wasserstein,12.297724519930915
20,200,2,1000,linear,Gaussian-FR,Wasserstein,15.442614427742575
21,200,2,1000,linear,NPT-FR,Wasserstein,12.511828233978477
21,200,2,1000,linear,Marginal-FR,Wasserstein,12.772438368268912
21,200,2,1000,linear,Gaussian-FR,Wasserstein,15.79315826237228
22,200,2,1000,linear,NPT-FR,Wasserstein,12.296517483447591
22,200,2,1000,linear,Marginal-FR,Wasserstein,12.483782197114543
22,200,2,1000,linear,Gaussian-FR,Wasserstein,15.709475777425581
23,200,2,1000,linear,NPT-FR,Wasserstein,12.467303759324798
23,200,2,1000,linear,Marginal-FR,Wasserstein,12.673800783442694
23,200,2,1000,linear,Gaussian-FR,Wasserstein,15.847043430739912
24,200,2,1000,linear,NPT-FR,Wasserstein,11.465216264580937
24,200,2,1000,linear,Marginal-FR,Wasserstein,11.653936295230459
24,200,2,1000,linear,Gaussian-FR,Wasserstein,14.68103279902932
25,200,2,1000,linear,NPT-FR,Wasserstein,13.897779408918794
25,200,2,1000,linear,Marginal-FR,Wasserstein,14.115469573786697
25,200,2,1000,linear,Gaussian-FR,Wasserstein,17.260743916735827
26,200,2,1000,linear,NPT-FR,Wasserstein,13.053404692975631
26,200,2,1000,linear,Marginal-FR,Wasserstein,13.355631888989453
26,200,2,1000,linear,Gaussian-FR,Wasserstein,16.4974927617611
27,200,2,1000,linear,NPT-FR,Wasserstein,12.396943468793975
27,200,2,1000,linear,Marginal-FR,Wasserstein,12.572494208707015
27,200,2,1000,linear,Gaussian-FR,Wasserstein,15.69200749607231
28,200,2,1000,linear,NPT-FR,Wasserstein,11.289254213931592
28,200,2,1000,linear,Marginal-FR,Wasserstein,11.58862978198559
28,200,2,1000,linear,Gaussian-FR,Wasserstein,14.855845860371899
29,200,2,1000,linear,NPT-FR,Wasserstein,13.41086393818816
29,200,2,1000,linear,Marginal-FR,Wasserstein,13.627426964152535
29,200,2,1000,linear,Gaussian-FR,Wasserstein,16.634641531608704
30,200,2,1000,linear,NPT-FR,Wasserstein,12.35561139876712
30,200,2,1000,linear,Marginal-FR,Wasserstein,12.58456936153936
30,200,2,1000,linear,Gaussian-FR,Wasserstein,15.837340425528607
31,200,2,1000,linear,NPT-FR,Wasserstein,13.015463645912307
31,200,2,1000,linear,Marginal-FR,Wasserstein,13.288264021436346
31,200,2,1000,linear,Gaussian-FR,Wasserstein,16.499808735410177
32,200,2,1000,linear,NPT-FR,Wasserstein,13.358358569289269
32,200,2,1000,linear,Marginal-FR,Wasserstein,13.656086890169057
32,200,2,1000,linear,Gaussian-FR,Wasserstein,16.93164125527991
33,200,2,1000,linear,NPT-FR,Wasserstein,11.302318011711762
33,200,2,1000,linear,Marginal-FR,Wasserstein,11.469833292104937
33,200,2,1000,linear,Gaussian-FR,Wasserstein,14.500458199742546
34,200,2,1000,linear,NPT-FR,Wasserstein,12.358567187853145
34,200,2,1000,linear,Marginal-FR,Wasserstein,12.64279290085761
34,200,2,1000,linear,Gaussian-FR,Wasserstein,15.866803117973777
35,200,2,1000,linear,NPT-FR,Wasserstein,10.83848918370872
35,200,2,1000,linear,Marginal-FR,Wasserstein,11.055673138258554
35,200,2,1000,linear,Gaussian-FR,Wasserstein,14.288092681063464
36,200,2,1000,linear,NPT-FR,Wasserstein,11.811919561729988
36,200,2,1000,linear,Marginal-FR,Wasserstein,12.064911619435208
36,200,2,1000,linear,Gaussian-FR,Wasserstein,15.16856388606023
37,200,2,1000,linear,NPT-FR,Wasserstein,11.719344261266437
37,200,2,1000,linear,Marginal-FR,Wasserstein,11.938160823881445
37,200,2,1000,linear,Gaussian-FR,Wasserstein,15.101206706815946
38,200,2,1000,linear,NPT-FR,Wasserstein,13.030442784650216
38,200,2,1000,linear,Marginal-FR,Wasserstein,13.295809285008643
38,200,2,1000,linear,Gaussian-FR,Wasserstein,16.505815123199664
39,200,2,1000,linear,NPT-FR,Wasserstein,11.222718525277124
39,200,2,1000,linear,Marginal-FR,Wasserstein,11.368575148653111
39,200,2,1000,linear,Gaussian-FR,Wasserstein,14.59017341545198
40,200,2,1000,linear,NPT-FR,Wasserstein,12.208238244836263
40,200,2,1000,linear,Marginal-FR,Wasserstein,12.494372963661743
40,200,2,1000,linear,Gaussian-FR,Wasserstein,15.559472174050532
41,200,2,1000,linear,NPT-FR,Wasserstein,12.300746234704421
41,200,2,1000,linear,Marginal-FR,Wasserstein,12.493079154494637
41,200,2,1000,linear,Gaussian-FR,Wasserstein,15.852352221037817
42,200,2,1000,linear,NPT-FR,Wasserstein,13.429102735162694
42,200,2,1000,linear,Marginal-FR,Wasserstein,13.76359076201638
42,200,2,1000,linear,Gaussian-FR,Wasserstein,17.003185256067685
43,200,2,1000,linear,NPT-FR,Wasserstein,12.349971631626385
43,200,2,1000,linear,Marginal-FR,Wasserstein,12.510098017739672
43,200,2,1000,linear,Gaussian-FR,Wasserstein,15.854825466701023
44,200,2,1000,linear,NPT-FR,Wasserstein,12.492670025208438
44,200,2,1000,linear,Marginal-FR,Wasserstein,12.732450237432856
44,200,2,1000,linear,Gaussian-FR,Wasserstein,16.10645853814267
45,200,2,1000,linear,NPT-FR,Wasserstein,12.05210427148805
45,200,2,1000,linear,Marginal-FR,Wasserstein,12.227513697517923
45,200,2,1000,linear,Gaussian-FR,Wasserstein,15.208138833619978
46,200,2,1000,linear,NPT-FR,Wasserstein,12.283003539770194
46,200,2,1000,linear,Marginal-FR,Wasserstein,12.433765423616748
46,200,2,1000,linear,Gaussian-FR,Wasserstein,15.550769969464204
47,200,2,1000,linear,NPT-FR,Wasserstein,12.317124198822967
47,200,2,1000,linear,Marginal-FR,Wasserstein,12.587533226636708
47,200,2,1000,linear,Gaussian-FR,Wasserstein,15.674719132289304
48,200,2,1000,linear,NPT-FR,Wasserstein,12.039211933176274
48,200,2,1000,linear,Marginal-FR,Wasserstein,12.310263990378703
48,200,2,1000,linear,Gaussian-FR,Wasserstein,15.431156680087508
49,200,2,1000,linear,NPT-FR,Wasserstein,12.341708514457371
49,200,2,1000,linear,Marginal-FR,Wasserstein,12.574686919427416
49,200,2,1000,linear,Gaussian-FR,Wasserstein,15.710086131729138
50,200,2,1000,linear,NPT-FR,Wasserstein,13.095411276967747
50,200,2,1000,linear,Marginal-FR,Wasserstein,13.278092449155084
50,200,2,1000,linear,Gaussian-FR,Wasserstein,16.36435891937942
51,200,2,1000,linear,NPT-FR,Wasserstein,11.365793177219187
51,200,2,1000,linear,Marginal-FR,Wasserstein,11.58987951983109
51,200,2,1000,linear,Gaussian-FR,Wasserstein,14.785349249533374
52,200,2,1000,linear,NPT-FR,Wasserstein,11.52103640431755
52,200,2,1000,linear,Marginal-FR,Wasserstein,11.711045297066908
52,200,2,1000,linear,Gaussian-FR,Wasserstein,14.89937269426455
53,200,2,1000,linear,NPT-FR,Wasserstein,12.498958102627071
53,200,2,1000,linear,Marginal-FR,Wasserstein,12.797607029951395
53,200,2,1000,linear,Gaussian-FR,Wasserstein,15.769822039404389
54,200,2,1000,linear,NPT-FR,Wasserstein,11.926514721856565
54,200,2,1000,linear,Marginal-FR,Wasserstein,12.182277346121685
54,200,2,1000,linear,Gaussian-FR,Wasserstein,15.175599256801135
55,200,2,1000,linear,NPT-FR,Wasserstein,11.748423007578268
55,200,2,1000,linear,Marginal-FR,Wasserstein,12.000156734062795
55,200,2,1000,linear,Gaussian-FR,Wasserstein,15.167881937678768
56,200,2,1000,linear,NPT-FR,Wasserstein,12.977383655544102
56,200,2,1000,linear,Marginal-FR,Wasserstein,13.147004512624735
56,200,2,1000,linear,Gaussian-FR,Wasserstein,16.27782145908875
57,200,2,1000,linear,NPT-FR,Wasserstein,12.326679011529428
57,200,2,1000,linear,Marginal-FR,Wasserstein,12.561020300307137
57,200,2,1000,linear,Gaussian-FR,Wasserstein,15.7443645062486
58,200,2,1000,linear,NPT-FR,Wasserstein,11.643691809646764
58,200,2,1000,linear,Marginal-FR,Wasserstein,11.783239908145642
58,200,2,1000,linear,Gaussian-FR,Wasserstein,15.076097337715003
59,200,2,1000,linear,NPT-FR,Wasserstein,11.484889832984345
59,200,2,1000,linear,Marginal-FR,Wasserstein,11.745702048663992
59,200,2,1000,linear,Gaussian-FR,Wasserstein,14.92181398761178
60,200,2,1000,linear,NPT-FR,Wasserstein,12.24385282700748
60,200,2,1000,linear,Marginal-FR,Wasserstein,12.51325340218777
60,200,2,1000,linear,Gaussian-FR,Wasserstein,15.748312704302004
61,200,2,1000,linear,NPT-FR,Wasserstein,12.11072386630576
61,200,2,1000,linear,Marginal-FR,Wasserstein,12.296718843153728
61,200,2,1000,linear,Gaussian-FR,Wasserstein,15.210304101202514
62,200,2,1000,linear,NPT-FR,Wasserstein,12.68749432569417
62,200,2,1000,linear,Marginal-FR,Wasserstein,12.850381647414947
62,200,2,1000,linear,Gaussian-FR,Wasserstein,16.015513362986873
63,200,2,1000,linear,NPT-FR,Wasserstein,11.672884936827852
63,200,2,1000,linear,Marginal-FR,Wasserstein,11.880198944367162
63,200,2,1000,linear,Gaussian-FR,Wasserstein,15.082881936937069
64,200,2,1000,linear,NPT-FR,Wasserstein,11.589676789011028
64,200,2,1000,linear,Marginal-FR,Wasserstein,11.784070482896048
64,200,2,1000,linear,Gaussian-FR,Wasserstein,14.84722162915315
65,200,2,1000,linear,NPT-FR,Wasserstein,11.168400181833203
65,200,2,1000,linear,Marginal-FR,Wasserstein,11.382205461739293
65,200,2,1000,linear,Gaussian-FR,Wasserstein,14.661840017537612
66,200,2,1000,linear,NPT-FR,Wasserstein,12.810243947090603
66,200,2,1000,linear,Marginal-FR,Wasserstein,12.986008274151427
66,200,2,1000,linear,Gaussian-FR,Wasserstein,16.167043399885703
67,200,2,1000,linear,NPT-FR,Wasserstein,12.072936642943358
67,200,2,1000,linear,Marginal-FR,Wasserstein,12.329099983383232
67,200,2,1000,linear,Gaussian-FR,Wasserstein,15.486732369092282
68,200,2,1000,linear,NPT-FR,Wasserstein,12.402007151519676
68,200,2,1000,linear,Marginal-FR,Wasserstein,12.71959428289314
68,200,2,1000,linear,Gaussian-FR,Wasserstein,15.897990241281573
69,200,2,1000,linear,NPT-FR,Wasserstein,12.494402484200746
69,200,2,1000,linear,Marginal-FR,Wasserstein,12.688044045751349
69,200,2,1000,linear,Gaussian-FR,Wasserstein,15.955920878803393
70,200,2,1000,linear,NPT-FR,Wasserstein,11.40040104248915
70,200,2,1000,linear,Marginal-FR,Wasserstein,11.715816837436442
70,200,2,1000,linear,Gaussian-FR,Wasserstein,15.066177640577273
71,200,2,1000,linear,NPT-FR,Wasserstein,11.712041523224599
71,200,2,1000,linear,Marginal-FR,Wasserstein,11.978949380074166
71,200,2,1000,linear,Gaussian-FR,Wasserstein,15.25590072395276
72,200,2,1000,linear,NPT-FR,Wasserstein,12.33765627409251
72,200,2,1000,linear,Marginal-FR,Wasserstein,12.587536513139506
72,200,2,1000,linear,Gaussian-FR,Wasserstein,15.68180426624889
73,200,2,1000,linear,NPT-FR,Wasserstein,12.401440990459108
73,200,2,1000,linear,Marginal-FR,Wasserstein,12.558054648827747
73,200,2,1000,linear,Gaussian-FR,Wasserstein,15.834562503037716
74,200,2,1000,linear,NPT-FR,Wasserstein,13.02132886904185
74,200,2,1000,linear,Marginal-FR,Wasserstein,13.268358797226453
74,200,2,1000,linear,Gaussian-FR,Wasserstein,16.413670298471406
75,200,2,1000,linear,NPT-FR,Wasserstein,12.169655909241667
75,200,2,1000,linear,Marginal-FR,Wasserstein,12.362200107738936
75,200,2,1000,linear,Gaussian-FR,Wasserstein,15.468489344675858
76,200,2,1000,linear,NPT-FR,Wasserstein,11.809890400020036
76,200,2,1000,linear,Marginal-FR,Wasserstein,12.107532752241967
76,200,2,1000,linear,Gaussian-FR,Wasserstein,15.273188757780794
77,200,2,1000,linear,NPT-FR,Wasserstein,11.401881812539445
77,200,2,1000,linear,Marginal-FR,Wasserstein,11.68972106188623
77,200,2,1000,linear,Gaussian-FR,Wasserstein,14.820868616235838
78,200,2,1000,linear,NPT-FR,Wasserstein,11.225546220176275
78,200,2,1000,linear,Marginal-FR,Wasserstein,11.40091127361064
78,200,2,1000,linear,Gaussian-FR,Wasserstein,14.702997914748623
79,200,2,1000,linear,NPT-FR,Wasserstein,13.066890194370568
79,200,2,1000,linear,Marginal-FR,Wasserstein,13.311507623093071
79,200,2,1000,linear,Gaussian-FR,Wasserstein,16.311149940161812
80,200,2,1000,linear,NPT-FR,Wasserstein,11.983796499937304
80,200,2,1000,linear,Marginal-FR,Wasserstein,12.239685073445617
80,200,2,1000,linear,Gaussian-FR,Wasserstein,15.435727869769769
81,200,2,1000,linear,NPT-FR,Wasserstein,12.92441519993413
81,200,2,1000,linear,Marginal-FR,Wasserstein,13.171479392119053
81,200,2,1000,linear,Gaussian-FR,Wasserstein,16.327783902231193
82,200,2,1000,linear,NPT-FR,Wasserstein,12.854076063715818
82,200,2,1000,linear,Marginal-FR,Wasserstein,13.04519521259663
82,200,2,1000,linear,Gaussian-FR,Wasserstein,16.142730782404513
83,200,2,1000,linear,NPT-FR,Wasserstein,13.18339225165758
83,200,2,1000,linear,Marginal-FR,Wasserstein,13.400446869812074
83,200,2,1000,linear,Gaussian-FR,Wasserstein,16.593144778538036
84,200,2,1000,linear,NPT-FR,Wasserstein,12.516092322738174
84,200,2,1000,linear,Marginal-FR,Wasserstein,12.739904479890662
84,200,2,1000,linear,Gaussian-FR,Wasserstein,15.624211173205714
85,200,2,1000,linear,NPT-FR,Wasserstein,12.389615563072763
85,200,2,1000,linear,Marginal-FR,Wasserstein,12.605845390108556
85,200,2,1000,linear,Gaussian-FR,Wasserstein,15.885386787823462
86,200,2,1000,linear,NPT-FR,Wasserstein,12.177624051255185
86,200,2,1000,linear,Marginal-FR,Wasserstein,12.370245550761876
86,200,2,1000,linear,Gaussian-FR,Wasserstein,15.504858527388016
87,200,2,1000,linear,NPT-FR,Wasserstein,12.268733143325623
87,200,2,1000,linear,Marginal-FR,Wasserstein,12.447232518120213
87,200,2,1000,linear,Gaussian-FR,Wasserstein,15.631761997747464
88,200,2,1000,linear,NPT-FR,Wasserstein,11.26023176756868
88,200,2,1000,linear,Marginal-FR,Wasserstein,11.47951574947991
88,200,2,1000,linear,Gaussian-FR,Wasserstein,14.640028120081858
89,200,2,1000,linear,NPT-FR,Wasserstein,13.625896643532483
89,200,2,1000,linear,Marginal-FR,Wasserstein,13.846461282461282
89,200,2,1000,linear,Gaussian-FR,Wasserstein,16.84670746892468
90,200,2,1000,linear,NPT-FR,Wasserstein,11.27984907564941
90,200,2,1000,linear,Marginal-FR,Wasserstein,11.49927310654092
90,200,2,1000,linear,Gaussian-FR,Wasserstein,14.653619358408603
91,200,2,1000,linear,NPT-FR,Wasserstein,11.964171614858206
91,200,2,1000,linear,Marginal-FR,Wasserstein,12.206955726055744
91,200,2,1000,linear,Gaussian-FR,Wasserstein,15.347853995122689
92,200,2,1000,linear,NPT-FR,Wasserstein,13.22846284018799
92,200,2,1000,linear,Marginal-FR,Wasserstein,13.454247225641225
92,200,2,1000,linear,Gaussian-FR,Wasserstein,16.70149501487576
93,200,2,1000,linear,NPT-FR,Wasserstein,11.380989869009762
93,200,2,1000,linear,Marginal-FR,Wasserstein,11.597922914818268
93,200,2,1000,linear,Gaussian-FR,Wasserstein,14.89017508992708
94,200,2,1000,linear,NPT-FR,Wasserstein,13.271202415524934
94,200,2,1000,linear,Marginal-FR,Wasserstein,13.548315868765174
94,200,2,1000,linear,Gaussian-FR,Wasserstein,16.71990877561386
95,200,2,1000,linear,NPT-FR,Wasserstein,12.752250662710978
95,200,2,1000,linear,Marginal-FR,Wasserstein,12.963241943461602
95,200,2,1000,linear,Gaussian-FR,Wasserstein,15.974206644737999
96,200,2,1000,linear,NPT-FR,Wasserstein,13.247921380804392
96,200,2,1000,linear,Marginal-FR,Wasserstein,13.436377269226425
96,200,2,1000,linear,Gaussian-FR,Wasserstein,16.714759440877017
97,200,2,1000,linear,NPT-FR,Wasserstein,12.34902464495294
97,200,2,1000,linear,Marginal-FR,Wasserstein,12.613574554822796
97,200,2,1000,linear,Gaussian-FR,Wasserstein,15.533105774617448
98,200,2,1000,linear,NPT-FR,Wasserstein,12.177564877972298
98,200,2,1000,linear,Marginal-FR,Wasserstein,12.435394431814418
98,200,2,1000,linear,Gaussian-FR,Wasserstein,15.609402097505994
99,200,2,1000,linear,NPT-FR,Wasserstein,12.117519213087446
99,200,2,1000,linear,Marginal-FR,Wasserstein,12.32191023535473
99,200,2,1000,linear,Gaussian-FR,Wasserstein,15.317001499616723
0,200,2,1000,nonlinear,NPT-FR,Wasserstein,14.326024071368304
0,200,2,1000,nonlinear,Marginal-FR,Wasserstein,20.039150847635714
0,200,2,1000,nonlinear,Gaussian-FR,Wasserstein,18.094436114917176
1,200,2,1000,nonlinear,NPT-FR,Wasserstein,12.117932745405545
1,200,2,1000,nonlinear,Marginal-FR,Wasserstein,17.1636577999754
1,200,2,1000,nonlinear,Gaussian-FR,Wasserstein,15.806773659678285
2,200,2,1000,nonlinear,NPT-FR,Wasserstein,11.60962527789774
2,200,2,1000,nonlinear,Marginal-FR,Wasserstein,16.9122007044169
2,200,2,1000,nonlinear,Gaussian-FR,Wasserstein,15.29987426952589
3,200,2,1000,nonlinear,NPT-FR,Wasserstein,11.999103404096564
3,200,2,1000,nonlinear,Marginal-FR,Wasserstein,17.255116955587166
3,200,2,1000,nonlinear,Gaussian-FR,Wasserstein,15.875472476540125
4,200,2,1000,nonlinear,NPT-FR,Wasserstein,11.073665386432229
4,200,2,1000,nonlinear,Marginal-FR,Wasserstein,16.316514881521343
4,200,2,1000,nonlinear,Gaussian-FR,Wasserstein,14.64059438423309
5,200,2,1000,nonlinear,NPT-FR,Wasserstein,11.8869627724001
5,200,2,1000,nonlinear,Marginal-FR,Wasserstein,17.393968708919566
5,200,2,1000,nonlinear,Gaussian-FR,Wasserstein,15.638891862713844
6,200,2,1000,nonlinear,NPT-FR,Wasserstein,12.992468007399783
6,200,2,1000,nonlinear,Marginal-FR,Wasserstein,18.463632197584573
6,200,2,1000,nonlinear,Gaussian-FR,Wasserstein,16.638424161483446
7,200,2,1000,nonlinear,NPT-FR,Wasserstein,12.04944277880353
7,200,2,1000,nonlinear,Marginal-FR,Wasserstein,17.36644475711741
7,200,2,1000,nonlinear,Gaussian-FR,Wasserstein,15.668361576008566
8,200,2,1000,nonlinear,NPT-FR,Wasserstein,12.349656262898806
8,200,2,1000,nonlinear,Marginal-FR,Wasserstein,17.4586538276531
8,200,2,1000,nonlinear,Gaussian-FR,Wasserstein,15.980412619475402
9,200,2,1000,nonlinear,NPT-FR,Wasserstein,12.730165793012954
9,200,2,1000,nonlinear,Marginal-FR,Wasserstein,17.84039594201125
9,200,2,1000,nonlinear,Gaussian-FR,Wasserstein,16.258559125743286
10,200,2,1000,nonlinear,NPT-FR,Wasserstein,12.728306588170453
10,200,2,1000,nonlinear,Marginal-FR,Wasserstein,17.962501481145274
10,200,2,1000,nonlinear,Gaussian-FR,Wasserstein,16.271621546314172
11,200,2,1000,nonlinear,NPT-FR,Wasserstein,11.698322314213339
11,200,2,1000,nonlinear,Marginal-FR,Wasserstein,17.012095949670286
11,200,2,1000,nonlinear,Gaussian-FR,Wasserstein,15.506727914847943
12,200,2,1000,nonlinear,NPT-FR,Wasserstein,13.13059676691041
12,200,2,1000,nonlinear,Marginal-FR,Wasserstein,18.40379383136028
12,200,2,1000,nonlinear,Gaussian-FR,Wasserstein,17.046816826560022
13,200,2,1000,nonlinear,NPT-FR,Wasserstein,11.456935590792934
13,200,2,1000,nonlinear,Marginal-FR,Wasserstein,16.841401743053925
13,200,2,1000,nonlinear,Gaussian-FR,Wasserstein,15.326860428230606
14,200,2,1000,nonlinear,NPT-FR,Wasserstein,13.396113189949817
14,200,2,1000,nonlinear,Marginal-FR,Wasserstein,18.516727747333906
14,200,2,1000,nonlinear,Gaussian-FR,Wasserstein,17.179615436706573
15,200,2,1000,nonlinear,NPT-FR,Wasserstein,12.492350873933903
15,200,2,1000,nonlinear,Marginal-FR,Wasserstein,17.898763798316327
15,200,2,1000,nonlinear,Gaussian-FR,Wasserstein,16.298213548262435
16,200,2,1000,nonlinear,NPT-FR,Wasserstein,12.103228590126221
16,200,2,1000,nonlinear,Marginal-FR,Wasserstein,17.659235833966445
16,200,2,1000,nonlinear,Gaussian-FR,Wasserstein,15.831257628665906
17,200,2,1000,nonlinear,NPT-FR,Wasserstein,12.465667155216202
17,200,2,1000,nonlinear,Marginal-FR,Wasserstein,17.43019310482245
17,200,2,1000,nonlinear,Gaussian-FR,Wasserstein,16.311835948393178
18,200,2,1000,nonlinear,NPT-FR,Wasserstein,12.44453560468043
18,200,2,1000,nonlinear,Marginal-FR,Wasserstein,18.20287840875962
18,200,2,1000,nonlinear,Gaussian-FR,Wasserstein,16.33947939746132
19,200,2,1000,nonlinear,NPT-FR,Wasserstein,12.171244636226664
19,200,2,1000,nonlinear,Marginal-FR,Wasserstein,17.575506091741232
19,200,2,1000,nonlinear,Gaussian-FR,Wasserstein,15.894211265932226
20,200,2,1000,nonlinear,NPT-FR,Wasserstein,13.348030072627141
20,200,2,1000,nonlinear,Marginal-FR,Wasserstein,18.87121717969385
20,200,2,1000,nonlinear,Gaussian-FR,Wasserstein,17.25595957909603
21,200,2,1000,nonlinear,NPT-FR,Wasserstein,11.445051215277417
21,200,2,1000,nonlinear,Marginal-FR,Wasserstein,16.66308764534143
21,200,2,1000,nonlinear,Gaussian-FR,Wasserstein,15.116886211615578
22,200,2,1000,nonlinear,NPT-FR,Wasserstein,12.416546959675737
22,200,2,1000,nonlinear,Marginal-FR,Wasserstein,17.825978587732106
22,200,2,1000,nonlinear,Gaussian-FR,Wasserstein,16.313053063222537
23,200,2,1000,nonlinear,NPT-FR,Wasserstein,13.276093495237035
23,200,2,1000,nonlinear,Marginal-FR,Wasserstein,18.741482433201984
23,200,2,1000,nonlinear,Gaussian-FR,Wasserstein,17.197886342810598
24,200,2,1000,nonlinear,NPT-FR,Wasserstein,12.18819738270338
24,200,2,1000,nonlinear,Marginal-FR,Wasserstein,17.509409837922828
24,200,2,1000,nonlinear,Gaussian-FR,Wasserstein,15.890151598811073
25,200,2,1000,nonlinear,NPT-FR,Wasserstein,12.342883820159678
25,200,2,1000,nonlinear,Marginal-FR,Wasserstein,17.82362500309848
25,200,2,1000,nonlinear,Gaussian-FR,Wasserstein,15.895953202870555
26,200,2,1000,nonlinear,NPT-FR,Wasserstein,11.975961160869788
26,200,2,1000,nonlinear,Marginal-FR,Wasserstein,16.767581240593366
26,200,2,1000,nonlinear,Gaussian-FR,Wasserstein,15.693682131753448
27,200,2,1000,nonlinear,NPT-FR,Wasserstein,13.063849926498243
27,200,2,1000,nonlinear,Marginal-FR,Wasserstein,18.212654213597016
27,200,2,1000,nonlinear,Gaussian-FR,Wasserstein,16.696503808139997
28,200,2,1000,nonlinear,NPT-FR,Wasserstein,11.926947972725356
28,200,2,1000,nonlinear,Marginal-FR,Wasserstein,17.246278173882935
28,200,2,1000,nonlinear,Gaussian-FR,Wasserstein,15.466539909407143
29,200,2,1000,nonlinear,NPT-FR,Wasserstein,11.786565627089846
29,200,2,1000,nonlinear,Marginal-FR,Wasserstein,17.334129066476322
29,200,2,1000,nonlinear,Gaussian-FR,Wasserstein,15.670483465012824
30,200,2,1000,nonlinear,NPT-FR,Wasserstein,11.578184861247609
30,200,2,1000,nonlinear,Marginal-FR,Wasserstein,16.664167705959862
30,200,2,1000,nonlinear,Gaussian-FR,Wasserstein,15.056680361395243
31,200,2,1000,nonlinear,NPT-FR,Wasserstein,12.039541072357958
31,200,2,1000,nonlinear,Marginal-FR,Wasserstein,17.173072500705622
31,200,2,1000,nonlinear,Gaussian-FR,Wasserstein,15.818014378029913
32,200,2,1000,nonlinear,NPT-FR,Wasserstein,13.453017836306222
32,200,2,1000,nonlinear,Marginal-FR,Wasserstein,19.094844955319452
32,200,2,1000,nonlinear,Gaussian-FR,Wasserstein,17.301290753920817
33,200,2,1000,nonlinear,NPT-FR,Wasserstein,12.36857407531724
33,200,2,1000,nonlinear,Marginal-FR,Wasserstein,17.534207244776592
33,200,2,1000,nonlinear,Gaussian-FR,Wasserstein,16.07572419856806
34,200,2,1000,nonlinear,NPT-FR,Wasserstein,11.446808530786187
34,200,2,1000,nonlinear,Marginal-FR,Wasserstein,16.8463338749551
34,200,2,1000,nonlinear,Gaussian-FR,Wasserstein,15.14669893680863
35,200,2,1000,nonlinear,NPT-FR,Wasserstein,12.09022189816332
35,200,2,1000,nonlinear,Marginal-FR,Wasserstein,17.156722758877486
35,200,2,1000,nonlinear,Gaussian-FR,Wasserstein,15.628012654111778
36,200,2,1000,nonlinear,NPT-FR,Wasserstein,11.905274716974189
36,200,2,1000,nonlinear,Marginal-FR,Wasserstein,17.365480051041608
36,200,2,1000,nonlinear,Gaussian-FR,Wasserstein,15.526946541039841
37,200,2,1000,nonlinear,NPT-FR,Wasserstein,12.465087156115052
37,200,2,1000,nonlinear,Marginal-FR,Wasserstein,17.802349252310144
37,200,2,1000,nonlinear,Gaussian-FR,Wasserstein,16.130954436853806
38,200,2,1000,nonlinear,NPT-FR,Wasserstein,12.865309520403454
38,200,2,1000,nonlinear,Marginal-FR,Wasserstein,18.208088755945806
38,200,2,1000,nonlinear,Gaussian-FR,Wasserstein,16.714301269525254
39,200,2,1000,nonlinear,NPT-FR,Wasserstein,11.647163995643163
39,200,2,1000,nonlinear,Marginal-FR,Wasserstein,17.377500221556144
39,200,2,1000,nonlinear,Gaussian-FR,Wasserstein,15.55799702433843
40,200,2,1000,nonlinear,NPT-FR,Wasserstein,12.22988140698138
40,200,2,1000,nonlinear,Marginal-FR,Wasserstein,17.367326264187845
40,200,2,1000,nonlinear,Gaussian-FR,Wasserstein,15.850206830492683
41,200,2,1000,nonlinear,NPT-FR,Wasserstein,12.286016130667143
41,200,2,1000,nonlinear,Marginal-FR,Wasserstein,17.870231401642755
41,200,2,1000,nonlinear,Gaussian-FR,Wasserstein,15.925817506565785
42,200,2,1000,nonlinear,NPT-FR,Wasserstein,12.018430142589056
42,200,2,1000,nonlinear,Marginal-FR,Wasserstein,17.328174360036165
42,200,2,1000,nonlinear,Gaussian-FR,Wasserstein,15.889676859829747
43,200,2,1000,nonlinear,NPT-FR,Wasserstein,11.798973275718067
43,200,2,1000,nonlinear,Marginal-FR,Wasserstein,17.263579585319466
43,200,2,1000,nonlinear,Gaussian-FR,Wasserstein,15.612128852895237
44,200,2,1000,nonlinear,NPT-FR,Wasserstein,12.083283842917714
44,200,2,1000,nonlinear,Marginal-FR,Wasserstein,17.368511081453963
44,200,2,1000,nonlinear,Gaussian-FR,Wasserstein,15.762298876924604
45,200,2,1000,nonlinear,NPT-FR,Wasserstein,12.294749405698392
45,200,2,1000,nonlinear,Marginal-FR,Wasserstein,17.75601493345332
45,200,2,1000,nonlinear,Gaussian-FR,Wasserstein,16.09340315183449
46,200,2,1000,nonlinear,NPT-FR,Wasserstein,11.90283824661997
46,200,2,1000,nonlinear,Marginal-FR,Wasserstein,17.214514852375892
46,200,2,1000,nonlinear,Gaussian-FR,Wasserstein,15.869566296047852
47,200,2,1000,nonlinear,NPT-FR,Wasserstein,12.428099037086987
47,200,2,1000,nonlinear,Marginal-FR,Wasserstein,18.005525794058055
47,200,2,1000,nonlinear,Gaussian-FR,Wasserstein,16.29817486472463
48,200,2,1000,nonlinear,NPT-FR,Wasserstein,12.793732843819194
48,200,2,1000,nonlinear,Marginal-FR,Wasserstein,18.231688244522452
48,200,2,1000,nonlinear,Gaussian-FR,Wasserstein,16.61356771705598
49,200,2,1000,nonlinear,NPT-FR,Wasserstein,12.063736190722288
49,200,2,1000,nonlinear,Marginal-FR,Wasserstein,17.111766623348093
49,200,2,1000,nonlinear,Gaussian-FR,Wasserstein,15.58158994757933
50,200,2,1000,nonlinear,NPT-FR,Wasserstein,12.219015429006856
50,200,2,1000,nonlinear,Marginal-FR,Wasserstein,17.558936021691736
50,200,2,1000,nonlinear,Gaussian-FR,Wasserstein,16.049262529295305
51,200,2,1000,nonlinear,NPT-FR,Wasserstein,12.756729263401292
51,200,2,1000,nonlinear,Marginal-FR,Wasserstein,18.5416658022583
51,200,2,1000,nonlinear,Gaussian-FR,Wasserstein,16.640979334633368
52,200,2,1000,nonlinear,NPT-FR,Wasserstein,12.374753076720834
52,200,2,1000,nonlinear,Marginal-FR,Wasserstein,17.633234903144917
52,200,2,1000,nonlinear,Gaussian-FR,Wasserstein,15.945757175051924
53,200,2,1000,nonlinear,NPT-FR,Wasserstein,11.798716660215161
53,200,2,1000,nonlinear,Marginal-FR,Wasserstein,17.356947620983426
53,200,2,1000,nonlinear,Gaussian-FR,Wasserstein,15.575412008540518
54,200,2,1000,nonlinear,NPT-FR,Wasserstein,12.051140558082071
54,200,2,1000,nonlinear,Marginal-FR,Wasserstein,16.82954045315164
54,200,2,1000,nonlinear,Gaussian-FR,Wasserstein,15.81509591011597
55,200,2,1000,nonlinear,NPT-FR,Wasserstein,11.713178575593972
55,200,2,1000,nonlinear,Marginal-FR,Wasserstein,17.09157526490846
55,200,2,1000,nonlinear,Gaussian-FR,Wasserstein,15.86395197566441
56,200,2,1000,nonlinear,NPT-FR,Wasserstein,11.257483935492518
56,200,2,1000,nonlinear,Marginal-FR,Wasserstein,16.52240238551764
56,200,2,1000,nonlinear,Gaussian-FR,Wasserstein,15.267047065761075
57,200,2,1000,nonlinear,NPT-FR,Wasserstein,11.497828931359303
57,200,2,1000,nonlinear,Marginal-FR,Wasserstein,16.39938227337711
57,200,2,1000,nonlinear,Gaussian-FR,Wasserstein,15.083929494925744
58,200,2,1000,nonlinear,NPT-FR,Wasserstein,11.785529552025473
58,200,2,1000,nonlinear,Marginal-FR,Wasserstein,17.127033523008567
58,200,2,1000,nonlinear,Gaussian-FR,Wasserstein,15.405272640781407
59,200,2,1000,nonlinear,NPT-FR,Wasserstein,12.284730553803566
59,200,2,1000,nonlinear,Marginal-FR,Wasserstein,17.61467420042582
59,200,2,1000,nonlinear,Gaussian-FR,Wasserstein,16.04421304607516
60,200,2,1000,nonlinear,NPT-FR,Wasserstein,13.01645954895478
60,200,2,1000,nonlinear,Marginal-FR,Wasserstein,18.492522118710323
60,200,2,1000,nonlinear,Gaussian-FR,Wasserstein,16.82176992122601
61,200,2,1000,nonlinear,NPT-FR,Wasserstein,12.427854304823635
61,200,2,1000,nonlinear,Marginal-FR,Wasserstein,17.95594208447916
61,200,2,1000,nonlinear,Gaussian-FR,Wasserstein,16.3330692320543
62,200,2,1000,nonlinear,NPT-FR,Wasserstein,12.739782250086185
62,200,2,1000,nonlinear,Marginal-FR,Wasserstein,18.199055444661795
62,200,2,1000,nonlinear,Gaussian-FR,Wasserstein,16.296038535165412
63,200,2,1000,nonlinear,NPT-FR,Wasserstein,12.141066844827709
63,200,2,1000,nonlinear,Marginal-FR,Wasserstein,17.053044378893524
63,200,2,1000,nonlinear,Gaussian-FR,Wasserstein,15.745825365352802
64,200,2,1000,nonlinear,NPT-FR,Wasserstein,12.718176924776015
64,200,2,1000,nonlinear,Marginal-FR,Wasserstein,17.86998629036526
64,200,2,1000,nonlinear,Gaussian-FR,Wasserstein,16.311686920312187
65,200,2,1000,nonlinear,NPT-FR,Wasserstein,12.546232653805774
65,200,2,1000,nonlinear,Marginal-FR,Wasserstein,18.10428645360534
65,200,2,1000,nonlinear,Gaussian-FR,Wasserstein,16.270313923459838
66,200,2,1000,nonlinear,NPT-FR,Wasserstein,11.592761423009277
66,200,2,1000,nonlinear,Marginal-FR,Wasserstein,16.944662265621318
66,200,2,1000,nonlinear,Gaussian-FR,Wasserstein,15.243696651490952
67,200,2,1000,nonlinear,NPT-FR,Wasserstein,11.33929813846299
67,200,2,1000,nonlinear,Marginal-FR,Wasserstein,16.75288186705408
67,200,2,1000,nonlinear,Gaussian-FR,Wasserstein,15.140615499324385
68,200,2,1000,nonlinear,NPT-FR,Wasserstein,12.681406816116068
68,200,2,1000,nonlinear,Marginal-FR,Wasserstein,17.937584056525527
68,200,2,1000,nonlinear,Gaussian-FR,Wasserstein,16.68866660705685
69,200,2,1000,nonlinear,NPT-FR,Wasserstein,12.116662262924407
69,200,2,1000,nonlinear,Marginal-FR,Wasserstein,17.291387228706764
69,200,2,1000,nonlinear,Gaussian-FR,Wasserstein,15.67844840364993
70,200,2,1000,nonlinear,NPT-FR,Wasserstein,12.866332807492432
70,200,2,1000,nonlinear,Marginal-FR,Wasserstein,18.23411066301851
70,200,2,1000,nonlinear,Gaussian-FR,Wasserstein,16.565980321879078
71,200,2,1000,nonlinear,NPT-FR,Wasserstein,11.581533831450956
71,200,2,1000,nonlinear,Marginal-FR,Wasserstein,16.73001237658588
71,200,2,1000,nonlinear,Gaussian-FR,Wasserstein,15.211575905525745
72,200,2,1000,nonlinear,NPT-FR,Wasserstein,13.3042285105308
72,200,2,1000,nonlinear,Marginal-FR,Wasserstein,18.678651721992747
72,200,2,1000,nonlinear,Gaussian-FR,Wasserstein,17.25983987762569
73,200,2,1000,nonlinear,NPT-FR,Wasserstein,11.889822846889372
73,200,2,1000,nonlinear,Marginal-FR,Wasserstein,17.200137310564497
73,200,2,1000,nonlinear,Gaussian-FR,Wasserstein,15.683521397745007
74,200,2,1000,nonlinear,NPT-FR,Wasserstein,11.169614298164168
74,200,2,1000,nonlinear,Marginal-FR,Wasserstein,16.171820685225512
74,200,2,1000,nonlinear,Gaussian-FR,Wasserstein,14.920889026705652
75,200,2,1000,nonlinear,NPT-FR,Wasserstein,11.747108813182585
75,200,2,1000,nonlinear,Marginal-FR,Wasserstein,16.71265649886506
75,200,2,1000,nonlinear,Gaussian-FR,Wasserstein,15.476411843381033
76,200,2,1000,nonlinear,NPT-FR,Wasserstein,12.459883667793848
76,200,2,1000,nonlinear,Marginal-FR,Wasserstein,17.77400280868392
76,200,2,1000,nonlinear,Gaussian-FR,Wasserstein,16.096946290909223
77,200,2,1000,nonlinear,NPT-FR,Wasserstein,13.115724223666989
77,200,2,1000,nonlinear,Marginal-FR,Wasserstein,18.66573152773394
77,200,2,1000,nonlinear,Gaussian-FR,Wasserstein,17.024914076162535
78,200,2,1000,nonlinear,NPT-FR,Wasserstein,12.827336903581926
78,200,2,1000,nonlinear,Marginal-FR,Wasserstein,17.891487174868207
78,200,2,1000,nonlinear,Gaussian-FR,Wasserstein,16.51544577285635
79,200,2,1000,nonlinear,NPT-FR,Wasserstein,13.723261228509214
79,200,2,1000,nonlinear,Marginal-FR,Wasserstein,18.53418075592075
79,200,2,1000,nonlinear,Gaussian-FR,Wasserstein,17.43866131868858
80,200,2,1000,nonlinear,NPT-FR,Wasserstein,12.28656957251337
80,200,2,1000,nonlinear,Marginal-FR,Wasserstein,17.77283591066344
80,200,2,1000,nonlinear,Gaussian-FR,Wasserstein,15.873362769443498
81,200,2,1000,nonlinear,NPT-FR,Wasserstein,12.204276557316213
81,200,2,1000,nonlinear,Marginal-FR,Wasserstein,17.409376126991955
81,200,2,1000,nonlinear,Gaussian-FR,Wasserstein,16.035015058386318
82,200,2,1000,nonlinear,NPT-FR,Wasserstein,11.75159450620316
82,200,2,1000,nonlinear,Marginal-FR,Wasserstein,16.92512399425688
82,200,2,1000,nonlinear,Gaussian-FR,Wasserstein,15.45422674712694
83,200,2,1000,nonlinear,NPT-FR,Wasserstein,13.259394528177808
83,200,2,1000,nonlinear,Marginal-FR,Wasserstein,18.2864187880196
83,200,2,1000,nonlinear,Gaussian-FR,Wasserstein,16.975824463234655
84,200,2,1000,nonlinear,NPT-FR,Wasserstein,12.53336663278256
84,200,2,1000,nonlinear,Marginal-FR,Wasserstein,18.120788090849825
84,200,2,1000,nonlinear,Gaussian-FR,Wasserstein,16.311602614221442
85,200,2,1000,nonlinear,NPT-FR,Wasserstein,13.159470750481276
85,200,2,1000,nonlinear,Marginal-FR,Wasserstein,18.548470031849607
85,200,2,1000,nonlinear,Gaussian-FR,Wasserstein,17.0251511795799
86,200,2,1000,nonlinear,NPT-FR,Wasserstein,11.507488300688687
86,200,2,1000,nonlinear,Marginal-FR,Wasserstein,16.753720630185875
86,200,2,1000,nonlinear,Gaussian-FR,Wasserstein,14.889075199198627
87,200,2,1000,nonlinear,NPT-FR,Wasserstein,12.736965184286076
87,200,2,1000,nonlinear,Marginal-FR,Wasserstein,17.92614967695636
87,200,2,1000,nonlinear,Gaussian-FR,Wasserstein,16.381927271622708
88,200,2,1000,nonlinear,NPT-FR,Wasserstein,11.541921931593462
88,200,2,1000,nonlinear,Marginal-FR,Wasserstein,17.37820682651121
88,200,2,1000,nonlinear,Gaussian-FR,Wasserstein,15.516966393106046
89,200,2,1000,nonlinear,NPT-FR,Wasserstein,11.381498009732255
89,200,2,1000,nonlinear,Marginal-FR,Wasserstein,16.729264874368184
89,200,2,1000,nonlinear,Gaussian-FR,Wasserstein,15.060405220301982
90,200,2,1000,nonlinear,NPT-FR,Wasserstein,12.145697193650964
90,200,2,1000,nonlinear,Marginal-FR,Wasserstein,17.756304350906866
90,200,2,1000,nonlinear,Gaussian-FR,Wasserstein,16.043917610747854
91,200,2,1000,nonlinear,NPT-FR,Wasserstein,12.240128171951634
91,200,2,1000,nonlinear,Marginal-FR,Wasserstein,17.65589358032371
91,200,2,1000,nonlinear,Gaussian-FR,Wasserstein,16.027761953144005
92,200,2,1000,nonlinear,NPT-FR,Wasserstein,12.865249463228574
92,200,2,1000,nonlinear,Marginal-FR,Wasserstein,18.42868657144728
92,200,2,1000,nonlinear,Gaussian-FR,Wasserstein,16.71700253678963
93,200,2,1000,nonlinear,NPT-FR,Wasserstein,11.795098024600598
93,200,2,1000,nonlinear,Marginal-FR,Wasserstein,17.23019368626109
93,200,2,1000,nonlinear,Gaussian-FR,Wasserstein,15.600037497518642
94,200,2,1000,nonlinear,NPT-FR,Wasserstein,11.024429774816202
94,200,2,1000,nonlinear,Marginal-FR,Wasserstein,15.88014440358575
94,200,2,1000,nonlinear,Gaussian-FR,Wasserstein,14.585567641449803
95,200,2,1000,nonlinear,NPT-FR,Wasserstein,12.392256148622735
95,200,2,1000,nonlinear,Marginal-FR,Wasserstein,17.501317598783874
95,200,2,1000,nonlinear,Gaussian-FR,Wasserstein,16.03275880310808
96,200,2,1000,nonlinear,NPT-FR,Wasserstein,12.019661880399438
96,200,2,1000,nonlinear,Marginal-FR,Wasserstein,17.42935992744968
96,200,2,1000,nonlinear,Gaussian-FR,Wasserstein,15.75158067046686
97,200,2,1000,nonlinear,NPT-FR,Wasserstein,11.835289396302393
97,200,2,1000,nonlinear,Marginal-FR,Wasserstein,17.75026351167327
97,200,2,1000,nonlinear,Gaussian-FR,Wasserstein,15.847360138882452
98,200,2,1000,nonlinear,NPT-FR,Wasserstein,12.353790914821618
98,200,2,1000,nonlinear,Marginal-FR,Wasserstein,17.856648406682456
98,200,2,1000,nonlinear,Gaussian-FR,Wasserstein,15.934912695025215
99,200,2,1000,nonlinear,NPT-FR,Wasserstein,11.948834338051403
99,200,2,1000,nonlinear,Marginal-FR,Wasserstein,17.032584147457975
99,200,2,1000,nonlinear,Gaussian-FR,Wasserstein,15.624057046518438
0,200,10,100,linear,NPT-FR,Wasserstein,104.00238714284387
0,200,10,100,linear,Marginal-FR,Wasserstein,113.13104727293545
0,200,10,100,linear,Gaussian-FR,Wasserstein,123.70784597329484
1,200,10,100,linear,NPT-FR,Wasserstein,106.9450345728987
1,200,10,100,linear,Marginal-FR,Wasserstein,115.89896989294436
1,200,10,100,linear,Gaussian-FR,Wasserstein,126.42379349956741
2,200,10,100,linear,NPT-FR,Wasserstein,106.51120023297986
2,200,10,100,linear,Marginal-FR,Wasserstein,115.25741352426571
2,200,10,100,linear,Gaussian-FR,Wasserstein,126.03900456484894
3,200,10,100,linear,NPT-FR,Wasserstein,105.3987507785779
3,200,10,100,linear,Marginal-FR,Wasserstein,114.85018278703629
3,200,10,100,linear,Gaussian-FR,Wasserstein,125.321534965921
4,200,10,100,linear,NPT-FR,Wasserstein,109.49297785540266
4,200,10,100,linear,Marginal-FR,Wasserstein,119.06524372637426
4,200,10,100,linear,Gaussian-FR,Wasserstein,130.19988817239508
5,200,10,100,linear,NPT-FR,Wasserstein,102.72609405516792
5,200,10,100,linear,Marginal-FR,Wasserstein,111.6492843846317
5,200,10,100,linear,Gaussian-FR,Wasserstein,122.44179891227625
6,200,10,100,linear,NPT-FR,Wasserstein,105.04150162821041
6,200,10,100,linear,Marginal-FR,Wasserstein,114.19133538827786
6,200,10,100,linear,Gaussian-FR,Wasserstein,124.69291097670316
7,200,10,100,linear,NPT-FR,Wasserstein,106.87770795126806
7,200,10,100,linear,Marginal-FR,Wasserstein,116.30768158362365
7,200,10,100,linear,Gaussian-FR,Wasserstein,126.54850129066647
8,200,10,100,linear,NPT-FR,Wasserstein,107.01555657737906
8,200,10,100,linear,Marginal-FR,Wasserstein,116.04403124535361
8,200,10,100,linear,Gaussian-FR,Wasserstein,126.9673165740379
9,200,10,100,linear,NPT-FR,Wasserstein,106.67871191024774
9,200,10,100,linear,Marginal-FR,Wasserstein,115.85236071537729
9,200,10,100,linear,Gaussian-FR,Wasserstein,126.816306607762
10,200,10,100,linear,NPT-FR,Wasserstein,107.84324750478024
10,200,10,100,linear,Marginal-FR,Wasserstein,116.6861245404825
10,200,10,100,linear,Gaussian-FR,Wasserstein,127.18904587784735
11,200,10,100,linear,NPT-FR,Wasserstein,105.5840161862959
11,200,10,100,linear,Marginal-FR,Wasserstein,114.5180235132736
11,200,10,100,linear,Gaussian-FR,Wasserstein,125.04255282092781
12,200,10,100,linear,NPT-FR,Wasserstein,108.10551847274216
12,200,10,100,linear,Marginal-FR,Wasserstein,117.24874523961482
12,200,10,100,linear,Gaussian-FR,Wasserstein,127.77771676679978
13,200,10,100,linear,NPT-FR,Wasserstein,104.68133107135775
13,200,10,100,linear,Marginal-FR,Wasserstein,113.74261224196985
13,200,10,100,linear,Gaussian-FR,Wasserstein,124.37084486732586
14,200,10,100,linear,NPT-FR,Wasserstein,106.23215292404456
14,200,10,100,linear,Marginal-FR,Wasserstein,115.55707366425727
14,200,10,100,linear,Gaussian-FR,Wasserstein,125.76150175564369
15,200,10,100,linear,NPT-FR,Wasserstein,103.96655052757166
15,200,10,100,linear,Marginal-FR,Wasserstein,113.34019452574579
15,200,10,100,linear,Gaussian-FR,Wasserstein,124.03649082869292
16,200,10,100,linear,NPT-FR,Wasserstein,106.26253040156779
16,200,10,100,linear,Marginal-FR,Wasserstein,115.74763908285898
16,200,10,100,linear,Gaussian-FR,Wasserstein,125.80509136295977
17,200,10,100,linear,NPT-FR,Wasserstein,106.66306540935153
17,200,10,100,linear,Marginal-FR,Wasserstein,115.89667326879045
17,200,10,100,linear,Gaussian-FR,Wasserstein,126.405674298653
18,200,10,100,linear,NPT-FR,Wasserstein,108.54183071903029
18,200,10,100,linear,Marginal-FR,Wasserstein,117.78493627973936
18,200,10,100,linear,Gaussian-FR,Wasserstein,128.022526631599
19,200,10,100,linear,NPT-FR,Wasserstein,107.57787458884961
19,200,10,100,linear,Marginal-FR,Wasserstein,117.00266679800349
19,200,10,100,linear,Gaussian-FR,Wasserstein,127.441403046442
20,200,10,100,linear,NPT-FR,Wasserstein,103.54632506804869
20,200,10,100,linear,Marginal-FR,Wasserstein,112.40247820137171
20,200,10,100,linear,Gaussian-FR,Wasserstein,122.36916260547709
21,200,10,100,linear,NPT-FR,Wasserstein,104.20819028696663
21,200,10,100,linear,Marginal-FR,Wasserstein,113.98259183635538
21,200,10,100,linear,Gaussian-FR,Wasserstein,124.37987220790606
22,200,10,100,linear,NPT-FR,Wasserstein,105.21034570114963
22,200,10,100,linear,Marginal-FR,Wasserstein,114.81496266332638
22,200,10,100,linear,Gaussian-FR,Wasserstein,125.07725961282861
23,200,10,100,linear,NPT-FR,Wasserstein,105.8746703078519
23,200,10,100,linear,Marginal-FR,Wasserstein,115.34375273642695
23,200,10,100,linear,Gaussian-FR,Wasserstein,125.37336660520235
24,200,10,100,linear,NPT-FR,Wasserstein,107.0739570611072
24,200,10,100,linear,Marginal-FR,Wasserstein,116.56687889459927
24,200,10,100,linear,Gaussian-FR,Wasserstein,127.38152534092562
25,200,10,100,linear,NPT-FR,Wasserstein,106.75211599411143
25,200,10,100,linear,Marginal-FR,Wasserstein,115.41487230313368
25,200,10,100,linear,Gaussian-FR,Wasserstein,126.52056031591485
26,200,10,100,linear,NPT-FR,Wasserstein,104.25108738739318
26,200,10,100,linear,Marginal-FR,Wasserstein,113.05167924595278
26,200,10,100,linear,Gaussian-FR,Wasserstein,123.61763561139
27,200,10,100,linear,NPT-FR,Wasserstein,103.3864575916062
27,200,10,100,linear,Marginal-FR,Wasserstein,112.63834829613351
27,200,10,100,linear,Gaussian-FR,Wasserstein,123.1425846761958
28,200,10,100,linear,NPT-FR,Wasserstein,107.89123234213413
28,200,10,100,linear,Marginal-FR,Wasserstein,116.80394051365246
28,200,10,100,linear,Gaussian-FR,Wasserstein,127.39164744175103
29,200,10,100,linear,NPT-FR,Wasserstein,107.59041630307978
29,200,10,100,linear,Marginal-FR,Wasserstein,116.58572365950639
29,200,10,100,linear,Gaussian-FR,Wasserstein,126.89174763811717
30,200,10,100,linear,NPT-FR,Wasserstein,104.09052193130829
30,200,10,100,linear,Marginal-FR,Wasserstein,113.419605118737
30,200,10,100,linear,Gaussian-FR,Wasserstein,123.76258632187087
31,200,10,100,linear,NPT-FR,Wasserstein,104.42534666137693
31,200,10,100,linear,Marginal-FR,Wasserstein,113.50443377948632
31,200,10,100,linear,Gaussian-FR,Wasserstein,124.71028266131029
32,200,10,100,linear,NPT-FR,Wasserstein,108.86045480216498
32,200,10,100,linear,Marginal-FR,Wasserstein,117.54956823905086
32,200,10,100,linear,Gaussian-FR,Wasserstein,128.66770877768604
33,200,10,100,linear,NPT-FR,Wasserstein,105.19096149374917
33,200,10,100,linear,Marginal-FR,Wasserstein,114.58676014592767
33,200,10,100,linear,Gaussian-FR,Wasserstein,125.08179274383723
34,200,10,100,linear,NPT-FR,Wasserstein,107.69269107624888
34,200,10,100,linear,Marginal-FR,Wasserstein,116.21220627695845
34,200,10,100,linear,Gaussian-FR,Wasserstein,127.18476848362043
35,200,10,100,linear,NPT-FR,Wasserstein,105.12155144568474
35,200,10,100,linear,Marginal-FR,Wasserstein,114.35877461597725
35,200,10,100,linear,Gaussian-FR,Wasserstein,124.96886694213181
36,200,10,100,linear,NPT-FR,Wasserstein,107.09807747572654
36,200,10,100,linear,Marginal-FR,Wasserstein,116.20567706406163
36,200,10,100,linear,Gaussian-FR,Wasserstein,127.1102809932535
37,200,10,100,linear,NPT-FR,Wasserstein,107.914910496555
37,200,10,100,linear,Marginal-FR,Wasserstein,117.07325957556912
37,200,10,100,linear,Gaussian-FR,Wasserstein,127.97663449708527
38,200,10,100,linear,NPT-FR,Wasserstein,104.76813436508651
38,200,10,100,linear,Marginal-FR,Wasserstein,113.71430312956018
38,200,10,100,linear,Gaussian-FR,Wasserstein,124.33649649505352
39,200,10,100,linear,NPT-FR,Wasserstein,105.37786560436005
39,200,10,100,linear,Marginal-FR,Wasserstein,114.12217372669986
39,200,10,100,linear,Gaussian-FR,Wasserstein,125.32080237303482
40,200,10,100,linear,NPT-FR,Wasserstein,104.34850944199691
40,200,10,100,linear,Marginal-FR,Wasserstein,113.69454568740015
40,200,10,100,linear,Gaussian-FR,Wasserstein,123.70493010756789
41,200,10,100,linear,NPT-FR,Wasserstein,106.09322104668665
41,200,10,100,linear,Marginal-FR,Wasserstein,115.78615185395266
41,200,10,100,linear,Gaussian-FR,Wasserstein,125.95467061030594
42,200,10,100,linear,NPT-FR,Wasserstein,106.67014566205033
42,200,10,100,linear,Marginal-FR,Wasserstein,116.0628803901413
42,200,10,100,linear,Gaussian-FR,Wasserstein,126.09814028268357
43,200,10,100,linear,NPT-FR,Wasserstein,105.10543810321222
43,200,10,100,linear,Marginal-FR,Wasserstein,114.48277842381245
43,200,10,100,linear,Gaussian-FR,Wasserstein,124.66661308244801
44,200,10,100,linear,NPT-FR,Wasserstein,105.13249653977854
44,200,10,100,linear,Marginal-FR,Wasserstein,114.31885698172721
44,200,10,100,linear,Gaussian-FR,Wasserstein,125.18954230212162
45,200,10,100,linear,NPT-FR,Wasserstein,107.5196023422636
45,200,10,100,linear,Marginal-FR,Wasserstein,117.29541572003058
45,200,10,100,linear,Gaussian-FR,Wasserstein,127.62716890596069
46,200,10,100,linear,NPT-FR,Wasserstein,104.61704602343457
46,200,10,100,linear,Marginal-FR,Wasserstein,113.67413318147595
46,200,10,100,linear,Gaussian-FR,Wasserstein,124.78679366276211
47,200,10,100,linear,NPT-FR,Wasserstein,104.10485641270051
47,200,10,100,linear,Marginal-FR,Wasserstein,113.24519886640223
47,200,10,100,linear,Gaussian-FR,Wasserstein,123.66633480553317
48,200,10,100,linear,NPT-FR,Wasserstein,105.0699126003949
48,200,10,100,linear,Marginal-FR,Wasserstein,114.09740699466099
48,200,10,100,linear,Gaussian-FR,Wasserstein,125.1154764198001
49,200,10,100,linear,NPT-FR,Wasserstein,105.35433366540624
49,200,10,100,linear,Marginal-FR,Wasserstein,114.40674743611535
49,200,10,100,linear,Gaussian-FR,Wasserstein,124.87886957857603
50,200,10,100,linear,NPT-FR,Wasserstein,106.28420389466959
50,200,10,100,linear,Marginal-FR,Wasserstein,115.37647572835087
50,200,10,100,linear,Gaussian-FR,Wasserstein,125.90426100777769
51,200,10,100,linear,NPT-FR,Wasserstein,104.67714585527598
51,200,10,100,linear,Marginal-FR,Wasserstein,113.71162695007904
51,200,10,100,linear,Gaussian-FR,Wasserstein,124.87311219120731
52,200,10,100,linear,NPT-FR,Wasserstein,104.30851265848672
52,200,10,100,linear,Marginal-FR,Wasserstein,113.66228021843862
52,200,10,100,linear,Gaussian-FR,Wasserstein,123.96788724547658
53,200,10,100,linear,NPT-FR,Wasserstein,105.97321731500692
53,200,10,100,linear,Marginal-FR,Wasserstein,114.9108084854327
53,200,10,100,linear,Gaussian-FR,Wasserstein,125.03235530536371
54,200,10,100,linear,NPT-FR,Wasserstein,105.40214715952962
54,200,10,100,linear,Marginal-FR,Wasserstein,114.69758433641977
54,200,10,100,linear,Gaussian-FR,Wasserstein,124.64504655959169
55,200,10,100,linear,NPT-FR,Wasserstein,107.12291905588653
55,200,10,100,linear,Marginal-FR,Wasserstein,116.3677056714536
55,200,10,100,linear,Gaussian-FR,Wasserstein,126.87491483276128
56,200,10,100,linear,NPT-FR,Wasserstein,111.31678232604074
56,200,10,100,linear,Marginal-FR,Wasserstein,120.53661506767556
56,200,10,100,linear,Gaussian-FR,Wasserstein,130.880842858975
57,200,10,100,linear,NPT-FR,Wasserstein,106.45722614409334
57,200,10,100,linear,Marginal-FR,Wasserstein,115.99538563440368
57,200,10,100,linear,Gaussian-FR,Wasserstein,126.00825298289958
58,200,10,100,linear,NPT-FR,Wasserstein,106.41158473212133
58,200,10,100,linear,Marginal-FR,Wasserstein,115.19832669226965
58,200,10,100,linear,Gaussian-FR,Wasserstein,125.68958554367799
59,200,10,100,linear,NPT-FR,Wasserstein,104.34119173681398
59,200,10,100,linear,Marginal-FR,Wasserstein,113.11726312511787
59,200,10,100,linear,Gaussian-FR,Wasserstein,124.01081872938781
60,200,10,100,linear,NPT-FR,Wasserstein,107.25426046014496
60,200,10,100,linear,Marginal-FR,Wasserstein,116.81398963641315
60,200,10,100,linear,Gaussian-FR,Wasserstein,127.3196194648165
61,200,10,100,linear,NPT-FR,Wasserstein,105.91428932686554
61,200,10,100,linear,Marginal-FR,Wasserstein,114.99974533288795
61,200,10,100,linear,Gaussian-FR,Wasserstein,125.7109692084263
62,200,10,100,linear,NPT-FR,Wasserstein,102.90757431333603
62,200,10,100,linear,Marginal-FR,Wasserstein,112.14382337965924
62,200,10,100,linear,Gaussian-FR,Wasserstein,122.84810160894492
63,200,10,100,linear,NPT-FR,Wasserstein,109.25562277938307
63,200,10,100,linear,Marginal-FR,Wasserstein,118.08811774094603
63,200,10,100,linear,Gaussian-FR,Wasserstein,128.4741441593788
64,200,10,100,linear,NPT-FR,Wasserstein,105.85973494621803
64,200,10,100,linear,Marginal-FR,Wasserstein,115.07579616876232
64,200,10,100,linear,Gaussian-FR,Wasserstein,125.34089721548168
65,200,10,100,linear,NPT-FR,Wasserstein,109.04467147931977
65,200,10,100,linear,Marginal-FR,Wasserstein,117.50213750367188
65,200,10,100,linear,Gaussian-FR,Wasserstein,128.06142300444688
66,200,10,100,linear,NPT-FR,Wasserstein,105.55674525146617
66,200,10,100,linear,Marginal-FR,Wasserstein,115.1176734313074
66,200,10,100,linear,Gaussian-FR,Wasserstein,125.73384909519051
67,200,10,100,linear,NPT-FR,Wasserstein,105.1367878410207
67,200,10,100,linear,Marginal-FR,Wasserstein,114.4718846043931
67,200,10,100,linear,Gaussian-FR,Wasserstein,125.17353313123205
68,200,10,100,linear,NPT-FR,Wasserstein,105.95984410323503
68,200,10,100,linear,Marginal-FR,Wasserstein,115.11763599386057
68,200,10,100,linear,Gaussian-FR,Wasserstein,126.39329256592553
69,200,10,100,linear,NPT-FR,Wasserstein,107.49556081825891
69,200,10,100,linear,Marginal-FR,Wasserstein,116.42705482216424
69,200,10,100,linear,Gaussian-FR,Wasserstein,126.84819497405164
70,200,10,100,linear,NPT-FR,Wasserstein,106.70220436638942
70,200,10,100,linear,Marginal-FR,Wasserstein,115.48144259365657
70,200,10,100,linear,Gaussian-FR,Wasserstein,125.93394673005524
71,200,10,100,linear,NPT-FR,Wasserstein,106.16076289891902
71,200,10,100,linear,Marginal-FR,Wasserstein,115.29906078794052
71,200,10,100,linear,Gaussian-FR,Wasserstein,125.62475553052836
72,200,10,100,linear,NPT-FR,Wasserstein,107.52242884417862
72,200,10,100,linear,Marginal-FR,Wasserstein,116.5184269295914
72,200,10,100,linear,Gaussian-FR,Wasserstein,127.2974907610253
73,200,10,100,linear,NPT-FR,Wasserstein,104.3299569671827
73,200,10,100,linear,Marginal-FR,Wasserstein,113.49664980718907
73,200,10,100,linear,Gaussian-FR,Wasserstein,124.4256977308216
74,200,10,100,linear,NPT-FR,Wasserstein,108.37970022254093
74,200,10,100,linear,Marginal-FR,Wasserstein,117.52764101035129
74,200,10,100,linear,Gaussian-FR,Wasserstein,127.99588655657797
75,200,10,100,linear,NPT-FR,Wasserstein,107.87103273062269
75,200,10,100,linear,Marginal-FR,Wasserstein,117.21821034702855
75,200,10,100,linear,Gaussian-FR,Wasserstein,128.17820839081597
76,200,10,100,linear,NPT-FR,Wasserstein,106.6835491861926
76,200,10,100,linear,Marginal-FR,Wasserstein,116.16625114461017
76,200,10,100,linear,Gaussian-FR,Wasserstein,126.62613459114667
77,200,10,100,linear,NPT-FR,Wasserstein,107.37197833173754
77,200,10,100,linear,Marginal-FR,Wasserstein,116.55464830914667
77,200,10,100,linear,Gaussian-FR,Wasserstein,126.977869999574
78,200,10,100,linear,NPT-FR,Wasserstein,104.58860538859733
78,200,10,100,linear,Marginal-FR,Wasserstein,113.90777281482154
78,200,10,100,linear,Gaussian-FR,Wasserstein,124.18986979899918
79,200,10,100,linear,NPT-FR,Wasserstein,106.34391244601217
79,200,10,100,linear,Marginal-FR,Wasserstein,115.23408132879902
79,200,10,100,linear,Gaussian-FR,Wasserstein,125.9822195293742
80,200,10,100,linear,NPT-FR,Wasserstein,104.35136609727913
80,200,10,100,linear,Marginal-FR,Wasserstein,113.11111350451172
80,200,10,100,linear,Gaussian-FR,Wasserstein,123.58231819544409
81,200,10,100,linear,NPT-FR,Wasserstein,104.49878120318786
81,200,10,100,linear,Marginal-FR,Wasserstein,113.4934734804288
81,200,10,100,linear,Gaussian-FR,Wasserstein,124.0982964909287
82,200,10,100,linear,NPT-FR,Wasserstein,104.86072726103143
82,200,10,100,linear,Marginal-FR,Wasserstein,114.2466317053917
82,200,10,100,linear,Gaussian-FR,Wasserstein,124.77262655339247
83,200,10,100,linear,NPT-FR,Wasserstein,107.5927078326029
83,200,10,100,linear,Marginal-FR,Wasserstein,117.06580548151437
83,200,10,100,linear,Gaussian-FR,Wasserstein,127.98885169933524
84,200,10,100,linear,NPT-FR,Wasserstein,104.73169065323155
84,200,10,100,linear,Marginal-FR,Wasserstein,113.52702583586198
84,200,10,100,linear,Gaussian-FR,Wasserstein,124.88170983701303
85,200,10,100,linear,NPT-FR,Wasserstein,104.86914001320577
85,200,10,100,linear,Marginal-FR,Wasserstein,114.07114966977225
85,200,10,100,linear,Gaussian-FR,Wasserstein,124.52004485769591
86,200,10,100,linear,NPT-FR,Wasserstein,105.585263467193
86,200,10,100,linear,Marginal-FR,Wasserstein,114.84090031890983
86,200,10,100,linear,Gaussian-FR,Wasserstein,125.80997351398904
87,200,10,100,linear,NPT-FR,Wasserstein,106.34160430517208
87,200,10,100,linear,Marginal-FR,Wasserstein,115.05219827235874
87,200,10,100,linear,Gaussian-FR,Wasserstein,126.48754730140922
88,200,10,100,linear,NPT-FR,Wasserstein,106.04062435064655
88,200,10,100,linear,Marginal-FR,Wasserstein,115.00408709010257
88,200,10,100,linear,Gaussian-FR,Wasserstein,125.1212150360611
89,200,10,100,linear,NPT-FR,Wasserstein,105.73383949009478
89,200,10,100,linear,Marginal-FR,Wasserstein,114.67993695569419
89,200,10,100,linear,Gaussian-FR,Wasserstein,124.99292967023584
90,200,10,100,linear,NPT-FR,Wasserstein,105.64949222578515
90,200,10,100,linear,Marginal-FR,Wasserstein,114.72841016926697
90,200,10,100,linear,Gaussian-FR,Wasserstein,125.23716077478815
91,200,10,100,linear,NPT-FR,Wasserstein,104.9278899029844
91,200,10,100,linear,Marginal-FR,Wasserstein,114.3563295315413
91,200,10,100,linear,Gaussian-FR,Wasserstein,124.91223223847678
92,200,10,100,linear,NPT-FR,Wasserstein,105.63085004888433
92,200,10,100,linear,Marginal-FR,Wasserstein,115.11179545761412
92,200,10,100,linear,Gaussian-FR,Wasserstein,125.1376568308931
93,200,10,100,linear,NPT-FR,Wasserstein,102.79799799848773
93,200,10,100,linear,Marginal-FR,Wasserstein,111.66267617359007
93,200,10,100,linear,Gaussian-FR,Wasserstein,122.53099907049346
94,200,10,100,linear,NPT-FR,Wasserstein,107.61144241162718
94,200,10,100,linear,Marginal-FR,Wasserstein,116.89915641338189
94,200,10,100,linear,Gaussian-FR,Wasserstein,127.21559385037986
95,200,10,100,linear,NPT-FR,Wasserstein,105.56938623526527
95,200,10,100,linear,Marginal-FR,Wasserstein,114.95082253788432
95,200,10,100,linear,Gaussian-FR,Wasserstein,124.65119492715543
96,200,10,100,linear,NPT-FR,Wasserstein,104.07964797381673
96,200,10,100,linear,Marginal-FR,Wasserstein,113.38223824454936
96,200,10,100,linear,Gaussian-FR,Wasserstein,123.57381473601498
97,200,10,100,linear,NPT-FR,Wasserstein,105.8831843787703
97,200,10,100,linear,Marginal-FR,Wasserstein,114.55413898645877
97,200,10,100,linear,Gaussian-FR,Wasserstein,124.99848847440322
98,200,10,100,linear,NPT-FR,Wasserstein,107.7463412757871
98,200,10,100,linear,Marginal-FR,Wasserstein,116.30513107773201
98,200,10,100,linear,Gaussian-FR,Wasserstein,127.89609933505227
99,200,10,100,linear,NPT-FR,Wasserstein,105.18939418856463
99,200,10,100,linear,Marginal-FR,Wasserstein,114.35762997793869
99,200,10,100,linear,Gaussian-FR,Wasserstein,124.9495069700768
0,200,10,1000,linear,NPT-FR,Wasserstein,110.86965693580305
0,200,10,1000,linear,Marginal-FR,Wasserstein,120.47465934595795
0,200,10,1000,linear,Gaussian-FR,Wasserstein,130.22089372698412
1,200,10,1000,linear,NPT-FR,Wasserstein,104.38137003416783
1,200,10,1000,linear,Marginal-FR,Wasserstein,113.33338391260757
1,200,10,1000,linear,Gaussian-FR,Wasserstein,123.49836529534625
2,200,10,1000,linear,NPT-FR,Wasserstein,106.97010443371875
2,200,10,1000,linear,Marginal-FR,Wasserstein,116.15891911609442
2,200,10,1000,linear,Gaussian-FR,Wasserstein,126.18330885418979
3,200,10,1000,linear,NPT-FR,Wasserstein,109.81874745864883
3,200,10,1000,linear,Marginal-FR,Wasserstein,119.02137136135445
3,200,10,1000,linear,Gaussian-FR,Wasserstein,129.29368124179814
4,200,10,1000,linear,NPT-FR,Wasserstein,107.70937511351832
4,200,10,1000,linear,Marginal-FR,Wasserstein,117.06316910629211
4,200,10,1000,linear,Gaussian-FR,Wasserstein,126.96635464479817
5,200,10,1000,linear,NPT-FR,Wasserstein,109.94569604563038
5,200,10,1000,linear,Marginal-FR,Wasserstein,118.93386233264941
5,200,10,1000,linear,Gaussian-FR,Wasserstein,129.3625935472325
6,200,10,1000,linear,NPT-FR,Wasserstein,106.65060684804874
6,200,10,1000,linear,Marginal-FR,Wasserstein,115.92822226009316
6,200,10,1000,linear,Gaussian-FR,Wasserstein,126.12631380757928
7,200,10,1000,linear,NPT-FR,Wasserstein,105.25029944135758
7,200,10,1000,linear,Marginal-FR,Wasserstein,114.25346106250097
7,200,10,1000,linear,Gaussian-FR,Wasserstein,124.63348916626315
8,200,10,1000,linear,NPT-FR,Wasserstein,108.17793131297898
8,200,10,1000,linear,Marginal-FR,Wasserstein,118.1200851985953
8,200,10,1000,linear,Gaussian-FR,Wasserstein,128.35248617907774
9,200,10,1000,linear,NPT-FR,Wasserstein,108.07346303376585
9,200,10,1000,linear,Marginal-FR,Wasserstein,117.65395923783862
9,200,10,1000,linear,Gaussian-FR,Wasserstein,127.56860762473354
10,200,10,1000,linear,NPT-FR,Wasserstein,106.46622285807959
10,200,10,1000,linear,Marginal-FR,Wasserstein,115.51911414867506
10,200,10,1000,linear,Gaussian-FR,Wasserstein,125.64716738492335
11,200,10,1000,linear,NPT-FR,Wasserstein,107.21147624399737
11,200,10,1000,linear,Marginal-FR,Wasserstein,116.03193540396688
11,200,10,1000,linear,Gaussian-FR,Wasserstein,126.06963914975763
12,200,10,1000,linear,NPT-FR,Wasserstein,107.5753352678736
12,200,10,1000,linear,Marginal-FR,Wasserstein,116.6286210904062
12,200,10,1000,linear,Gaussian-FR,Wasserstein,126.77813653856428
13,200,10,1000,linear,NPT-FR,Wasserstein,105.80675234054358
13,200,10,1000,linear,Marginal-FR,Wasserstein,115.18433288743181
13,200,10,1000,linear,Gaussian-FR,Wasserstein,124.92520255491134
14,200,10,1000,linear,NPT-FR,Wasserstein,105.98807849510783
14,200,10,1000,linear,Marginal-FR,Wasserstein,115.35182763990004
14,200,10,1000,linear,Gaussian-FR,Wasserstein,125.55866819284792
15,200,10,1000,linear,NPT-FR,Wasserstein,108.31758636577692
15,200,10,1000,linear,Marginal-FR,Wasserstein,118.0782074531866
15,200,10,1000,linear,Gaussian-FR,Wasserstein,127.9685714092738
16,200,10,1000,linear,NPT-FR,Wasserstein,104.10526358193538
16,200,10,1000,linear,Marginal-FR,Wasserstein,113.83794767580197
16,200,10,1000,linear,Gaussian-FR,Wasserstein,123.46335081539941
17,200,10,1000,linear,NPT-FR,Wasserstein,108.14686934113453
17,200,10,1000,linear,Marginal-FR,Wasserstein,117.79653351256638
17,200,10,1000,linear,Gaussian-FR,Wasserstein,127.69533994360862
18,200,10,1000,linear,NPT-FR,Wasserstein,106.66104305104578
18,200,10,1000,linear,Marginal-FR,Wasserstein,116.09159679428815
18,200,10,1000,linear,Gaussian-FR,Wasserstein,125.80136575750805
19,200,10,1000,linear,NPT-FR,Wasserstein,105.07740674834919
19,200,10,1000,linear,Marginal-FR,Wasserstein,114.57829051079274
19,200,10,1000,linear,Gaussian-FR,Wasserstein,124.70337361924696
20,200,10,1000,linear,NPT-FR,Wasserstein,107.66601188430643
20,200,10,1000,linear,Marginal-FR,Wasserstein,117.71307343736797
20,200,10,1000,linear,Gaussian-FR,Wasserstein,127.27267132223236
21,200,10,1000,linear,NPT-FR,Wasserstein,104.84050110593785
21,200,10,1000,linear,Marginal-FR,Wasserstein,113.76389170981963
21,200,10,1000,linear,Gaussian-FR,Wasserstein,124.27257245723351
22,200,10,1000,linear,NPT-FR,Wasserstein,107.52288415496392
22,200,10,1000,linear,Marginal-FR,Wasserstein,116.89540259436414
22,200,10,1000,linear,Gaussian-FR,Wasserstein,126.99511132100805
23,200,10,1000,linear,NPT-FR,Wasserstein,110.17459856863901
23,200,10,1000,linear,Marginal-FR,Wasserstein,119.92987683422443
23,200,10,1000,linear,Gaussian-FR,Wasserstein,129.9081893204574
24,200,10,1000,linear,NPT-FR,Wasserstein,108.07500453767204
24,200,10,1000,linear,Marginal-FR,Wasserstein,117.35179000782286
24,200,10,1000,linear,Gaussian-FR,Wasserstein,127.40392405612094
25,200,10,1000,linear,NPT-FR,Wasserstein,107.11291050827087
25,200,10,1000,linear,Marginal-FR,Wasserstein,116.18709559505162
25,200,10,1000,linear,Gaussian-FR,Wasserstein,126.25940662070512
26,200,10,1000,linear,NPT-FR,Wasserstein,106.14856152271793
26,200,10,1000,linear,Marginal-FR,Wasserstein,115.53047616432032
26,200,10,1000,linear,Gaussian-FR,Wasserstein,125.885250874422
27,200,10,1000,linear,NPT-FR,Wasserstein,106.76092996856097
27,200,10,1000,linear,Marginal-FR,Wasserstein,116.08120688692621
27,200,10,1000,linear,Gaussian-FR,Wasserstein,126.41981804578299
28,200,10,1000,linear,NPT-FR,Wasserstein,108.38868120159523
28,200,10,1000,linear,Marginal-FR,Wasserstein,117.2177775073641
28,200,10,1000,linear,Gaussian-FR,Wasserstein,127.51177296815972
29,200,10,1000,linear,NPT-FR,Wasserstein,108.63178312726566
29,200,10,1000,linear,Marginal-FR,Wasserstein,118.13994375090854
29,200,10,1000,linear,Gaussian-FR,Wasserstein,128.2952980692821
30,200,10,1000,linear,NPT-FR,Wasserstein,108.64086882715361
30,200,10,1000,linear,Marginal-FR,Wasserstein,117.87240397587406
30,200,10,1000,linear,Gaussian-FR,Wasserstein,128.56462300867977
31,200,10,1000,linear,NPT-FR,Wasserstein,106.22911542607972
31,200,10,1000,linear,Marginal-FR,Wasserstein,115.9102113213959
31,200,10,1000,linear,Gaussian-FR,Wasserstein,126.09227460871949
32,200,10,1000,linear,NPT-FR,Wasserstein,107.6639755706778
32,200,10,1000,linear,Marginal-FR,Wasserstein,116.95306491616401
32,200,10,1000,linear,Gaussian-FR,Wasserstein,127.04628089066898
33,200,10,1000,linear,NPT-FR,Wasserstein,107.26022639549124
33,200,10,1000,linear,Marginal-FR,Wasserstein,116.13989611902996
33,200,10,1000,linear,Gaussian-FR,Wasserstein,126.64146741692213
34,200,10,1000,linear,NPT-FR,Wasserstein,104.93852459318744
34,200,10,1000,linear,Marginal-FR,Wasserstein,114.24835010475918
34,200,10,1000,linear,Gaussian-FR,Wasserstein,123.8782543266759
35,200,10,1000,linear,NPT-FR,Wasserstein,110.43863336705529
35,200,10,1000,linear,Marginal-FR,Wasserstein,119.975070193635
35,200,10,1000,linear,Gaussian-FR,Wasserstein,129.99309597582896
36,200,10,1000,linear,NPT-FR,Wasserstein,107.72332067285149
36,200,10,1000,linear,Marginal-FR,Wasserstein,117.40223542926634
36,200,10,1000,linear,Gaussian-FR,Wasserstein,127.56083024114307
37,200,10,1000,linear,NPT-FR,Wasserstein,105.35137075859849
37,200,10,1000,linear,Marginal-FR,Wasserstein,115.00249412488222
37,200,10,1000,linear,Gaussian-FR,Wasserstein,124.98837458647284
38,200,10,1000,linear,NPT-FR,Wasserstein,107.76355756549921
38,200,10,1000,linear,Marginal-FR,Wasserstein,117.3230681768067
38,200,10,1000,linear,Gaussian-FR,Wasserstein,127.53249420268573
39,200,10,1000,linear,NPT-FR,Wasserstein,104.59623184004586
39,200,10,1000,linear,Marginal-FR,Wasserstein,113.68445529493951
39,200,10,1000,linear,Gaussian-FR,Wasserstein,123.53768439608206
40,200,10,1000,linear,NPT-FR,Wasserstein,105.85968987196244
40,200,10,1000,linear,Marginal-FR,Wasserstein,115.1078882782387
40,200,10,1000,linear,Gaussian-FR,Wasserstein,125.52233574962841
41,200,10,1000,linear,NPT-FR,Wasserstein,109.22484681990437
41,200,10,1000,linear,Marginal-FR,Wasserstein,118.29636675799783
41,200,10,1000,linear,Gaussian-FR,Wasserstein,128.93385532746638
42,200,10,1000,linear,NPT-FR,Wasserstein,108.66310574953266
42,200,10,1000,linear,Marginal-FR,Wasserstein,118.30040603230887
42,200,10,1000,linear,Gaussian-FR,Wasserstein,128.27960428115907
43,200,10,1000,linear,NPT-FR,Wasserstein,108.30501939130228
43,200,10,1000,linear,Marginal-FR,Wasserstein,117.83487805174114
43,200,10,1000,linear,Gaussian-FR,Wasserstein,127.64372174355047
44,200,10,1000,linear,NPT-FR,Wasserstein,108.25677673873696
44,200,10,1000,linear,Marginal-FR,Wasserstein,117.72153025719315
44,200,10,1000,linear,Gaussian-FR,Wasserstein,127.88491134758648
45,200,10,1000,linear,NPT-FR,Wasserstein,107.15831725041805
45,200,10,1000,linear,Marginal-FR,Wasserstein,116.81976782289813
45,200,10,1000,linear,Gaussian-FR,Wasserstein,126.71532945917299
46,200,10,1000,linear,NPT-FR,Wasserstein,106.0620602414051
46,200,10,1000,linear,Marginal-FR,Wasserstein,115.66127045385326
46,200,10,1000,linear,Gaussian-FR,Wasserstein,125.51031162470262
47,200,10,1000,linear,NPT-FR,Wasserstein,108.52693142944804
47,200,10,1000,linear,Marginal-FR,Wasserstein,118.09622921794822
47,200,10,1000,linear,Gaussian-FR,Wasserstein,128.23180019235764
48,200,10,1000,linear,NPT-FR,Wasserstein,107.72749306864081
48,200,10,1000,linear,Marginal-FR,Wasserstein,117.42244679379266
48,200,10,1000,linear,Gaussian-FR,Wasserstein,127.9116434883273
49,200,10,1000,linear,NPT-FR,Wasserstein,106.53391353241422
49,200,10,1000,linear,Marginal-FR,Wasserstein,115.95529459936843
49,200,10,1000,linear,Gaussian-FR,Wasserstein,126.08471958921763
50,200,10,1000,linear,NPT-FR,Wasserstein,107.94707604027143
50,200,10,1000,linear,Marginal-FR,Wasserstein,116.87466485003266
50,200,10,1000,linear,Gaussian-FR,Wasserstein,127.02088121385952
51,200,10,1000,linear,NPT-FR,Wasserstein,108.22935150878244
51,200,10,1000,linear,Marginal-FR,Wasserstein,117.41509332396399
51,200,10,1000,linear,Gaussian-FR,Wasserstein,127.54759650100202
52,200,10,1000,linear,NPT-FR,Wasserstein,106.6461847393032
52,200,10,1000,linear,Marginal-FR,Wasserstein,115.94856713828366
52,200,10,1000,linear,Gaussian-FR,Wasserstein,126.2151860300294
53,200,10,1000,linear,NPT-FR,Wasserstein,109.53954652823256
53,200,10,1000,linear,Marginal-FR,Wasserstein,118.95557754728978
53,200,10,1000,linear,Gaussian-FR,Wasserstein,129.35485747294956
54,200,10,1000,linear,NPT-FR,Wasserstein,109.11480184007235
54,200,10,1000,linear,Marginal-FR,Wasserstein,118.52309240947521
54,200,10,1000,linear,Gaussian-FR,Wasserstein,129.0706268737969
55,200,10,1000,linear,NPT-FR,Wasserstein,107.64912964618289
55,200,10,1000,linear,Marginal-FR,Wasserstein,117.86378991201691
55,200,10,1000,linear,Gaussian-FR,Wasserstein,127.2882275594986
56,200,10,1000,linear,NPT-FR,Wasserstein,105.58506240239146
56,200,10,1000,linear,Marginal-FR,Wasserstein,115.11559132786276
56,200,10,1000,linear,Gaussian-FR,Wasserstein,125.43002244391333
57,200,10,1000,linear,NPT-FR,Wasserstein,108.93858989438816
57,200,10,1000,linear,Marginal-FR,Wasserstein,118.17349586803924
57,200,10,1000,linear,Gaussian-FR,Wasserstein,128.5687634845091
58,200,10,1000,linear,NPT-FR,Wasserstein,109.40469576435166
58,200,10,1000,linear,Marginal-FR,Wasserstein,119.07816657034087
58,200,10,1000,linear,Gaussian-FR,Wasserstein,129.37356758123596
59,200,10,1000,linear,NPT-FR,Wasserstein,106.93440594948305
59,200,10,1000,linear,Marginal-FR,Wasserstein,116.35130294683927
59,200,10,1000,linear,Gaussian-FR,Wasserstein,126.57295286717913
60,200,10,1000,linear,NPT-FR,Wasserstein,107.14209981100056
60,200,10,1000,linear,Marginal-FR,Wasserstein,116.07162674448696
60,200,10,1000,linear,Gaussian-FR,Wasserstein,126.4973884082995
61,200,10,1000,linear,NPT-FR,Wasserstein,105.81408180434194
61,200,10,1000,linear,Marginal-FR,Wasserstein,115.05213553785285
61,200,10,1000,linear,Gaussian-FR,Wasserstein,125.33416826171684
62,200,10,1000,linear,NPT-FR,Wasserstein,106.65453845981332
62,200,10,1000,linear,Marginal-FR,Wasserstein,115.67146561838294
62,200,10,1000,linear,Gaussian-FR,Wasserstein,125.92160831563517
63,200,10,1000,linear,NPT-FR,Wasserstein,107.68144394780684
63,200,10,1000,linear,Marginal-FR,Wasserstein,117.35611740357528
63,200,10,1000,linear,Gaussian-FR,Wasserstein,127.75427702793512
64,200,10,1000,linear,NPT-FR,Wasserstein,108.55172588811253
64,200,10,1000,linear,Marginal-FR,Wasserstein,118.09656849953282
64,200,10,1000,linear,Gaussian-FR,Wasserstein,127.95429422648178
65,200,10,1000,linear,NPT-FR,Wasserstein,107.99417274722197
65,200,10,1000,linear,Marginal-FR,Wasserstein,117.5344232884272
65,200,10,1000,linear,Gaussian-FR,Wasserstein,127.60070542766537
66,200,10,1000,linear,NPT-FR,Wasserstein,107.19369221237334
66,200,10,1000,linear,Marginal-FR,Wasserstein,116.54489319314396
66,200,10,1000,linear,Gaussian-FR,Wasserstein,126.64569270858244
67,200,10,1000,linear,NPT-FR,Wasserstein,108.42599014734593
67,200,10,1000,linear,Marginal-FR,Wasserstein,118.4826036184088
67,200,10,1000,linear,Gaussian-FR,Wasserstein,128.57909178917018
68,200,10,1000,linear,NPT-FR,Wasserstein,110.25432964142924
68,200,10,1000,linear,Marginal-FR,Wasserstein,119.36716677206876
68,200,10,1000,linear,Gaussian-FR,Wasserstein,129.61596632869382
69,200,10,1000,linear,NPT-FR,Wasserstein,106.1236447038619
69,200,10,1000,linear,Marginal-FR,Wasserstein,115.13409504659083
69,200,10,1000,linear,Gaussian-FR,Wasserstein,125.7838267353514
70,200,10,1000,linear,NPT-FR,Wasserstein,108.60867652147874
70,200,10,1000,linear,Marginal-FR,Wasserstein,118.04679676601312
70,200,10,1000,linear,Gaussian-FR,Wasserstein,128.43197340959475
71,200,10,1000,linear,NPT-FR,Wasserstein,104.93939245091688
71,200,10,1000,linear,Marginal-FR,Wasserstein,114.28234398641877
71,200,10,1000,linear,Gaussian-FR,Wasserstein,123.8214391310107
72,200,10,1000,linear,NPT-FR,Wasserstein,105.2808069188742
72,200,10,1000,linear,Marginal-FR,Wasserstein,114.04879036280764
72,200,10,1000,linear,Gaussian-FR,Wasserstein,124.51317602476539
73,200,10,1000,linear,NPT-FR,Wasserstein,107.34977705388344
73,200,10,1000,linear,Marginal-FR,Wasserstein,116.71776771176889
73,200,10,1000,linear,Gaussian-FR,Wasserstein,127.17801198683073
74,200,10,1000,linear,NPT-FR,Wasserstein,107.2533020397383
74,200,10,1000,linear,Marginal-FR,Wasserstein,116.90106147860992
74,200,10,1000,linear,Gaussian-FR,Wasserstein,127.1059176507625
75,200,10,1000,linear,NPT-FR,Wasserstein,109.75741340293729
75,200,10,1000,linear,Marginal-FR,Wasserstein,119.41832869805816
75,200,10,1000,linear,Gaussian-FR,Wasserstein,130.0700870788781
76,200,10,1000,linear,NPT-FR,Wasserstein,107.74706413373121
76,200,10,1000,linear,Marginal-FR,Wasserstein,117.0095450014121
76,200,10,1000,linear,Gaussian-FR,Wasserstein,127.1112147748228
77,200,10,1000,linear,NPT-FR,Wasserstein,107.52403604573756
77,200,10,1000,linear,Marginal-FR,Wasserstein,116.52773007570661
77,200,10,1000,linear,Gaussian-FR,Wasserstein,127.2406440891511
78,200,10,1000,linear,NPT-FR,Wasserstein,107.62388392232343
78,200,10,1000,linear,Marginal-FR,Wasserstein,116.86750691115606
78,200,10,1000,linear,Gaussian-FR,Wasserstein,126.99667793664615
79,200,10,1000,linear,NPT-FR,Wasserstein,107.14442900408204
79,200,10,1000,linear,Marginal-FR,Wasserstein,116.57414262886489
79,200,10,1000,linear,Gaussian-FR,Wasserstein,126.68927105388198
80,200,10,1000,linear,NPT-FR,Wasserstein,109.5232313213138
80,200,10,1000,linear,Marginal-FR,Wasserstein,119.43450027038975
80,200,10,1000,linear,Gaussian-FR,Wasserstein,129.4811873353334
81,200,10,1000,linear,NPT-FR,Wasserstein,106.96408504493463
81,200,10,1000,linear,Marginal-FR,Wasserstein,115.7455609048078
81,200,10,1000,linear,Gaussian-FR,Wasserstein,125.97650298790715
82,200,10,1000,linear,NPT-FR,Wasserstein,105.88196750136008
82,200,10,1000,linear,Marginal-FR,Wasserstein,115.13598021988274
82,200,10,1000,linear,Gaussian-FR,Wasserstein,125.3712786669594
83,200,10,1000,linear,NPT-FR,Wasserstein,106.6889053224759
83,200,10,1000,linear,Marginal-FR,Wasserstein,116.06201698673007
83,200,10,1000,linear,Gaussian-FR,Wasserstein,126.16509362315873
84,200,10,1000,linear,NPT-FR,Wasserstein,108.66060190946762
84,200,10,1000,linear,Marginal-FR,Wasserstein,118.58231621537367
84,200,10,1000,linear,Gaussian-FR,Wasserstein,128.604470161478
85,200,10,1000,linear,NPT-FR,Wasserstein,108.65583257414951
85,200,10,1000,linear,Marginal-FR,Wasserstein,117.48261160529651
85,200,10,1000,linear,Gaussian-FR,Wasserstein,128.47137099431765
86,200,10,1000,linear,NPT-FR,Wasserstein,106.52035876364572
86,200,10,1000,linear,Marginal-FR,Wasserstein,116.09716111194112
86,200,10,1000,linear,Gaussian-FR,Wasserstein,126.07321299817204
87,200,10,1000,linear,NPT-FR,Wasserstein,106.2889865531752
87,200,10,1000,linear,Marginal-FR,Wasserstein,115.31369336309668
87,200,10,1000,linear,Gaussian-FR,Wasserstein,125.86979832690692
88,200,10,1000,linear,NPT-FR,Wasserstein,108.8988636802959
88,200,10,1000,linear,Marginal-FR,Wasserstein,118.05357118941076
88,200,10,1000,linear,Gaussian-FR,Wasserstein,128.55248749880946
89,200,10,1000,linear,NPT-FR,Wasserstein,108.21843378318951
89,200,10,1000,linear,Marginal-FR,Wasserstein,117.538409636119
89,200,10,1000,linear,Gaussian-FR,Wasserstein,127.80095341248548
90,200,10,1000,linear,NPT-FR,Wasserstein,106.91961250722765
90,200,10,1000,linear,Marginal-FR,Wasserstein,116.66493686827855
90,200,10,1000,linear,Gaussian-FR,Wasserstein,126.4955644960748
91,200,10,1000,linear,NPT-FR,Wasserstein,106.74722676442146
91,200,10,1000,linear,Marginal-FR,Wasserstein,115.77759291898194
91,200,10,1000,linear,Gaussian-FR,Wasserstein,126.21274934991573
92,200,10,1000,linear,NPT-FR,Wasserstein,106.76276969696785
92,200,10,1000,linear,Marginal-FR,Wasserstein,116.43796065190212
92,200,10,1000,linear,Gaussian-FR,Wasserstein,126.1820197252371
93,200,10,1000,linear,NPT-FR,Wasserstein,105.26144794304258
93,200,10,1000,linear,Marginal-FR,Wasserstein,114.50046289813415
93,200,10,1000,linear,Gaussian-FR,Wasserstein,124.70407837203996
94,200,10,1000,linear,NPT-FR,Wasserstein,110.14876474518731
94,200,10,1000,linear,Marginal-FR,Wasserstein,119.23790444947436
94,200,10,1000,linear,Gaussian-FR,Wasserstein,129.73817727242172
95,200,10,1000,linear,NPT-FR,Wasserstein,106.31453352199725
95,200,10,1000,linear,Marginal-FR,Wasserstein,115.70237681340001
95,200,10,1000,linear,Gaussian-FR,Wasserstein,126.18805215166442
96,200,10,1000,linear,NPT-FR,Wasserstein,106.92453882152157
96,200,10,1000,linear,Marginal-FR,Wasserstein,116.15012655851126
96,200,10,1000,linear,Gaussian-FR,Wasserstein,125.8016228127616
97,200,10,1000,linear,NPT-FR,Wasserstein,106.74409936954143
97,200,10,1000,linear,Marginal-FR,Wasserstein,115.95621194962587
97,200,10,1000,linear,Gaussian-FR,Wasserstein,126.64223035353945
98,200,10,1000,linear,NPT-FR,Wasserstein,106.53880629932516
98,200,10,1000,linear,Marginal-FR,Wasserstein,115.96589095646799
98,200,10,1000,linear,Gaussian-FR,Wasserstein,125.65538915663132
99,200,10,1000,linear,NPT-FR,Wasserstein,107.12114852375225
99,200,10,1000,linear,Marginal-FR,Wasserstein,116.7468234217004
99,200,10,1000,linear,Gaussian-FR,Wasserstein,126.47182108771338
