rep,n,d,N,type,method,metric,value
0,50,2,100,linear,NPT-FR,Wasserstein,13.697519216724734
0,50,2,100,linear,Marginal-FR,Wasserstein,13.925179804375878
0,50,2,100,linear,Gaussian-FR,Wasserstein,17.246698213032644
1,50,2,100,linear,NPT-FR,Wasserstein,12.648905519712562
1,50,2,100,linear,Marginal-FR,Wasserstein,12.879243271685953
1,50,2,100,linear,Gaussian-FR,Wasserstein,15.283605218573411
2,50,2,100,linear,NPT-FR,Wasserstein,13.574850308220556
2,50,2,100,linear,Marginal-FR,Wasserstein,13.74320002961688
2,50,2,100,linear,Gaussian-FR,Wasserstein,16.87923705485173
3,50,2,100,linear,NPT-FR,Wasserstein,11.809568452914114
3,50,2,100,linear,Marginal-FR,Wasserstein,12.058058041779196
3,50,2,100,linear,Gaussian-FR,Wasserstein,15.241820651345181
4,50,2,100,linear,NPT-FR,Wasserstein,12.90641919877087
4,50,2,100,linear,Marginal-FR,Wasserstein,13.096296119529176
4,50,2,100,linear,Gaussian-FR,Wasserstein,15.925351610645802
5,50,2,100,linear,NPT-FR,Wasserstein,10.777611532807745
5,50,2,100,linear,Marginal-FR,Wasserstein,10.922318412103808
5,50,2,100,linear,Gaussian-FR,Wasserstein,13.891956528173163
6,50,2,100,linear,NPT-FR,Wasserstein,11.75092977595126
6,50,2,100,linear,Marginal-FR,Wasserstein,12.028443081374757
6,50,2,100,linear,Gaussian-FR,Wasserstein,14.75432194834363
7,50,2,100,linear,NPT-FR,Wasserstein,13.648091835386182
7,50,2,100,linear,Marginal-FR,Wasserstein,13.90689137928997
7,50,2,100,linear,Gaussian-FR,Wasserstein,17.019090460601515
8,50,2,100,linear,NPT-FR,Wasserstein,13.192456024239544
8,50,2,100,linear,Marginal-FR,Wasserstein,13.33400122880271
8,50,2,100,linear,Gaussian-FR,Wasserstein,16.977178172491424
9,50,2,100,linear,NPT-FR,Wasserstein,12.608377003675876
9,50,2,100,linear,Marginal-FR,Wasserstein,12.854391077081623
9,50,2,100,linear,Gaussian-FR,Wasserstein,15.708524840127076
10,50,2,100,linear,NPT-FR,Wasserstein,13.99290913936821
10,50,2,100,linear,Marginal-FR,Wasserstein,14.156114004793224
10,50,2,100,linear,Gaussian-FR,Wasserstein,16.9466468596853
11,50,2,100,linear,NPT-FR,Wasserstein,14.20454439634657
11,50,2,100,linear,Marginal-FR,Wasserstein,14.385700638255027
11,50,2,100,linear,Gaussian-FR,Wasserstein,17.473104511335666
12,50,2,100,linear,NPT-FR,Wasserstein,12.603387513107451
12,50,2,100,linear,Marginal-FR,Wasserstein,12.813866654902773
12,50,2,100,linear,Gaussian-FR,Wasserstein,15.669713196373069
13,50,2,100,linear,NPT-FR,Wasserstein,12.964124479555466
13,50,2,100,linear,Marginal-FR,Wasserstein,13.18971039346337
13,50,2,100,linear,Gaussian-FR,Wasserstein,15.959499389821005
14,50,2,100,linear,NPT-FR,Wasserstein,13.622605916469096
14,50,2,100,linear,Marginal-FR,Wasserstein,13.876984389360874
14,50,2,100,linear,Gaussian-FR,Wasserstein,17.03928079842693
15,50,2,100,linear,NPT-FR,Wasserstein,13.083837051275102
15,50,2,100,linear,Marginal-FR,Wasserstein,13.34250879761773
15,50,2,100,linear,Gaussian-FR,Wasserstein,15.954107275195932
16,50,2,100,linear,NPT-FR,Wasserstein,13.885284541539567
16,50,2,100,linear,Marginal-FR,Wasserstein,14.065367443302451
16,50,2,100,linear,Gaussian-FR,Wasserstein,16.821277593983627
17,50,2,100,linear,NPT-FR,Wasserstein,14.275506202322319
17,50,2,100,linear,Marginal-FR,Wasserstein,14.526839311029326
17,50,2,100,linear,Gaussian-FR,Wasserstein,17.969352038025217
18,50,2,100,linear,NPT-FR,Wasserstein,12.422840941389941
18,50,2,100,linear,Marginal-FR,Wasserstein,12.724301616004952
18,50,2,100,linear,Gaussian-FR,Wasserstein,16.127076763133626
19,50,2,100,linear,NPT-FR,Wasserstein,13.452668593443631
19,50,2,100,linear,Marginal-FR,Wasserstein,13.683673208149154
19,50,2,100,linear,Gaussian-FR,Wasserstein,16.70456210332945
20,50,2,100,linear,NPT-FR,Wasserstein,12.798356914640172
20,50,2,100,linear,Marginal-FR,Wasserstein,13.046320316485446
20,50,2,100,linear,Gaussian-FR,Wasserstein,16.034565228683093
21,50,2,100,linear,NPT-FR,Wasserstein,12.721282145645471
21,50,2,100,linear,Marginal-FR,Wasserstein,12.879472156241444
21,50,2,100,linear,Gaussian-FR,Wasserstein,16.051163492469108
22,50,2,100,linear,NPT-FR,Wasserstein,13.939761178445062
22,50,2,100,linear,Marginal-FR,Wasserstein,14.132311106923273
22,50,2,100,linear,Gaussian-FR,Wasserstein,17.099394338631654
23,50,2,100,linear,NPT-FR,Wasserstein,15.003203545838312
23,50,2,100,linear,Marginal-FR,Wasserstein,15.245109324114248
23,50,2,100,linear,Gaussian-FR,Wasserstein,18.866593581118906
24,50,2,100,linear,NPT-FR,Wasserstein,12.72657854618799
24,50,2,100,linear,Marginal-FR,Wasserstein,12.850410577736156
24,50,2,100,linear,Gaussian-FR,Wasserstein,16.021461024337192
25,50,2,100,linear,NPT-FR,Wasserstein,13.471284766167889
25,50,2,100,linear,Marginal-FR,Wasserstein,13.661832642410861
25,50,2,100,linear,Gaussian-FR,Wasserstein,16.664268926686184
26,50,2,100,linear,NPT-FR,Wasserstein,12.56281684617642
26,50,2,100,linear,Marginal-FR,Wasserstein,12.788189235548026
26,50,2,100,linear,Gaussian-FR,Wasserstein,15.868756274300926
27,50,2,100,linear,NPT-FR,Wasserstein,12.742763148243768
27,50,2,100,linear,Marginal-FR,Wasserstein,12.91830766495043
27,50,2,100,linear,Gaussian-FR,Wasserstein,15.906999453569817
28,50,2,100,linear,NPT-FR,Wasserstein,13.551606014879095
28,50,2,100,linear,Marginal-FR,Wasserstein,13.701417523698282
28,50,2,100,linear,Gaussian-FR,Wasserstein,16.673935816700226
29,50,2,100,linear,NPT-FR,Wasserstein,12.474177109150478
29,50,2,100,linear,Marginal-FR,Wasserstein,12.712677795436438
29,50,2,100,linear,Gaussian-FR,Wasserstein,15.762854506008669
30,50,2,100,linear,NPT-FR,Wasserstein,13.632073740144802
30,50,2,100,linear,Marginal-FR,Wasserstein,13.842616712004139
30,50,2,100,linear,Gaussian-FR,Wasserstein,17.122889197924657
31,50,2,100,linear,NPT-FR,Wasserstein,12.64894210964376
31,50,2,100,linear,Marginal-FR,Wasserstein,12.835228915020066
31,50,2,100,linear,Gaussian-FR,Wasserstein,16.378709932036596
32,50,2,100,linear,NPT-FR,Wasserstein,12.904959827438871
32,50,2,100,linear,Marginal-FR,Wasserstein,13.146597928230445
32,50,2,100,linear,Gaussian-FR,Wasserstein,16.057793217886463
33,50,2,100,linear,NPT-FR,Wasserstein,12.838495700852535
33,50,2,100,linear,Marginal-FR,Wasserstein,13.029207246334096
33,50,2,100,linear,Gaussian-FR,Wasserstein,16.340389894850748
34,50,2,100,linear,NPT-FR,Wasserstein,11.832547299736616
34,50,2,100,linear,Marginal-FR,Wasserstein,12.038421651009724
34,50,2,100,linear,Gaussian-FR,Wasserstein,15.12268443769191
35,50,2,100,linear,NPT-FR,Wasserstein,12.78975620390261
35,50,2,100,linear,Marginal-FR,Wasserstein,13.03991487767238
35,50,2,100,linear,Gaussian-FR,Wasserstein,16.462607793400142
36,50,2,100,linear,NPT-FR,Wasserstein,12.979964973692487
36,50,2,100,linear,Marginal-FR,Wasserstein,13.146869115013203
36,50,2,100,linear,Gaussian-FR,Wasserstein,16.660844365048042
37,50,2,100,linear,NPT-FR,Wasserstein,12.642066800957473
37,50,2,100,linear,Marginal-FR,Wasserstein,12.856072576615713
37,50,2,100,linear,Gaussian-FR,Wasserstein,15.805724927237502
38,50,2,100,linear,NPT-FR,Wasserstein,12.753476618437317
38,50,2,100,linear,Marginal-FR,Wasserstein,12.874710713652942
38,50,2,100,linear,Gaussian-FR,Wasserstein,15.899230631134321
39,50,2,100,linear,NPT-FR,Wasserstein,13.316911770563525
39,50,2,100,linear,Marginal-FR,Wasserstein,13.683285479667653
39,50,2,100,linear,Gaussian-FR,Wasserstein,16.99321675021606
40,50,2,100,linear,NPT-FR,Wasserstein,12.977639691389761
40,50,2,100,linear,Marginal-FR,Wasserstein,13.226879898855824
40,50,2,100,linear,Gaussian-FR,Wasserstein,16.304443206447253
41,50,2,100,linear,NPT-FR,Wasserstein,13.863313778644807
41,50,2,100,linear,Marginal-FR,Wasserstein,14.027578814157263
41,50,2,100,linear,Gaussian-FR,Wasserstein,17.200780883643233
42,50,2,100,linear,NPT-FR,Wasserstein,14.087926537310357
42,50,2,100,linear,Marginal-FR,Wasserstein,14.27031209141703
42,50,2,100,linear,Gaussian-FR,Wasserstein,17.40162155574077
43,50,2,100,linear,NPT-FR,Wasserstein,12.065648175274049
43,50,2,100,linear,Marginal-FR,Wasserstein,12.23704672959907
43,50,2,100,linear,Gaussian-FR,Wasserstein,15.573252191492497
44,50,2,100,linear,NPT-FR,Wasserstein,12.905662260526881
44,50,2,100,linear,Marginal-FR,Wasserstein,13.135647493454979
44,50,2,100,linear,Gaussian-FR,Wasserstein,15.75374369874188
45,50,2,100,linear,NPT-FR,Wasserstein,14.615906462568349
45,50,2,100,linear,Marginal-FR,Wasserstein,14.70283846935538
45,50,2,100,linear,Gaussian-FR,Wasserstein,17.982897369669114
46,50,2,100,linear,NPT-FR,Wasserstein,13.636624788433007
46,50,2,100,linear,Marginal-FR,Wasserstein,13.815121702066516
46,50,2,100,linear,Gaussian-FR,Wasserstein,16.844348574042925
47,50,2,100,linear,NPT-FR,Wasserstein,13.966826569646685
47,50,2,100,linear,Marginal-FR,Wasserstein,14.219982600887226
47,50,2,100,linear,Gaussian-FR,Wasserstein,17.184270613376047
48,50,2,100,linear,NPT-FR,Wasserstein,12.819232246402906
48,50,2,100,linear,Marginal-FR,Wasserstein,13.044804802530695
48,50,2,100,linear,Gaussian-FR,Wasserstein,15.542291663671325
49,50,2,100,linear,NPT-FR,Wasserstein,13.687083714367787
49,50,2,100,linear,Marginal-FR,Wasserstein,13.92382997302326
49,50,2,100,linear,Gaussian-FR,Wasserstein,17.25684887659973
50,50,2,100,linear,NPT-FR,Wasserstein,12.445235397490217
50,50,2,100,linear,Marginal-FR,Wasserstein,12.654963490407045
50,50,2,100,linear,Gaussian-FR,Wasserstein,15.24390870173079
51,50,2,100,linear,NPT-FR,Wasserstein,12.226193590636353
51,50,2,100,linear,Marginal-FR,Wasserstein,12.407817334060493
51,50,2,100,linear,Gaussian-FR,Wasserstein,15.47853042175464
52,50,2,100,linear,NPT-FR,Wasserstein,11.930588518386033
52,50,2,100,linear,Marginal-FR,Wasserstein,12.120643187126495
52,50,2,100,linear,Gaussian-FR,Wasserstein,15.09716689319417
53,50,2,100,linear,NPT-FR,Wasserstein,13.543653224287317
53,50,2,100,linear,Marginal-FR,Wasserstein,13.806406662269048
53,50,2,100,linear,Gaussian-FR,Wasserstein,17.3553344229122
54,50,2,100,linear,NPT-FR,Wasserstein,14.126416073276975
54,50,2,100,linear,Marginal-FR,Wasserstein,14.239278321242717
54,50,2,100,linear,Gaussian-FR,Wasserstein,17.837264928393573
55,50,2,100,linear,NPT-FR,Wasserstein,11.934709267988453
55,50,2,100,linear,Marginal-FR,Wasserstein,12.27656257838148
55,50,2,100,linear,Gaussian-FR,Wasserstein,14.838707365640701
56,50,2,100,linear,NPT-FR,Wasserstein,12.741393909518324
56,50,2,100,linear,Marginal-FR,Wasserstein,12.946848740849443
56,50,2,100,linear,Gaussian-FR,Wasserstein,15.905157489744772
57,50,2,100,linear,NPT-FR,Wasserstein,12.477810745835974
57,50,2,100,linear,Marginal-FR,Wasserstein,12.700258083736424
57,50,2,100,linear,Gaussian-FR,Wasserstein,15.90661577588111
58,50,2,100,linear,NPT-FR,Wasserstein,13.19031675078514
58,50,2,100,linear,Marginal-FR,Wasserstein,13.404048975027617
58,50,2,100,linear,Gaussian-FR,Wasserstein,16.61983597723358
59,50,2,100,linear,NPT-FR,Wasserstein,13.525082019589055
59,50,2,100,linear,Marginal-FR,Wasserstein,13.757338593307013
59,50,2,100,linear,Gaussian-FR,Wasserstein,17.140287102920517
60,50,2,100,linear,NPT-FR,Wasserstein,12.066442809115589
60,50,2,100,linear,Marginal-FR,Wasserstein,12.274336068414563
60,50,2,100,linear,Gaussian-FR,Wasserstein,15.379942113683985
61,50,2,100,linear,NPT-FR,Wasserstein,12.770664712686647
61,50,2,100,linear,Marginal-FR,Wasserstein,12.965726400484645
61,50,2,100,linear,Gaussian-FR,Wasserstein,16.505963922337692
62,50,2,100,linear,NPT-FR,Wasserstein,13.30006361069393
62,50,2,100,linear,Marginal-FR,Wasserstein,13.41822292809686
62,50,2,100,linear,Gaussian-FR,Wasserstein,16.612538737589894
63,50,2,100,linear,NPT-FR,Wasserstein,12.070921731886108
63,50,2,100,linear,Marginal-FR,Wasserstein,12.40233393978229
63,50,2,100,linear,Gaussian-FR,Wasserstein,15.745372778854218
64,50,2,100,linear,NPT-FR,Wasserstein,12.533457514313763
64,50,2,100,linear,Marginal-FR,Wasserstein,12.743973373452722
64,50,2,100,linear,Gaussian-FR,Wasserstein,15.803692373127218
65,50,2,100,linear,NPT-FR,Wasserstein,13.437118000303178
65,50,2,100,linear,Marginal-FR,Wasserstein,13.599972765800823
65,50,2,100,linear,Gaussian-FR,Wasserstein,16.32095009214115
66,50,2,100,linear,NPT-FR,Wasserstein,11.858706033494446
66,50,2,100,linear,Marginal-FR,Wasserstein,12.07581071105901
66,50,2,100,linear,Gaussian-FR,Wasserstein,15.419025994851586
67,50,2,100,linear,NPT-FR,Wasserstein,13.618818440022624
67,50,2,100,linear,Marginal-FR,Wasserstein,13.931585794988353
67,50,2,100,linear,Gaussian-FR,Wasserstein,17.01938359215404
68,50,2,100,linear,NPT-FR,Wasserstein,15.554555796516594
68,50,2,100,linear,Marginal-FR,Wasserstein,15.67949410648485
68,50,2,100,linear,Gaussian-FR,Wasserstein,18.566725205909318
69,50,2,100,linear,NPT-FR,Wasserstein,14.203668723407391
69,50,2,100,linear,Marginal-FR,Wasserstein,14.389276775097912
69,50,2,100,linear,Gaussian-FR,Wasserstein,17.58687925102126
70,50,2,100,linear,NPT-FR,Wasserstein,12.261165529586819
70,50,2,100,linear,Marginal-FR,Wasserstein,12.50551682861883
70,50,2,100,linear,Gaussian-FR,Wasserstein,15.720340252644107
71,50,2,100,linear,NPT-FR,Wasserstein,13.314428990994754
71,50,2,100,linear,Marginal-FR,Wasserstein,13.604165943191843
71,50,2,100,linear,Gaussian-FR,Wasserstein,16.91212726701279
72,50,2,100,linear,NPT-FR,Wasserstein,13.288040263375485
72,50,2,100,linear,Marginal-FR,Wasserstein,13.498100831679547
72,50,2,100,linear,Gaussian-FR,Wasserstein,16.25479624125692
73,50,2,100,linear,NPT-FR,Wasserstein,12.301326086180891
73,50,2,100,linear,Marginal-FR,Wasserstein,12.531520585105557
73,50,2,100,linear,Gaussian-FR,Wasserstein,15.68091687613416
74,50,2,100,linear,NPT-FR,Wasserstein,12.766433498190343
74,50,2,100,linear,Marginal-FR,Wasserstein,13.018050929148131
74,50,2,100,linear,Gaussian-FR,Wasserstein,16.0902341908971
75,50,2,100,linear,NPT-FR,Wasserstein,12.664018130355716
75,50,2,100,linear,Marginal-FR,Wasserstein,12.854225242099794
75,50,2,100,linear,Gaussian-FR,Wasserstein,16.205002367021358
76,50,2,100,linear,NPT-FR,Wasserstein,13.870725167277843
76,50,2,100,linear,Marginal-FR,Wasserstein,14.047904087009908
76,50,2,100,linear,Gaussian-FR,Wasserstein,16.66168614655319
77,50,2,100,linear,NPT-FR,Wasserstein,12.876204259506878
77,50,2,100,linear,Marginal-FR,Wasserstein,13.014115283380882
77,50,2,100,linear,Gaussian-FR,Wasserstein,16.060674833997652
78,50,2,100,linear,NPT-FR,Wasserstein,12.980015629686172
78,50,2,100,linear,Marginal-FR,Wasserstein,13.212589708849436
78,50,2,100,linear,Gaussian-FR,Wasserstein,16.165918628158412
79,50,2,100,linear,NPT-FR,Wasserstein,11.760875211100386
79,50,2,100,linear,Marginal-FR,Wasserstein,11.89886794591917
79,50,2,100,linear,Gaussian-FR,Wasserstein,14.840147949613678
80,50,2,100,linear,NPT-FR,Wasserstein,12.941945002557395
80,50,2,100,linear,Marginal-FR,Wasserstein,13.175394110669588
80,50,2,100,linear,Gaussian-FR,Wasserstein,16.072968467658086
81,50,2,100,linear,NPT-FR,Wasserstein,12.443903766946733
81,50,2,100,linear,Marginal-FR,Wasserstein,12.74681883700916
81,50,2,100,linear,Gaussian-FR,Wasserstein,15.4909864933815
82,50,2,100,linear,NPT-FR,Wasserstein,11.935733682482786
82,50,2,100,linear,Marginal-FR,Wasserstein,12.157387500206163
82,50,2,100,linear,Gaussian-FR,Wasserstein,15.351659445578738
83,50,2,100,linear,NPT-FR,Wasserstein,13.507566219033622
83,50,2,100,linear,Marginal-FR,Wasserstein,13.75341934881698
83,50,2,100,linear,Gaussian-FR,Wasserstein,16.265886037225314
84,50,2,100,linear,NPT-FR,Wasserstein,14.947047566460794
84,50,2,100,linear,Marginal-FR,Wasserstein,15.10937060264155
84,50,2,100,linear,Gaussian-FR,Wasserstein,17.63701666727172
85,50,2,100,linear,NPT-FR,Wasserstein,13.062862816502719
85,50,2,100,linear,Marginal-FR,Wasserstein,13.319049286011301
85,50,2,100,linear,Gaussian-FR,Wasserstein,16.620286126910177
86,50,2,100,linear,NPT-FR,Wasserstein,12.322983210709769
86,50,2,100,linear,Marginal-FR,Wasserstein,12.554290822119405
86,50,2,100,linear,Gaussian-FR,Wasserstein,15.86050166610951
87,50,2,100,linear,NPT-FR,Wasserstein,14.635637214709513
87,50,2,100,linear,Marginal-FR,Wasserstein,14.869997362971574
87,50,2,100,linear,Gaussian-FR,Wasserstein,17.68114703233299
88,50,2,100,linear,NPT-FR,Wasserstein,13.780464641362054
88,50,2,100,linear,Marginal-FR,Wasserstein,13.96699524216122
88,50,2,100,linear,Gaussian-FR,Wasserstein,16.792439183917143
89,50,2,100,linear,NPT-FR,Wasserstein,14.344175308531456
89,50,2,100,linear,Marginal-FR,Wasserstein,14.526981463718014
89,50,2,100,linear,Gaussian-FR,Wasserstein,18.19679547209826
90,50,2,100,linear,NPT-FR,Wasserstein,13.34352371932204
90,50,2,100,linear,Marginal-FR,Wasserstein,13.519538214240857
90,50,2,100,linear,Gaussian-FR,Wasserstein,16.899339085225744
91,50,2,100,linear,NPT-FR,Wasserstein,13.173086726339454
91,50,2,100,linear,Marginal-FR,Wasserstein,13.321069982501543
91,50,2,100,linear,Gaussian-FR,Wasserstein,16.523256123337344
92,50,2,100,linear,NPT-FR,Wasserstein,13.321323001642154
92,50,2,100,linear,Marginal-FR,Wasserstein,13.547463835872138
92,50,2,100,linear,Gaussian-FR,Wasserstein,16.32235169319902
93,50,2,100,linear,NPT-FR,Wasserstein,14.169814154461465
93,50,2,100,linear,Marginal-FR,Wasserstein,14.367455327369903
93,50,2,100,linear,Gaussian-FR,Wasserstein,17.13300294216867
94,50,2,100,linear,NPT-FR,Wasserstein,13.102901433273324
94,50,2,100,linear,Marginal-FR,Wasserstein,13.291105623562707
94,50,2,100,linear,Gaussian-FR,Wasserstein,15.871381590025111
95,50,2,100,linear,NPT-FR,Wasserstein,13.126427372476567
95,50,2,100,linear,Marginal-FR,Wasserstein,13.303669675993694
95,50,2,100,linear,Gaussian-FR,Wasserstein,15.93987798544582
96,50,2,100,linear,NPT-FR,Wasserstein,13.360337288582349
96,50,2,100,linear,Marginal-FR,Wasserstein,13.532998798125362
96,50,2,100,linear,Gaussian-FR,Wasserstein,16.712066990823676
97,50,2,100,linear,NPT-FR,Wasserstein,15.776168724728272
97,50,2,100,linear,Marginal-FR,Wasserstein,15.966280193727638
97,50,2,100,linear,Gaussian-FR,Wasserstein,18.524769796849622
98,50,2,100,linear,NPT-FR,Wasserstein,13.733135791352026
98,50,2,100,linear,Marginal-FR,Wasserstein,13.97740437884119
98,50,2,100,linear,Gaussian-FR,Wasserstein,17.19229014214487
99,50,2,100,linear,NPT-FR,Wasserstein,12.751276639717723
99,50,2,100,linear,Marginal-FR,Wasserstein,12.954810798493588
99,50,2,100,linear,Gaussian-FR,Wasserstein,15.73369022581337
0,50,2,100,nonlinear,NPT-FR,Wasserstein,11.45715884673192
0,50,2,100,nonlinear,Marginal-FR,Wasserstein,16.718040604764514
0,50,2,100,nonlinear,Gaussian-FR,Wasserstein,15.013628660905768
1,50,2,100,nonlinear,NPT-FR,Wasserstein,12.71750606269712
1,50,2,100,nonlinear,Marginal-FR,Wasserstein,17.443897986198238
1,50,2,100,nonlinear,Gaussian-FR,Wasserstein,16.33347305671224
2,50,2,100,nonlinear,NPT-FR,Wasserstein,14.471282959931258
2,50,2,100,nonlinear,Marginal-FR,Wasserstein,19.847970388670824
2,50,2,100,nonlinear,Gaussian-FR,Wasserstein,18.33254182247202
3,50,2,100,nonlinear,NPT-FR,Wasserstein,14.52761279106068
3,50,2,100,nonlinear,Marginal-FR,Wasserstein,19.348942805863786
3,50,2,100,nonlinear,Gaussian-FR,Wasserstein,17.617287139823173
4,50,2,100,nonlinear,NPT-FR,Wasserstein,13.748303020064881
4,50,2,100,nonlinear,Marginal-FR,Wasserstein,18.36965082826604
4,50,2,100,nonlinear,Gaussian-FR,Wasserstein,17.35037691342977
5,50,2,100,nonlinear,NPT-FR,Wasserstein,12.827771391372035
5,50,2,100,nonlinear,Marginal-FR,Wasserstein,17.824080360804118
5,50,2,100,nonlinear,Gaussian-FR,Wasserstein,16.256895941262755
6,50,2,100,nonlinear,NPT-FR,Wasserstein,13.068659876573337
6,50,2,100,nonlinear,Marginal-FR,Wasserstein,18.302749477493126
6,50,2,100,nonlinear,Gaussian-FR,Wasserstein,16.69703414447946
7,50,2,100,nonlinear,NPT-FR,Wasserstein,12.750369859930892
7,50,2,100,nonlinear,Marginal-FR,Wasserstein,18.140792852588746
7,50,2,100,nonlinear,Gaussian-FR,Wasserstein,16.80055082586071
8,50,2,100,nonlinear,NPT-FR,Wasserstein,12.106033052531181
8,50,2,100,nonlinear,Marginal-FR,Wasserstein,17.21313900951325
8,50,2,100,nonlinear,Gaussian-FR,Wasserstein,15.622897763910052
9,50,2,100,nonlinear,NPT-FR,Wasserstein,13.290843450714274
9,50,2,100,nonlinear,Marginal-FR,Wasserstein,18.462485345459253
9,50,2,100,nonlinear,Gaussian-FR,Wasserstein,16.550738494867176
10,50,2,100,nonlinear,NPT-FR,Wasserstein,12.532124961992569
10,50,2,100,nonlinear,Marginal-FR,Wasserstein,17.68273191071008
10,50,2,100,nonlinear,Gaussian-FR,Wasserstein,16.292612595225282
11,50,2,100,nonlinear,NPT-FR,Wasserstein,12.938402379106035
11,50,2,100,nonlinear,Marginal-FR,Wasserstein,18.148050896555105
11,50,2,100,nonlinear,Gaussian-FR,Wasserstein,16.656790635275296
12,50,2,100,nonlinear,NPT-FR,Wasserstein,13.266650003384687
12,50,2,100,nonlinear,Marginal-FR,Wasserstein,18.64283138960229
12,50,2,100,nonlinear,Gaussian-FR,Wasserstein,17.34477213833208
13,50,2,100,nonlinear,NPT-FR,Wasserstein,12.159887517860774
13,50,2,100,nonlinear,Marginal-FR,Wasserstein,17.6495068424154
13,50,2,100,nonlinear,Gaussian-FR,Wasserstein,15.908018965916668
14,50,2,100,nonlinear,NPT-FR,Wasserstein,13.667618839448512
14,50,2,100,nonlinear,Marginal-FR,Wasserstein,18.71174701016258
14,50,2,100,nonlinear,Gaussian-FR,Wasserstein,16.80524425395734
15,50,2,100,nonlinear,NPT-FR,Wasserstein,13.151584491179088
15,50,2,100,nonlinear,Marginal-FR,Wasserstein,17.971733723347853
15,50,2,100,nonlinear,Gaussian-FR,Wasserstein,15.938915832274656
16,50,2,100,nonlinear,NPT-FR,Wasserstein,13.925513797520061
16,50,2,100,nonlinear,Marginal-FR,Wasserstein,18.974268674162513
16,50,2,100,nonlinear,Gaussian-FR,Wasserstein,18.043133344959102
17,50,2,100,nonlinear,NPT-FR,Wasserstein,13.217902075856118
17,50,2,100,nonlinear,Marginal-FR,Wasserstein,18.13592508732366
17,50,2,100,nonlinear,Gaussian-FR,Wasserstein,16.553832224381168
18,50,2,100,nonlinear,NPT-FR,Wasserstein,12.232283276517064
18,50,2,100,nonlinear,Marginal-FR,Wasserstein,16.960719101771367
18,50,2,100,nonlinear,Gaussian-FR,Wasserstein,15.222920594605517
19,50,2,100,nonlinear,NPT-FR,Wasserstein,13.260598021639078
19,50,2,100,nonlinear,Marginal-FR,Wasserstein,18.155969410176088
19,50,2,100,nonlinear,Gaussian-FR,Wasserstein,16.844881372252384
20,50,2,100,nonlinear,NPT-FR,Wasserstein,12.901635046690034
20,50,2,100,nonlinear,Marginal-FR,Wasserstein,18.394540714469827
20,50,2,100,nonlinear,Gaussian-FR,Wasserstein,16.799618327282246
21,50,2,100,nonlinear,NPT-FR,Wasserstein,12.574668353969479
21,50,2,100,nonlinear,Marginal-FR,Wasserstein,18.14701758792379
21,50,2,100,nonlinear,Gaussian-FR,Wasserstein,16.597348411858498
22,50,2,100,nonlinear,NPT-FR,Wasserstein,12.152399914611305
22,50,2,100,nonlinear,Marginal-FR,Wasserstein,17.301293947820522
22,50,2,100,nonlinear,Gaussian-FR,Wasserstein,16.230351867978403
23,50,2,100,nonlinear,NPT-FR,Wasserstein,13.753149244353025
23,50,2,100,nonlinear,Marginal-FR,Wasserstein,19.004806480695773
23,50,2,100,nonlinear,Gaussian-FR,Wasserstein,17.41746565544331
24,50,2,100,nonlinear,NPT-FR,Wasserstein,12.437910610493784
24,50,2,100,nonlinear,Marginal-FR,Wasserstein,17.566830678474176
24,50,2,100,nonlinear,Gaussian-FR,Wasserstein,15.721520081052683
25,50,2,100,nonlinear,NPT-FR,Wasserstein,12.167422554554454
25,50,2,100,nonlinear,Marginal-FR,Wasserstein,17.207905398299445
25,50,2,100,nonlinear,Gaussian-FR,Wasserstein,15.929939778045018
26,50,2,100,nonlinear,NPT-FR,Wasserstein,12.427356867799952
26,50,2,100,nonlinear,Marginal-FR,Wasserstein,18.15273234608899
26,50,2,100,nonlinear,Gaussian-FR,Wasserstein,16.07548400714793
27,50,2,100,nonlinear,NPT-FR,Wasserstein,13.278109705354403
27,50,2,100,nonlinear,Marginal-FR,Wasserstein,18.2878471577605
27,50,2,100,nonlinear,Gaussian-FR,Wasserstein,16.906953381221136
28,50,2,100,nonlinear,NPT-FR,Wasserstein,12.924553066146851
28,50,2,100,nonlinear,Marginal-FR,Wasserstein,17.403410187002528
28,50,2,100,nonlinear,Gaussian-FR,Wasserstein,16.301668664930858
29,50,2,100,nonlinear,NPT-FR,Wasserstein,12.704631473289917
29,50,2,100,nonlinear,Marginal-FR,Wasserstein,17.684158435401965
29,50,2,100,nonlinear,Gaussian-FR,Wasserstein,16.022488537568275
30,50,2,100,nonlinear,NPT-FR,Wasserstein,12.903372372045212
30,50,2,100,nonlinear,Marginal-FR,Wasserstein,18.065848109560896
30,50,2,100,nonlinear,Gaussian-FR,Wasserstein,16.67722749767056
31,50,2,100,nonlinear,NPT-FR,Wasserstein,14.48923939907061
31,50,2,100,nonlinear,Marginal-FR,Wasserstein,19.94640882211828
31,50,2,100,nonlinear,Gaussian-FR,Wasserstein,18.396832051339167
32,50,2,100,nonlinear,NPT-FR,Wasserstein,13.001032553606764
32,50,2,100,nonlinear,Marginal-FR,Wasserstein,17.720179056799367
32,50,2,100,nonlinear,Gaussian-FR,Wasserstein,16.72109672104091
33,50,2,100,nonlinear,NPT-FR,Wasserstein,13.56632874999096
33,50,2,100,nonlinear,Marginal-FR,Wasserstein,18.9893794144922
33,50,2,100,nonlinear,Gaussian-FR,Wasserstein,17.335723155316717
34,50,2,100,nonlinear,NPT-FR,Wasserstein,12.962383432200674
34,50,2,100,nonlinear,Marginal-FR,Wasserstein,18.01360706989504
34,50,2,100,nonlinear,Gaussian-FR,Wasserstein,16.45927805259121
35,50,2,100,nonlinear,NPT-FR,Wasserstein,13.100273516765887
35,50,2,100,nonlinear,Marginal-FR,Wasserstein,18.142480258044223
35,50,2,100,nonlinear,Gaussian-FR,Wasserstein,16.35284163297099
36,50,2,100,nonlinear,NPT-FR,Wasserstein,14.504147602231555
36,50,2,100,nonlinear,Marginal-FR,Wasserstein,19.6345041387848
36,50,2,100,nonlinear,Gaussian-FR,Wasserstein,18.327021801799074
37,50,2,100,nonlinear,NPT-FR,Wasserstein,14.174365352631652
37,50,2,100,nonlinear,Marginal-FR,Wasserstein,19.59665744488152
37,50,2,100,nonlinear,Gaussian-FR,Wasserstein,17.703711459220983
38,50,2,100,nonlinear,NPT-FR,Wasserstein,13.340272244328986
38,50,2,100,nonlinear,Marginal-FR,Wasserstein,18.3276868696202
38,50,2,100,nonlinear,Gaussian-FR,Wasserstein,16.81591521077478
39,50,2,100,nonlinear,NPT-FR,Wasserstein,13.028836925867287
39,50,2,100,nonlinear,Marginal-FR,Wasserstein,18.542056582473858
39,50,2,100,nonlinear,Gaussian-FR,Wasserstein,16.581973738387813
40,50,2,100,nonlinear,NPT-FR,Wasserstein,13.641599666985254
40,50,2,100,nonlinear,Marginal-FR,Wasserstein,18.841484813364993
40,50,2,100,nonlinear,Gaussian-FR,Wasserstein,17.713156472043718
41,50,2,100,nonlinear,NPT-FR,Wasserstein,13.85405051728101
41,50,2,100,nonlinear,Marginal-FR,Wasserstein,19.24812063237951
41,50,2,100,nonlinear,Gaussian-FR,Wasserstein,17.437972040055772
42,50,2,100,nonlinear,NPT-FR,Wasserstein,12.381335382067164
42,50,2,100,nonlinear,Marginal-FR,Wasserstein,17.233749039386442
42,50,2,100,nonlinear,Gaussian-FR,Wasserstein,15.527000692659746
43,50,2,100,nonlinear,NPT-FR,Wasserstein,12.570347165851949
43,50,2,100,nonlinear,Marginal-FR,Wasserstein,17.530411926802067
43,50,2,100,nonlinear,Gaussian-FR,Wasserstein,16.03859036596484
44,50,2,100,nonlinear,NPT-FR,Wasserstein,12.669031713306536
44,50,2,100,nonlinear,Marginal-FR,Wasserstein,17.831179532543416
44,50,2,100,nonlinear,Gaussian-FR,Wasserstein,16.75059951471379
45,50,2,100,nonlinear,NPT-FR,Wasserstein,12.659957263317185
45,50,2,100,nonlinear,Marginal-FR,Wasserstein,18.01611300208517
45,50,2,100,nonlinear,Gaussian-FR,Wasserstein,16.687161886581926
46,50,2,100,nonlinear,NPT-FR,Wasserstein,12.916776247907583
46,50,2,100,nonlinear,Marginal-FR,Wasserstein,18.337603709438984
46,50,2,100,nonlinear,Gaussian-FR,Wasserstein,16.59375410566645
47,50,2,100,nonlinear,NPT-FR,Wasserstein,13.058095068089056
47,50,2,100,nonlinear,Marginal-FR,Wasserstein,17.861197087196185
47,50,2,100,nonlinear,Gaussian-FR,Wasserstein,16.534412194208432
48,50,2,100,nonlinear,NPT-FR,Wasserstein,13.283822592908596
48,50,2,100,nonlinear,Marginal-FR,Wasserstein,18.28826246987118
48,50,2,100,nonlinear,Gaussian-FR,Wasserstein,16.770650356685373
49,50,2,100,nonlinear,NPT-FR,Wasserstein,12.990479130715867
49,50,2,100,nonlinear,Marginal-FR,Wasserstein,18.443531465209205
49,50,2,100,nonlinear,Gaussian-FR,Wasserstein,17.258353795263936
50,50,2,100,nonlinear,NPT-FR,Wasserstein,14.076638722552081
50,50,2,100,nonlinear,Marginal-FR,Wasserstein,18.731222480327876
50,50,2,100,nonlinear,Gaussian-FR,Wasserstein,17.03084636445662
51,50,2,100,nonlinear,NPT-FR,Wasserstein,12.593119975421185
51,50,2,100,nonlinear,Marginal-FR,Wasserstein,17.555638147103195
51,50,2,100,nonlinear,Gaussian-FR,Wasserstein,16.096599711975657
52,50,2,100,nonlinear,NPT-FR,Wasserstein,13.085059643396336
52,50,2,100,nonlinear,Marginal-FR,Wasserstein,17.83932374793003
52,50,2,100,nonlinear,Gaussian-FR,Wasserstein,16.032326633572403
53,50,2,100,nonlinear,NPT-FR,Wasserstein,12.864420005690867
53,50,2,100,nonlinear,Marginal-FR,Wasserstein,17.935982565789942
53,50,2,100,nonlinear,Gaussian-FR,Wasserstein,16.265913290839453
54,50,2,100,nonlinear,NPT-FR,Wasserstein,13.23332768431093
54,50,2,100,nonlinear,Marginal-FR,Wasserstein,18.132139027939512
54,50,2,100,nonlinear,Gaussian-FR,Wasserstein,16.568891920558645
55,50,2,100,nonlinear,NPT-FR,Wasserstein,13.166303713748356
55,50,2,100,nonlinear,Marginal-FR,Wasserstein,18.078571671297677
55,50,2,100,nonlinear,Gaussian-FR,Wasserstein,16.926561828477137
56,50,2,100,nonlinear,NPT-FR,Wasserstein,14.524730553005526
56,50,2,100,nonlinear,Marginal-FR,Wasserstein,19.2576015566627
56,50,2,100,nonlinear,Gaussian-FR,Wasserstein,17.566430217905978
57,50,2,100,nonlinear,NPT-FR,Wasserstein,12.417054833644979
57,50,2,100,nonlinear,Marginal-FR,Wasserstein,17.32337364182744
57,50,2,100,nonlinear,Gaussian-FR,Wasserstein,16.026566668349584
58,50,2,100,nonlinear,NPT-FR,Wasserstein,12.71435460835011
58,50,2,100,nonlinear,Marginal-FR,Wasserstein,17.94317553697106
58,50,2,100,nonlinear,Gaussian-FR,Wasserstein,16.155920893818482
59,50,2,100,nonlinear,NPT-FR,Wasserstein,13.185319260911983
59,50,2,100,nonlinear,Marginal-FR,Wasserstein,18.032848809378425
59,50,2,100,nonlinear,Gaussian-FR,Wasserstein,16.76871982776084
60,50,2,100,nonlinear,NPT-FR,Wasserstein,13.432661389260636
60,50,2,100,nonlinear,Marginal-FR,Wasserstein,18.912292101509507
60,50,2,100,nonlinear,Gaussian-FR,Wasserstein,17.07582481948501
61,50,2,100,nonlinear,NPT-FR,Wasserstein,12.051572211134342
61,50,2,100,nonlinear,Marginal-FR,Wasserstein,17.091903953281385
61,50,2,100,nonlinear,Gaussian-FR,Wasserstein,15.507044288842788
62,50,2,100,nonlinear,NPT-FR,Wasserstein,13.264664378363323
62,50,2,100,nonlinear,Marginal-FR,Wasserstein,18.50790580172397
62,50,2,100,nonlinear,Gaussian-FR,Wasserstein,16.952978770899158
63,50,2,100,nonlinear,NPT-FR,Wasserstein,12.851421822941484
63,50,2,100,nonlinear,Marginal-FR,Wasserstein,18.109776502777983
63,50,2,100,nonlinear,Gaussian-FR,Wasserstein,16.776797098781852
64,50,2,100,nonlinear,NPT-FR,Wasserstein,11.74541430261769
64,50,2,100,nonlinear,Marginal-FR,Wasserstein,16.87066985813047
64,50,2,100,nonlinear,Gaussian-FR,Wasserstein,15.119890011661246
65,50,2,100,nonlinear,NPT-FR,Wasserstein,14.481155674645615
65,50,2,100,nonlinear,Marginal-FR,Wasserstein,20.30638001040413
65,50,2,100,nonlinear,Gaussian-FR,Wasserstein,18.401809872650535
66,50,2,100,nonlinear,NPT-FR,Wasserstein,12.251546270888594
66,50,2,100,nonlinear,Marginal-FR,Wasserstein,17.343194261436636
66,50,2,100,nonlinear,Gaussian-FR,Wasserstein,16.176505772776906
67,50,2,100,nonlinear,NPT-FR,Wasserstein,13.233953967465137
67,50,2,100,nonlinear,Marginal-FR,Wasserstein,18.198630510915407
67,50,2,100,nonlinear,Gaussian-FR,Wasserstein,16.987673968853755
68,50,2,100,nonlinear,NPT-FR,Wasserstein,12.83242628058106
68,50,2,100,nonlinear,Marginal-FR,Wasserstein,18.379510844485544
68,50,2,100,nonlinear,Gaussian-FR,Wasserstein,16.916555527758202
69,50,2,100,nonlinear,NPT-FR,Wasserstein,14.277612390390022
69,50,2,100,nonlinear,Marginal-FR,Wasserstein,19.87251838109673
69,50,2,100,nonlinear,Gaussian-FR,Wasserstein,18.177806086114863
70,50,2,100,nonlinear,NPT-FR,Wasserstein,11.83009866584626
70,50,2,100,nonlinear,Marginal-FR,Wasserstein,16.686649158610066
70,50,2,100,nonlinear,Gaussian-FR,Wasserstein,15.014804549202756
71,50,2,100,nonlinear,NPT-FR,Wasserstein,12.331821625671287
71,50,2,100,nonlinear,Marginal-FR,Wasserstein,17.423964146739344
71,50,2,100,nonlinear,Gaussian-FR,Wasserstein,15.697123893351261
72,50,2,100,nonlinear,NPT-FR,Wasserstein,14.135220254876316
72,50,2,100,nonlinear,Marginal-FR,Wasserstein,19.68610795768992
72,50,2,100,nonlinear,Gaussian-FR,Wasserstein,17.741773874119318
73,50,2,100,nonlinear,NPT-FR,Wasserstein,12.735742369186278
73,50,2,100,nonlinear,Marginal-FR,Wasserstein,17.986339124301498
73,50,2,100,nonlinear,Gaussian-FR,Wasserstein,16.226174359564702
74,50,2,100,nonlinear,NPT-FR,Wasserstein,13.50719403021134
74,50,2,100,nonlinear,Marginal-FR,Wasserstein,18.133112501335393
74,50,2,100,nonlinear,Gaussian-FR,Wasserstein,16.457574409914443
75,50,2,100,nonlinear,NPT-FR,Wasserstein,15.245429090577288
75,50,2,100,nonlinear,Marginal-FR,Wasserstein,20.514019871770707
75,50,2,100,nonlinear,Gaussian-FR,Wasserstein,18.745752687651706
76,50,2,100,nonlinear,NPT-FR,Wasserstein,12.88681696172675
76,50,2,100,nonlinear,Marginal-FR,Wasserstein,18.23782160062331
76,50,2,100,nonlinear,Gaussian-FR,Wasserstein,16.534977318220992
77,50,2,100,nonlinear,NPT-FR,Wasserstein,12.603683872723295
77,50,2,100,nonlinear,Marginal-FR,Wasserstein,17.765584737820394
77,50,2,100,nonlinear,Gaussian-FR,Wasserstein,16.116342401989314
78,50,2,100,nonlinear,NPT-FR,Wasserstein,15.798673790883333
78,50,2,100,nonlinear,Marginal-FR,Wasserstein,21.265368587936255
78,50,2,100,nonlinear,Gaussian-FR,Wasserstein,20.198070661657074
79,50,2,100,nonlinear,NPT-FR,Wasserstein,13.344704039863467
79,50,2,100,nonlinear,Marginal-FR,Wasserstein,18.28836792840236
79,50,2,100,nonlinear,Gaussian-FR,Wasserstein,16.575299570836236
80,50,2,100,nonlinear,NPT-FR,Wasserstein,12.139148421831509
80,50,2,100,nonlinear,Marginal-FR,Wasserstein,17.083512438279016
80,50,2,100,nonlinear,Gaussian-FR,Wasserstein,15.939662263330685
81,50,2,100,nonlinear,NPT-FR,Wasserstein,12.80435229168346
81,50,2,100,nonlinear,Marginal-FR,Wasserstein,17.47358146308808
81,50,2,100,nonlinear,Gaussian-FR,Wasserstein,16.08543543090462
82,50,2,100,nonlinear,NPT-FR,Wasserstein,12.625360759449148
82,50,2,100,nonlinear,Marginal-FR,Wasserstein,17.739673831333274
82,50,2,100,nonlinear,Gaussian-FR,Wasserstein,16.032084377070223
83,50,2,100,nonlinear,NPT-FR,Wasserstein,12.327478432557017
83,50,2,100,nonlinear,Marginal-FR,Wasserstein,17.41003306123762
83,50,2,100,nonlinear,Gaussian-FR,Wasserstein,15.787168013624711
84,50,2,100,nonlinear,NPT-FR,Wasserstein,12.58884609646652
84,50,2,100,nonlinear,Marginal-FR,Wasserstein,17.87626782241658
84,50,2,100,nonlinear,Gaussian-FR,Wasserstein,16.336207743293837
85,50,2,100,nonlinear,NPT-FR,Wasserstein,12.553941981888997
85,50,2,100,nonlinear,Marginal-FR,Wasserstein,17.432389372037054
85,50,2,100,nonlinear,Gaussian-FR,Wasserstein,16.267347625026197
86,50,2,100,nonlinear,NPT-FR,Wasserstein,14.0125741090846
86,50,2,100,nonlinear,Marginal-FR,Wasserstein,19.246345703544176
86,50,2,100,nonlinear,Gaussian-FR,Wasserstein,17.676060463721832
87,50,2,100,nonlinear,NPT-FR,Wasserstein,13.169224069901508
87,50,2,100,nonlinear,Marginal-FR,Wasserstein,18.016377960852374
87,50,2,100,nonlinear,Gaussian-FR,Wasserstein,16.422812758184
88,50,2,100,nonlinear,NPT-FR,Wasserstein,12.653653571971699
88,50,2,100,nonlinear,Marginal-FR,Wasserstein,17.525789751110825
88,50,2,100,nonlinear,Gaussian-FR,Wasserstein,15.910037280223294
89,50,2,100,nonlinear,NPT-FR,Wasserstein,12.218619137370176
89,50,2,100,nonlinear,Marginal-FR,Wasserstein,17.610507408990784
89,50,2,100,nonlinear,Gaussian-FR,Wasserstein,16.07434469119554
90,50,2,100,nonlinear,NPT-FR,Wasserstein,14.188663597476058
90,50,2,100,nonlinear,Marginal-FR,Wasserstein,19.499689052588423
90,50,2,100,nonlinear,Gaussian-FR,Wasserstein,17.784359193544773
91,50,2,100,nonlinear,NPT-FR,Wasserstein,14.548350974930534
91,50,2,100,nonlinear,Marginal-FR,Wasserstein,19.905806114593315
91,50,2,100,nonlinear,Gaussian-FR,Wasserstein,18.48036300109314
92,50,2,100,nonlinear,NPT-FR,Wasserstein,13.12975608118416
92,50,2,100,nonlinear,Marginal-FR,Wasserstein,18.206093639900953
92,50,2,100,nonlinear,Gaussian-FR,Wasserstein,16.81353591692447
93,50,2,100,nonlinear,NPT-FR,Wasserstein,13.674670505819837
93,50,2,100,nonlinear,Marginal-FR,Wasserstein,18.965026444566416
93,50,2,100,nonlinear,Gaussian-FR,Wasserstein,17.248159560397294
94,50,2,100,nonlinear,NPT-FR,Wasserstein,13.17867487837936
94,50,2,100,nonlinear,Marginal-FR,Wasserstein,17.619060791250142
94,50,2,100,nonlinear,Gaussian-FR,Wasserstein,16.25469614568019
95,50,2,100,nonlinear,NPT-FR,Wasserstein,12.732802155787558
95,50,2,100,nonlinear,Marginal-FR,Wasserstein,17.932915268241906
95,50,2,100,nonlinear,Gaussian-FR,Wasserstein,16.731314551879848
96,50,2,100,nonlinear,NPT-FR,Wasserstein,13.228744994169775
96,50,2,100,nonlinear,Marginal-FR,Wasserstein,17.945013219934015
96,50,2,100,nonlinear,Gaussian-FR,Wasserstein,16.56458171376589
97,50,2,100,nonlinear,NPT-FR,Wasserstein,13.390309174976252
97,50,2,100,nonlinear,Marginal-FR,Wasserstein,18.28850792187332
97,50,2,100,nonlinear,Gaussian-FR,Wasserstein,16.6351696640785
98,50,2,100,nonlinear,NPT-FR,Wasserstein,12.137807519608238
98,50,2,100,nonlinear,Marginal-FR,Wasserstein,17.470386810052194
98,50,2,100,nonlinear,Gaussian-FR,Wasserstein,16.14912879528537
99,50,2,100,nonlinear,NPT-FR,Wasserstein,13.953100065857429
99,50,2,100,nonlinear,Marginal-FR,Wasserstein,19.484795403400174
99,50,2,100,nonlinear,Gaussian-FR,Wasserstein,17.680134821279964
0,50,2,1000,linear,NPT-FR,Wasserstein,13.340612522268975
0,50,2,1000,linear,Marginal-FR,Wasserstein,13.435864233407333
0,50,2,1000,linear,Gaussian-FR,Wasserstein,16.55557049803146
1,50,2,1000,linear,NPT-FR,Wasserstein,11.976849117628882
1,50,2,1000,linear,Marginal-FR,Wasserstein,12.221095730043833
1,50,2,1000,linear,Gaussian-FR,Wasserstein,14.926541839588094
2,50,2,1000,linear,NPT-FR,Wasserstein,12.685938930953874
2,50,2,1000,linear,Marginal-FR,Wasserstein,12.926918284083836
2,50,2,1000,linear,Gaussian-FR,Wasserstein,16.136703127479933
3,50,2,1000,linear,NPT-FR,Wasserstein,12.289026488914743
3,50,2,1000,linear,Marginal-FR,Wasserstein,12.452171298208603
3,50,2,1000,linear,Gaussian-FR,Wasserstein,15.514230865073486
4,50,2,1000,linear,NPT-FR,Wasserstein,12.234557193033956
4,50,2,1000,linear,Marginal-FR,Wasserstein,12.393705539028435
4,50,2,1000,linear,Gaussian-FR,Wasserstein,15.494635039507326
5,50,2,1000,linear,NPT-FR,Wasserstein,12.95758574125805
5,50,2,1000,linear,Marginal-FR,Wasserstein,13.074404594699084
5,50,2,1000,linear,Gaussian-FR,Wasserstein,16.164819892954117
6,50,2,1000,linear,NPT-FR,Wasserstein,12.894980714928876
6,50,2,1000,linear,Marginal-FR,Wasserstein,13.032030259332874
6,50,2,1000,linear,Gaussian-FR,Wasserstein,16.270848436161295
7,50,2,1000,linear,NPT-FR,Wasserstein,12.573509612459047
7,50,2,1000,linear,Marginal-FR,Wasserstein,12.851475117268816
7,50,2,1000,linear,Gaussian-FR,Wasserstein,15.963436598036017
8,50,2,1000,linear,NPT-FR,Wasserstein,13.73320778154719
8,50,2,1000,linear,Marginal-FR,Wasserstein,13.94685851596291
8,50,2,1000,linear,Gaussian-FR,Wasserstein,17.146278517210103
9,50,2,1000,linear,NPT-FR,Wasserstein,13.308898415836275
9,50,2,1000,linear,Marginal-FR,Wasserstein,13.61854172618044
9,50,2,1000,linear,Gaussian-FR,Wasserstein,16.902780214300815
10,50,2,1000,linear,NPT-FR,Wasserstein,13.31988474673526
10,50,2,1000,linear,Marginal-FR,Wasserstein,13.637772594233082
10,50,2,1000,linear,Gaussian-FR,Wasserstein,16.501113842187756
11,50,2,1000,linear,NPT-FR,Wasserstein,14.192790514301807
11,50,2,1000,linear,Marginal-FR,Wasserstein,14.455375193955224
11,50,2,1000,linear,Gaussian-FR,Wasserstein,17.657730400175538
12,50,2,1000,linear,NPT-FR,Wasserstein,13.006416657629416
12,50,2,1000,linear,Marginal-FR,Wasserstein,13.208440199147168
12,50,2,1000,linear,Gaussian-FR,Wasserstein,16.69185677943161
13,50,2,1000,linear,NPT-FR,Wasserstein,12.411355927780702
13,50,2,1000,linear,Marginal-FR,Wasserstein,12.753302063464615
13,50,2,1000,linear,Gaussian-FR,Wasserstein,15.86548844551823
14,50,2,1000,linear,NPT-FR,Wasserstein,12.906056395057478
14,50,2,1000,linear,Marginal-FR,Wasserstein,13.068591865837725
14,50,2,1000,linear,Gaussian-FR,Wasserstein,16.43284458432538
15,50,2,1000,linear,NPT-FR,Wasserstein,13.07061371453831
15,50,2,1000,linear,Marginal-FR,Wasserstein,13.351607996290946
15,50,2,1000,linear,Gaussian-FR,Wasserstein,16.39069161933914
16,50,2,1000,linear,NPT-FR,Wasserstein,13.128280172729479
16,50,2,1000,linear,Marginal-FR,Wasserstein,13.44347204628548
16,50,2,1000,linear,Gaussian-FR,Wasserstein,16.871047610258167
17,50,2,1000,linear,NPT-FR,Wasserstein,12.599449561901746
17,50,2,1000,linear,Marginal-FR,Wasserstein,12.786561187954161
17,50,2,1000,linear,Gaussian-FR,Wasserstein,15.93913380095569
18,50,2,1000,linear,NPT-FR,Wasserstein,13.141423199344327
18,50,2,1000,linear,Marginal-FR,Wasserstein,13.423318662929043
18,50,2,1000,linear,Gaussian-FR,Wasserstein,16.62744066148373
19,50,2,1000,linear,NPT-FR,Wasserstein,13.378727356316723
19,50,2,1000,linear,Marginal-FR,Wasserstein,13.576033836449708
19,50,2,1000,linear,Gaussian-FR,Wasserstein,16.42796932510151
20,50,2,1000,linear,NPT-FR,Wasserstein,12.878581940473653
20,50,2,1000,linear,Marginal-FR,Wasserstein,13.082337146788692
20,50,2,1000,linear,Gaussian-FR,Wasserstein,16.501006950931878
21,50,2,1000,linear,NPT-FR,Wasserstein,13.34339922309416
21,50,2,1000,linear,Marginal-FR,Wasserstein,13.559156166712432
21,50,2,1000,linear,Gaussian-FR,Wasserstein,16.816437849892527
22,50,2,1000,linear,NPT-FR,Wasserstein,13.729261988237655
22,50,2,1000,linear,Marginal-FR,Wasserstein,13.99600651923499
22,50,2,1000,linear,Gaussian-FR,Wasserstein,17.42066405680913
23,50,2,1000,linear,NPT-FR,Wasserstein,12.825137539833948
23,50,2,1000,linear,Marginal-FR,Wasserstein,13.10444753444344
23,50,2,1000,linear,Gaussian-FR,Wasserstein,16.223707222116428
24,50,2,1000,linear,NPT-FR,Wasserstein,12.201958178896845
24,50,2,1000,linear,Marginal-FR,Wasserstein,12.416975469838905
24,50,2,1000,linear,Gaussian-FR,Wasserstein,15.58747540439503
25,50,2,1000,linear,NPT-FR,Wasserstein,12.731598381599044
25,50,2,1000,linear,Marginal-FR,Wasserstein,13.019119846244376
25,50,2,1000,linear,Gaussian-FR,Wasserstein,16.361335717314077
26,50,2,1000,linear,NPT-FR,Wasserstein,13.030449572353275
26,50,2,1000,linear,Marginal-FR,Wasserstein,13.248177125312036
26,50,2,1000,linear,Gaussian-FR,Wasserstein,16.292274962102915
27,50,2,1000,linear,NPT-FR,Wasserstein,12.827912414600817
27,50,2,1000,linear,Marginal-FR,Wasserstein,12.977475749875051
27,50,2,1000,linear,Gaussian-FR,Wasserstein,16.165586321431437
28,50,2,1000,linear,NPT-FR,Wasserstein,13.708338913374897
28,50,2,1000,linear,Marginal-FR,Wasserstein,13.961617528592525
28,50,2,1000,linear,Gaussian-FR,Wasserstein,17.01752886743122
29,50,2,1000,linear,NPT-FR,Wasserstein,13.049142740704374
29,50,2,1000,linear,Marginal-FR,Wasserstein,13.29074912471891
29,50,2,1000,linear,Gaussian-FR,Wasserstein,16.197783040822237
30,50,2,1000,linear,NPT-FR,Wasserstein,13.740972881648426
30,50,2,1000,linear,Marginal-FR,Wasserstein,13.926340598839879
30,50,2,1000,linear,Gaussian-FR,Wasserstein,17.319415168629806
31,50,2,1000,linear,NPT-FR,Wasserstein,13.26127564680128
31,50,2,1000,linear,Marginal-FR,Wasserstein,13.615460897841498
31,50,2,1000,linear,Gaussian-FR,Wasserstein,16.885796893340085
32,50,2,1000,linear,NPT-FR,Wasserstein,13.786552154925223
32,50,2,1000,linear,Marginal-FR,Wasserstein,13.95246086118315
32,50,2,1000,linear,Gaussian-FR,Wasserstein,17.200273250363743
33,50,2,1000,linear,NPT-FR,Wasserstein,12.618013710084863
33,50,2,1000,linear,Marginal-FR,Wasserstein,12.824484207273628
33,50,2,1000,linear,Gaussian-FR,Wasserstein,16.098804071776225
34,50,2,1000,linear,NPT-FR,Wasserstein,12.757785673026719
34,50,2,1000,linear,Marginal-FR,Wasserstein,12.95743354337181
34,50,2,1000,linear,Gaussian-FR,Wasserstein,16.328420105558106
35,50,2,1000,linear,NPT-FR,Wasserstein,13.095776484343785
35,50,2,1000,linear,Marginal-FR,Wasserstein,13.306655159973383
35,50,2,1000,linear,Gaussian-FR,Wasserstein,16.511796849639218
36,50,2,1000,linear,NPT-FR,Wasserstein,12.649158602340906
36,50,2,1000,linear,Marginal-FR,Wasserstein,12.89536637711214
36,50,2,1000,linear,Gaussian-FR,Wasserstein,15.871342753693764
37,50,2,1000,linear,NPT-FR,Wasserstein,13.244638080017287
37,50,2,1000,linear,Marginal-FR,Wasserstein,13.481379736651714
37,50,2,1000,linear,Gaussian-FR,Wasserstein,16.654612497385326
38,50,2,1000,linear,NPT-FR,Wasserstein,11.821048170540449
38,50,2,1000,linear,Marginal-FR,Wasserstein,12.055999718016924
38,50,2,1000,linear,Gaussian-FR,Wasserstein,15.282697038595638
39,50,2,1000,linear,NPT-FR,Wasserstein,13.375439145112862
39,50,2,1000,linear,Marginal-FR,Wasserstein,13.559591535203639
39,50,2,1000,linear,Gaussian-FR,Wasserstein,16.417560126371924
40,50,2,1000,linear,NPT-FR,Wasserstein,14.371267817839634
40,50,2,1000,linear,Marginal-FR,Wasserstein,14.625789332202405
40,50,2,1000,linear,Gaussian-FR,Wasserstein,17.456723385276497
41,50,2,1000,linear,NPT-FR,Wasserstein,11.534860587553723
41,50,2,1000,linear,Marginal-FR,Wasserstein,11.724629507010329
41,50,2,1000,linear,Gaussian-FR,Wasserstein,14.564072406064167
42,50,2,1000,linear,NPT-FR,Wasserstein,12.674380344527295
42,50,2,1000,linear,Marginal-FR,Wasserstein,12.871495974007756
42,50,2,1000,linear,Gaussian-FR,Wasserstein,15.968363860951293
43,50,2,1000,linear,NPT-FR,Wasserstein,12.460583408939275
43,50,2,1000,linear,Marginal-FR,Wasserstein,12.596743185574157
43,50,2,1000,linear,Gaussian-FR,Wasserstein,15.641121427862162
44,50,2,1000,linear,NPT-FR,Wasserstein,13.225369879456744
44,50,2,1000,linear,Marginal-FR,Wasserstein,13.382325700517237
44,50,2,1000,linear,Gaussian-FR,Wasserstein,16.37008213542898
45,50,2,1000,linear,NPT-FR,Wasserstein,13.140074022775757
45,50,2,1000,linear,Marginal-FR,Wasserstein,13.353482248798048
45,50,2,1000,linear,Gaussian-FR,Wasserstein,16.39219858437564
46,50,2,1000,linear,NPT-FR,Wasserstein,12.283945779438913
46,50,2,1000,linear,Marginal-FR,Wasserstein,12.507910517121346
46,50,2,1000,linear,Gaussian-FR,Wasserstein,15.631361515847141
47,50,2,1000,linear,NPT-FR,Wasserstein,12.532083262484832
47,50,2,1000,linear,Marginal-FR,Wasserstein,12.686493758647575
47,50,2,1000,linear,Gaussian-FR,Wasserstein,16.125487513403286
48,50,2,1000,linear,NPT-FR,Wasserstein,12.502333811142206
48,50,2,1000,linear,Marginal-FR,Wasserstein,12.743543685474629
48,50,2,1000,linear,Gaussian-FR,Wasserstein,15.521529709747606
49,50,2,1000,linear,NPT-FR,Wasserstein,13.407809085008779
49,50,2,1000,linear,Marginal-FR,Wasserstein,13.616419658938405
49,50,2,1000,linear,Gaussian-FR,Wasserstein,16.86263463069572
50,50,2,1000,linear,NPT-FR,Wasserstein,12.123122320458922
50,50,2,1000,linear,Marginal-FR,Wasserstein,12.380628672084896
50,50,2,1000,linear,Gaussian-FR,Wasserstein,15.617131475775764
51,50,2,1000,linear,NPT-FR,Wasserstein,14.291039702161868
51,50,2,1000,linear,Marginal-FR,Wasserstein,14.42807481129163
51,50,2,1000,linear,Gaussian-FR,Wasserstein,17.823680799543528
52,50,2,1000,linear,NPT-FR,Wasserstein,13.614408365851297
52,50,2,1000,linear,Marginal-FR,Wasserstein,13.806491247603107
52,50,2,1000,linear,Gaussian-FR,Wasserstein,17.240618133473554
53,50,2,1000,linear,NPT-FR,Wasserstein,13.170121321054081
53,50,2,1000,linear,Marginal-FR,Wasserstein,13.324588211204409
53,50,2,1000,linear,Gaussian-FR,Wasserstein,16.612820190579665
54,50,2,1000,linear,NPT-FR,Wasserstein,12.965227022600525
54,50,2,1000,linear,Marginal-FR,Wasserstein,13.163924799806049
54,50,2,1000,linear,Gaussian-FR,Wasserstein,16.685005715530345
55,50,2,1000,linear,NPT-FR,Wasserstein,12.82071752594338
55,50,2,1000,linear,Marginal-FR,Wasserstein,13.019162735810704
55,50,2,1000,linear,Gaussian-FR,Wasserstein,16.445410745334062
56,50,2,1000,linear,NPT-FR,Wasserstein,13.552626499231806
56,50,2,1000,linear,Marginal-FR,Wasserstein,13.803429489075661
56,50,2,1000,linear,Gaussian-FR,Wasserstein,16.63085354465439
57,50,2,1000,linear,NPT-FR,Wasserstein,12.924111516658071
57,50,2,1000,linear,Marginal-FR,Wasserstein,13.134918594114927
57,50,2,1000,linear,Gaussian-FR,Wasserstein,16.519559151235807
58,50,2,1000,linear,NPT-FR,Wasserstein,12.14071162242418
58,50,2,1000,linear,Marginal-FR,Wasserstein,12.38424309913225
58,50,2,1000,linear,Gaussian-FR,Wasserstein,15.46298806575664
59,50,2,1000,linear,NPT-FR,Wasserstein,12.206081679560794
59,50,2,1000,linear,Marginal-FR,Wasserstein,12.507011998399898
59,50,2,1000,linear,Gaussian-FR,Wasserstein,15.63000570710911
60,50,2,1000,linear,NPT-FR,Wasserstein,12.819881627477603
60,50,2,1000,linear,Marginal-FR,Wasserstein,12.969689714241566
60,50,2,1000,linear,Gaussian-FR,Wasserstein,16.474604899806252
61,50,2,1000,linear,NPT-FR,Wasserstein,13.147512165564079
61,50,2,1000,linear,Marginal-FR,Wasserstein,13.382937763794372
61,50,2,1000,linear,Gaussian-FR,Wasserstein,16.387808386141664
62,50,2,1000,linear,NPT-FR,Wasserstein,13.56102176066346
62,50,2,1000,linear,Marginal-FR,Wasserstein,13.781384231057457
62,50,2,1000,linear,Gaussian-FR,Wasserstein,16.80791527067281
63,50,2,1000,linear,NPT-FR,Wasserstein,12.339408419773529
63,50,2,1000,linear,Marginal-FR,Wasserstein,12.524886986034033
63,50,2,1000,linear,Gaussian-FR,Wasserstein,15.607314183367421
64,50,2,1000,linear,NPT-FR,Wasserstein,12.773047771805942
64,50,2,1000,linear,Marginal-FR,Wasserstein,12.949594640669932
64,50,2,1000,linear,Gaussian-FR,Wasserstein,16.107764310605198
65,50,2,1000,linear,NPT-FR,Wasserstein,11.66520535162877
65,50,2,1000,linear,Marginal-FR,Wasserstein,11.793152444662981
65,50,2,1000,linear,Gaussian-FR,Wasserstein,14.995545092261043
66,50,2,1000,linear,NPT-FR,Wasserstein,12.48267536539853
66,50,2,1000,linear,Marginal-FR,Wasserstein,12.676962519975504
66,50,2,1000,linear,Gaussian-FR,Wasserstein,15.819473561578347
67,50,2,1000,linear,NPT-FR,Wasserstein,13.55079240661381
67,50,2,1000,linear,Marginal-FR,Wasserstein,13.813551259444568
67,50,2,1000,linear,Gaussian-FR,Wasserstein,17.23413119079305
68,50,2,1000,linear,NPT-FR,Wasserstein,12.123089153776872
68,50,2,1000,linear,Marginal-FR,Wasserstein,12.319729991187442
68,50,2,1000,linear,Gaussian-FR,Wasserstein,15.422293450667457
69,50,2,1000,linear,NPT-FR,Wasserstein,13.682094545461753
69,50,2,1000,linear,Marginal-FR,Wasserstein,14.04349830196789
69,50,2,1000,linear,Gaussian-FR,Wasserstein,17.249836565115853
70,50,2,1000,linear,NPT-FR,Wasserstein,12.512074637357939
70,50,2,1000,linear,Marginal-FR,Wasserstein,12.770817648344014
70,50,2,1000,linear,Gaussian-FR,Wasserstein,16.005901440265397
71,50,2,1000,linear,NPT-FR,Wasserstein,13.361431193263968
71,50,2,1000,linear,Marginal-FR,Wasserstein,13.57515277616296
71,50,2,1000,linear,Gaussian-FR,Wasserstein,16.701580982869796
72,50,2,1000,linear,NPT-FR,Wasserstein,13.993880305381072
72,50,2,1000,linear,Marginal-FR,Wasserstein,14.212653490158477
72,50,2,1000,linear,Gaussian-FR,Wasserstein,17.595514724165767
73,50,2,1000,linear,NPT-FR,Wasserstein,12.472560296149622
73,50,2,1000,linear,Marginal-FR,Wasserstein,12.71119971747842
73,50,2,1000,linear,Gaussian-FR,Wasserstein,15.819776109828286
74,50,2,1000,linear,NPT-FR,Wasserstein,13.192477694306602
74,50,2,1000,linear,Marginal-FR,Wasserstein,13.367084344815707
74,50,2,1000,linear,Gaussian-FR,Wasserstein,16.273844358124833
75,50,2,1000,linear,NPT-FR,Wasserstein,13.732315048066498
75,50,2,1000,linear,Marginal-FR,Wasserstein,14.024315974252065
75,50,2,1000,linear,Gaussian-FR,Wasserstein,16.8874264623274
76,50,2,1000,linear,NPT-FR,Wasserstein,11.587315351980076
76,50,2,1000,linear,Marginal-FR,Wasserstein,11.791611133723022
76,50,2,1000,linear,Gaussian-FR,Wasserstein,14.773515382405614
77,50,2,1000,linear,NPT-FR,Wasserstein,13.352514617392877
77,50,2,1000,linear,Marginal-FR,Wasserstein,13.607254202492099
77,50,2,1000,linear,Gaussian-FR,Wasserstein,16.755696073192368
78,50,2,1000,linear,NPT-FR,Wasserstein,12.929088373837235
78,50,2,1000,linear,Marginal-FR,Wasserstein,12.956150489484182
78,50,2,1000,linear,Gaussian-FR,Wasserstein,16.179577809086013
79,50,2,1000,linear,NPT-FR,Wasserstein,14.045395735684556
79,50,2,1000,linear,Marginal-FR,Wasserstein,14.273091713267027
79,50,2,1000,linear,Gaussian-FR,Wasserstein,17.393580944684846
80,50,2,1000,linear,NPT-FR,Wasserstein,12.550047045699955
80,50,2,1000,linear,Marginal-FR,Wasserstein,12.775865395954947
80,50,2,1000,linear,Gaussian-FR,Wasserstein,15.667245568122853
81,50,2,1000,linear,NPT-FR,Wasserstein,12.732409634574838
81,50,2,1000,linear,Marginal-FR,Wasserstein,12.969961455212271
81,50,2,1000,linear,Gaussian-FR,Wasserstein,16.06094491244319
82,50,2,1000,linear,NPT-FR,Wasserstein,14.125120674368002
82,50,2,1000,linear,Marginal-FR,Wasserstein,14.337846958024183
82,50,2,1000,linear,Gaussian-FR,Wasserstein,17.43351000655761
83,50,2,1000,linear,NPT-FR,Wasserstein,13.162653745928175
83,50,2,1000,linear,Marginal-FR,Wasserstein,13.333275379898067
83,50,2,1000,linear,Gaussian-FR,Wasserstein,16.611498643327568
84,50,2,1000,linear,NPT-FR,Wasserstein,12.15513646178849
84,50,2,1000,linear,Marginal-FR,Wasserstein,12.409574291590278
84,50,2,1000,linear,Gaussian-FR,Wasserstein,15.486048320586066
85,50,2,1000,linear,NPT-FR,Wasserstein,12.25747126030042
85,50,2,1000,linear,Marginal-FR,Wasserstein,12.47097879771971
85,50,2,1000,linear,Gaussian-FR,Wasserstein,15.54469810362516
86,50,2,1000,linear,NPT-FR,Wasserstein,12.690154665146412
86,50,2,1000,linear,Marginal-FR,Wasserstein,12.920771633272812
86,50,2,1000,linear,Gaussian-FR,Wasserstein,15.946690614090237
87,50,2,1000,linear,NPT-FR,Wasserstein,14.25721125617934
87,50,2,1000,linear,Marginal-FR,Wasserstein,14.405518945209495
87,50,2,1000,linear,Gaussian-FR,Wasserstein,17.425589579103114
88,50,2,1000,linear,NPT-FR,Wasserstein,12.958780382046207
88,50,2,1000,linear,Marginal-FR,Wasserstein,13.198034752242682
88,50,2,1000,linear,Gaussian-FR,Wasserstein,16.394149060128
89,50,2,1000,linear,NPT-FR,Wasserstein,12.845575103725578
89,50,2,1000,linear,Marginal-FR,Wasserstein,13.045958573558604
89,50,2,1000,linear,Gaussian-FR,Wasserstein,16.059346883760966
90,50,2,1000,linear,NPT-FR,Wasserstein,12.677749693496823
90,50,2,1000,linear,Marginal-FR,Wasserstein,12.937699634650794
90,50,2,1000,linear,Gaussian-FR,Wasserstein,16.368037951740828
91,50,2,1000,linear,NPT-FR,Wasserstein,13.131534794387633
91,50,2,1000,linear,Marginal-FR,Wasserstein,13.364142762894726
91,50,2,1000,linear,Gaussian-FR,Wasserstein,16.18125821896434
92,50,2,1000,linear,NPT-FR,Wasserstein,12.991781805418775
92,50,2,1000,linear,Marginal-FR,Wasserstein,13.216380781193934
92,50,2,1000,linear,Gaussian-FR,Wasserstein,16.23798932730208
93,50,2,1000,linear,NPT-FR,Wasserstein,12.005034843451105
93,50,2,1000,linear,Marginal-FR,Wasserstein,12.283820920247535
93,50,2,1000,linear,Gaussian-FR,Wasserstein,15.361386705742579
94,50,2,1000,linear,NPT-FR,Wasserstein,12.666427284610181
94,50,2,1000,linear,Marginal-FR,Wasserstein,12.93369186066684
94,50,2,1000,linear,Gaussian-FR,Wasserstein,15.968501169537594
95,50,2,1000,linear,NPT-FR,Wasserstein,12.955549145635919
95,50,2,1000,linear,Marginal-FR,Wasserstein,13.137610698983037
95,50,2,1000,linear,Gaussian-FR,Wasserstein,16.026923306495643
96,50,2,1000,linear,NPT-FR,Wasserstein,12.24968334348357
96,50,2,1000,linear,Marginal-FR,Wasserstein,12.542157964734324
96,50,2,1000,linear,Gaussian-FR,Wasserstein,15.658771924202592
97,50,2,1000,linear,NPT-FR,Wasserstein,13.23527892446451
97,50,2,1000,linear,Marginal-FR,Wasserstein,13.407566315909774
97,50,2,1000,linear,Gaussian-FR,Wasserstein,16.3675002887382
98,50,2,1000,linear,NPT-FR,Wasserstein,13.405306614707923
98,50,2,1000,linear,Marginal-FR,Wasserstein,13.606223023108928
98,50,2,1000,linear,Gaussian-FR,Wasserstein,16.674459725847512
99,50,2,1000,linear,NPT-FR,Wasserstein,14.71367247011123
99,50,2,1000,linear,Marginal-FR,Wasserstein,15.042526826379403
99,50,2,1000,linear,Gaussian-FR,Wasserstein,18.06617752299637
0,50,2,1000,nonlinear,NPT-FR,Wasserstein,11.437027652522612
0,50,2,1000,nonlinear,Marginal-FR,Wasserstein,16.693010305697833
0,50,2,1000,nonlinear,Gaussian-FR,Wasserstein,15.033626827248176
1,50,2,1000,nonlinear,NPT-FR,Wasserstein,11.122222990288527
1,50,2,1000,nonlinear,Marginal-FR,Wasserstein,16.15825924940219
1,50,2,1000,nonlinear,Gaussian-FR,Wasserstein,14.692164466255864
2,50,2,1000,nonlinear,NPT-FR,Wasserstein,12.435109320164347
2,50,2,1000,nonlinear,Marginal-FR,Wasserstein,18.036327009398065
2,50,2,1000,nonlinear,Gaussian-FR,Wasserstein,16.191812137950915
3,50,2,1000,nonlinear,NPT-FR,Wasserstein,13.428021045497426
3,50,2,1000,nonlinear,Marginal-FR,Wasserstein,18.634805703172834
3,50,2,1000,nonlinear,Gaussian-FR,Wasserstein,17.255362666757247
4,50,2,1000,nonlinear,NPT-FR,Wasserstein,12.742914367246033
4,50,2,1000,nonlinear,Marginal-FR,Wasserstein,17.755368254135902
4,50,2,1000,nonlinear,Gaussian-FR,Wasserstein,16.492639442934262
5,50,2,1000,nonlinear,NPT-FR,Wasserstein,12.094452072192931
5,50,2,1000,nonlinear,Marginal-FR,Wasserstein,17.28425784492746
5,50,2,1000,nonlinear,Gaussian-FR,Wasserstein,15.624736604545266
6,50,2,1000,nonlinear,NPT-FR,Wasserstein,12.88795886032002
6,50,2,1000,nonlinear,Marginal-FR,Wasserstein,18.181715380742776
6,50,2,1000,nonlinear,Gaussian-FR,Wasserstein,16.72940727764905
7,50,2,1000,nonlinear,NPT-FR,Wasserstein,13.316903062769127
7,50,2,1000,nonlinear,Marginal-FR,Wasserstein,18.647430107919476
7,50,2,1000,nonlinear,Gaussian-FR,Wasserstein,17.052570086610192
8,50,2,1000,nonlinear,NPT-FR,Wasserstein,13.483830246035907
8,50,2,1000,nonlinear,Marginal-FR,Wasserstein,19.039748613468873
8,50,2,1000,nonlinear,Gaussian-FR,Wasserstein,17.49371312902132
9,50,2,1000,nonlinear,NPT-FR,Wasserstein,12.612783092528208
9,50,2,1000,nonlinear,Marginal-FR,Wasserstein,18.121730906473438
9,50,2,1000,nonlinear,Gaussian-FR,Wasserstein,16.534780497111207
10,50,2,1000,nonlinear,NPT-FR,Wasserstein,12.71102805726675
10,50,2,1000,nonlinear,Marginal-FR,Wasserstein,18.220423807159204
10,50,2,1000,nonlinear,Gaussian-FR,Wasserstein,16.483482689574238
11,50,2,1000,nonlinear,NPT-FR,Wasserstein,11.962841613314653
11,50,2,1000,nonlinear,Marginal-FR,Wasserstein,17.12220459335988
11,50,2,1000,nonlinear,Gaussian-FR,Wasserstein,15.710743622076231
12,50,2,1000,nonlinear,NPT-FR,Wasserstein,14.499346391189805
12,50,2,1000,nonlinear,Marginal-FR,Wasserstein,19.9205456872672
12,50,2,1000,nonlinear,Gaussian-FR,Wasserstein,18.349918007201385
13,50,2,1000,nonlinear,NPT-FR,Wasserstein,13.370024571194657
13,50,2,1000,nonlinear,Marginal-FR,Wasserstein,18.90998919986455
13,50,2,1000,nonlinear,Gaussian-FR,Wasserstein,17.05176753998478
14,50,2,1000,nonlinear,NPT-FR,Wasserstein,13.474876539412117
14,50,2,1000,nonlinear,Marginal-FR,Wasserstein,18.519052767670495
14,50,2,1000,nonlinear,Gaussian-FR,Wasserstein,16.81150800605466
15,50,2,1000,nonlinear,NPT-FR,Wasserstein,13.706166060451233
15,50,2,1000,nonlinear,Marginal-FR,Wasserstein,18.762584392430476
15,50,2,1000,nonlinear,Gaussian-FR,Wasserstein,17.53434272734904
16,50,2,1000,nonlinear,NPT-FR,Wasserstein,11.032280542743996
16,50,2,1000,nonlinear,Marginal-FR,Wasserstein,16.78150591140229
16,50,2,1000,nonlinear,Gaussian-FR,Wasserstein,14.881126814465661
17,50,2,1000,nonlinear,NPT-FR,Wasserstein,14.55090949156581
17,50,2,1000,nonlinear,Marginal-FR,Wasserstein,19.480413700038984
17,50,2,1000,nonlinear,Gaussian-FR,Wasserstein,18.048557801604108
18,50,2,1000,nonlinear,NPT-FR,Wasserstein,12.613994746732034
18,50,2,1000,nonlinear,Marginal-FR,Wasserstein,18.486683921411
18,50,2,1000,nonlinear,Gaussian-FR,Wasserstein,16.781630547313053
19,50,2,1000,nonlinear,NPT-FR,Wasserstein,12.774826361113703
19,50,2,1000,nonlinear,Marginal-FR,Wasserstein,18.030216832368065
19,50,2,1000,nonlinear,Gaussian-FR,Wasserstein,16.183611812844433
20,50,2,1000,nonlinear,NPT-FR,Wasserstein,12.871090035252571
20,50,2,1000,nonlinear,Marginal-FR,Wasserstein,18.4036177171177
20,50,2,1000,nonlinear,Gaussian-FR,Wasserstein,16.84650080033904
21,50,2,1000,nonlinear,NPT-FR,Wasserstein,13.164230771669146
21,50,2,1000,nonlinear,Marginal-FR,Wasserstein,18.587953615653138
21,50,2,1000,nonlinear,Gaussian-FR,Wasserstein,17.406611604455065
22,50,2,1000,nonlinear,NPT-FR,Wasserstein,13.092402569631265
22,50,2,1000,nonlinear,Marginal-FR,Wasserstein,18.0737819144937
22,50,2,1000,nonlinear,Gaussian-FR,Wasserstein,16.8124561068117
23,50,2,1000,nonlinear,NPT-FR,Wasserstein,13.261859879180214
23,50,2,1000,nonlinear,Marginal-FR,Wasserstein,17.982628400341383
23,50,2,1000,nonlinear,Gaussian-FR,Wasserstein,16.99747557625183
24,50,2,1000,nonlinear,NPT-FR,Wasserstein,13.379958351434059
24,50,2,1000,nonlinear,Marginal-FR,Wasserstein,19.054467363297633
24,50,2,1000,nonlinear,Gaussian-FR,Wasserstein,17.142540873792175
25,50,2,1000,nonlinear,NPT-FR,Wasserstein,11.881339070270121
25,50,2,1000,nonlinear,Marginal-FR,Wasserstein,17.187397425466852
25,50,2,1000,nonlinear,Gaussian-FR,Wasserstein,15.660895951661539
26,50,2,1000,nonlinear,NPT-FR,Wasserstein,12.83791713725567
26,50,2,1000,nonlinear,Marginal-FR,Wasserstein,18.258168422964506
26,50,2,1000,nonlinear,Gaussian-FR,Wasserstein,16.61545266076949
27,50,2,1000,nonlinear,NPT-FR,Wasserstein,13.731414167246864
27,50,2,1000,nonlinear,Marginal-FR,Wasserstein,19.40940493422364
27,50,2,1000,nonlinear,Gaussian-FR,Wasserstein,17.77804591782772
28,50,2,1000,nonlinear,NPT-FR,Wasserstein,13.057524259273196
28,50,2,1000,nonlinear,Marginal-FR,Wasserstein,18.374676259038466
28,50,2,1000,nonlinear,Gaussian-FR,Wasserstein,16.84485964559582
29,50,2,1000,nonlinear,NPT-FR,Wasserstein,13.43420716608704
29,50,2,1000,nonlinear,Marginal-FR,Wasserstein,18.777107890112628
29,50,2,1000,nonlinear,Gaussian-FR,Wasserstein,17.138119147445426
30,50,2,1000,nonlinear,NPT-FR,Wasserstein,13.254702170738556
30,50,2,1000,nonlinear,Marginal-FR,Wasserstein,18.59215074791888
30,50,2,1000,nonlinear,Gaussian-FR,Wasserstein,17.029286243679685
31,50,2,1000,nonlinear,NPT-FR,Wasserstein,13.598569628291667
31,50,2,1000,nonlinear,Marginal-FR,Wasserstein,18.655521245700168
31,50,2,1000,nonlinear,Gaussian-FR,Wasserstein,17.48839212184345
32,50,2,1000,nonlinear,NPT-FR,Wasserstein,12.866441187075772
32,50,2,1000,nonlinear,Marginal-FR,Wasserstein,17.85570166082114
32,50,2,1000,nonlinear,Gaussian-FR,Wasserstein,16.588071132533173
33,50,2,1000,nonlinear,NPT-FR,Wasserstein,12.369513881408981
33,50,2,1000,nonlinear,Marginal-FR,Wasserstein,17.461961614570875
33,50,2,1000,nonlinear,Gaussian-FR,Wasserstein,16.144345833952784
34,50,2,1000,nonlinear,NPT-FR,Wasserstein,12.718809458874244
34,50,2,1000,nonlinear,Marginal-FR,Wasserstein,17.98914444187675
34,50,2,1000,nonlinear,Gaussian-FR,Wasserstein,16.365456861791213
35,50,2,1000,nonlinear,NPT-FR,Wasserstein,12.55413492206208
35,50,2,1000,nonlinear,Marginal-FR,Wasserstein,17.921014003061426
35,50,2,1000,nonlinear,Gaussian-FR,Wasserstein,16.462324590529445
36,50,2,1000,nonlinear,NPT-FR,Wasserstein,13.07689591613286
36,50,2,1000,nonlinear,Marginal-FR,Wasserstein,17.948009804040172
36,50,2,1000,nonlinear,Gaussian-FR,Wasserstein,16.5091741155222
37,50,2,1000,nonlinear,NPT-FR,Wasserstein,12.04444815242022
37,50,2,1000,nonlinear,Marginal-FR,Wasserstein,17.369816251337593
37,50,2,1000,nonlinear,Gaussian-FR,Wasserstein,15.799062826000783
38,50,2,1000,nonlinear,NPT-FR,Wasserstein,12.689996041229577
38,50,2,1000,nonlinear,Marginal-FR,Wasserstein,18.00469145485296
38,50,2,1000,nonlinear,Gaussian-FR,Wasserstein,16.289898578432595
39,50,2,1000,nonlinear,NPT-FR,Wasserstein,12.507963187413361
39,50,2,1000,nonlinear,Marginal-FR,Wasserstein,18.0227752659559
39,50,2,1000,nonlinear,Gaussian-FR,Wasserstein,16.477760559549957
40,50,2,1000,nonlinear,NPT-FR,Wasserstein,12.172973256678167
40,50,2,1000,nonlinear,Marginal-FR,Wasserstein,17.830660984619335
40,50,2,1000,nonlinear,Gaussian-FR,Wasserstein,15.888195889143729
41,50,2,1000,nonlinear,NPT-FR,Wasserstein,14.136040371493744
41,50,2,1000,nonlinear,Marginal-FR,Wasserstein,19.549519177791243
41,50,2,1000,nonlinear,Gaussian-FR,Wasserstein,17.814445919145374
42,50,2,1000,nonlinear,NPT-FR,Wasserstein,12.74405222834167
42,50,2,1000,nonlinear,Marginal-FR,Wasserstein,17.786351539432424
42,50,2,1000,nonlinear,Gaussian-FR,Wasserstein,16.319553428541333
43,50,2,1000,nonlinear,NPT-FR,Wasserstein,12.099386297916027
43,50,2,1000,nonlinear,Marginal-FR,Wasserstein,17.46701980842112
43,50,2,1000,nonlinear,Gaussian-FR,Wasserstein,16.099642073091925
44,50,2,1000,nonlinear,NPT-FR,Wasserstein,13.66522265557895
44,50,2,1000,nonlinear,Marginal-FR,Wasserstein,18.722450018520604
44,50,2,1000,nonlinear,Gaussian-FR,Wasserstein,17.35602360515757
45,50,2,1000,nonlinear,NPT-FR,Wasserstein,12.255179328149369
45,50,2,1000,nonlinear,Marginal-FR,Wasserstein,17.53833882466594
45,50,2,1000,nonlinear,Gaussian-FR,Wasserstein,16.177190392610022
46,50,2,1000,nonlinear,NPT-FR,Wasserstein,12.592615776408183
46,50,2,1000,nonlinear,Marginal-FR,Wasserstein,18.03403806570822
46,50,2,1000,nonlinear,Gaussian-FR,Wasserstein,16.436306372612954
47,50,2,1000,nonlinear,NPT-FR,Wasserstein,12.861032871853384
47,50,2,1000,nonlinear,Marginal-FR,Wasserstein,17.965445672526833
47,50,2,1000,nonlinear,Gaussian-FR,Wasserstein,16.662639667606033
48,50,2,1000,nonlinear,NPT-FR,Wasserstein,13.054359304776998
48,50,2,1000,nonlinear,Marginal-FR,Wasserstein,18.423394615842685
48,50,2,1000,nonlinear,Gaussian-FR,Wasserstein,16.70030490959466
49,50,2,1000,nonlinear,NPT-FR,Wasserstein,12.580810797570612
49,50,2,1000,nonlinear,Marginal-FR,Wasserstein,17.558036478841093
49,50,2,1000,nonlinear,Gaussian-FR,Wasserstein,16.254219776711473
50,50,2,1000,nonlinear,NPT-FR,Wasserstein,13.710540311447149
50,50,2,1000,nonlinear,Marginal-FR,Wasserstein,19.295030157042184
50,50,2,1000,nonlinear,Gaussian-FR,Wasserstein,17.68759292842496
51,50,2,1000,nonlinear,NPT-FR,Wasserstein,12.349981805139011
51,50,2,1000,nonlinear,Marginal-FR,Wasserstein,17.810366334229023
51,50,2,1000,nonlinear,Gaussian-FR,Wasserstein,16.040442357398497
52,50,2,1000,nonlinear,NPT-FR,Wasserstein,14.53833365840183
52,50,2,1000,nonlinear,Marginal-FR,Wasserstein,20.164923684289537
52,50,2,1000,nonlinear,Gaussian-FR,Wasserstein,18.835741550032488
53,50,2,1000,nonlinear,NPT-FR,Wasserstein,13.196375588639498
53,50,2,1000,nonlinear,Marginal-FR,Wasserstein,18.32867984117325
53,50,2,1000,nonlinear,Gaussian-FR,Wasserstein,16.902758529019543
54,50,2,1000,nonlinear,NPT-FR,Wasserstein,13.020014640667908
54,50,2,1000,nonlinear,Marginal-FR,Wasserstein,18.409873391171114
54,50,2,1000,nonlinear,Gaussian-FR,Wasserstein,16.52641166787421
55,50,2,1000,nonlinear,NPT-FR,Wasserstein,13.361411080298222
55,50,2,1000,nonlinear,Marginal-FR,Wasserstein,18.87723047993417
55,50,2,1000,nonlinear,Gaussian-FR,Wasserstein,17.136192175816266
56,50,2,1000,nonlinear,NPT-FR,Wasserstein,12.926266058810016
56,50,2,1000,nonlinear,Marginal-FR,Wasserstein,18.36274044515861
56,50,2,1000,nonlinear,Gaussian-FR,Wasserstein,16.847985713595392
57,50,2,1000,nonlinear,NPT-FR,Wasserstein,11.993912287609655
57,50,2,1000,nonlinear,Marginal-FR,Wasserstein,17.021866643628304
57,50,2,1000,nonlinear,Gaussian-FR,Wasserstein,16.031416549752425
58,50,2,1000,nonlinear,NPT-FR,Wasserstein,13.458705459719571
58,50,2,1000,nonlinear,Marginal-FR,Wasserstein,19.15058406104411
58,50,2,1000,nonlinear,Gaussian-FR,Wasserstein,17.63387382983131
59,50,2,1000,nonlinear,NPT-FR,Wasserstein,13.275972547576014
59,50,2,1000,nonlinear,Marginal-FR,Wasserstein,18.65243471682124
59,50,2,1000,nonlinear,Gaussian-FR,Wasserstein,17.185685544215563
60,50,2,1000,nonlinear,NPT-FR,Wasserstein,13.257350385496624
60,50,2,1000,nonlinear,Marginal-FR,Wasserstein,18.5830767828408
60,50,2,1000,nonlinear,Gaussian-FR,Wasserstein,16.62926427847598
61,50,2,1000,nonlinear,NPT-FR,Wasserstein,13.275411175717704
61,50,2,1000,nonlinear,Marginal-FR,Wasserstein,18.605310173160596
61,50,2,1000,nonlinear,Gaussian-FR,Wasserstein,16.817484863574172
62,50,2,1000,nonlinear,NPT-FR,Wasserstein,11.72806916914535
62,50,2,1000,nonlinear,Marginal-FR,Wasserstein,17.20179197843564
62,50,2,1000,nonlinear,Gaussian-FR,Wasserstein,15.547572016214538
63,50,2,1000,nonlinear,NPT-FR,Wasserstein,12.233538203386761
63,50,2,1000,nonlinear,Marginal-FR,Wasserstein,17.496529695929944
63,50,2,1000,nonlinear,Gaussian-FR,Wasserstein,15.606513600415125
64,50,2,1000,nonlinear,NPT-FR,Wasserstein,12.817194399283675
64,50,2,1000,nonlinear,Marginal-FR,Wasserstein,17.67151479523728
64,50,2,1000,nonlinear,Gaussian-FR,Wasserstein,16.49884367423736
65,50,2,1000,nonlinear,NPT-FR,Wasserstein,14.222395723878837
65,50,2,1000,nonlinear,Marginal-FR,Wasserstein,20.181405456489475
65,50,2,1000,nonlinear,Gaussian-FR,Wasserstein,18.127248498780702
66,50,2,1000,nonlinear,NPT-FR,Wasserstein,12.029619330499743
66,50,2,1000,nonlinear,Marginal-FR,Wasserstein,17.168023439336874
66,50,2,1000,nonlinear,Gaussian-FR,Wasserstein,15.77710180481822
67,50,2,1000,nonlinear,NPT-FR,Wasserstein,13.525111808287084
67,50,2,1000,nonlinear,Marginal-FR,Wasserstein,18.956712288545074
67,50,2,1000,nonlinear,Gaussian-FR,Wasserstein,17.40918942206126
68,50,2,1000,nonlinear,NPT-FR,Wasserstein,12.039342689272374
68,50,2,1000,nonlinear,Marginal-FR,Wasserstein,17.512063730866956
68,50,2,1000,nonlinear,Gaussian-FR,Wasserstein,15.828963376573947
69,50,2,1000,nonlinear,NPT-FR,Wasserstein,13.535881501140487
69,50,2,1000,nonlinear,Marginal-FR,Wasserstein,18.61206949042436
69,50,2,1000,nonlinear,Gaussian-FR,Wasserstein,17.25002260784264
70,50,2,1000,nonlinear,NPT-FR,Wasserstein,12.783937638801289
70,50,2,1000,nonlinear,Marginal-FR,Wasserstein,17.566334308511276
70,50,2,1000,nonlinear,Gaussian-FR,Wasserstein,16.119414470411257
71,50,2,1000,nonlinear,NPT-FR,Wasserstein,12.241102711921787
71,50,2,1000,nonlinear,Marginal-FR,Wasserstein,17.48643614105953
71,50,2,1000,nonlinear,Gaussian-FR,Wasserstein,15.942841274471414
72,50,2,1000,nonlinear,NPT-FR,Wasserstein,12.743526999795101
72,50,2,1000,nonlinear,Marginal-FR,Wasserstein,18.386525884313226
72,50,2,1000,nonlinear,Gaussian-FR,Wasserstein,16.403906612677535
73,50,2,1000,nonlinear,NPT-FR,Wasserstein,11.682056667745265
73,50,2,1000,nonlinear,Marginal-FR,Wasserstein,16.95911078176331
73,50,2,1000,nonlinear,Gaussian-FR,Wasserstein,15.517620761709466
74,50,2,1000,nonlinear,NPT-FR,Wasserstein,10.902444703802715
74,50,2,1000,nonlinear,Marginal-FR,Wasserstein,16.097705400810533
74,50,2,1000,nonlinear,Gaussian-FR,Wasserstein,14.392929750782573
75,50,2,1000,nonlinear,NPT-FR,Wasserstein,15.469123048481709
75,50,2,1000,nonlinear,Marginal-FR,Wasserstein,20.874996728501834
75,50,2,1000,nonlinear,Gaussian-FR,Wasserstein,19.007553947452752
76,50,2,1000,nonlinear,NPT-FR,Wasserstein,13.294633535087542
76,50,2,1000,nonlinear,Marginal-FR,Wasserstein,18.5387543740978
76,50,2,1000,nonlinear,Gaussian-FR,Wasserstein,16.76343437456788
77,50,2,1000,nonlinear,NPT-FR,Wasserstein,11.744110526689685
77,50,2,1000,nonlinear,Marginal-FR,Wasserstein,17.236971050685376
77,50,2,1000,nonlinear,Gaussian-FR,Wasserstein,15.488709717575889
78,50,2,1000,nonlinear,NPT-FR,Wasserstein,12.053813839145535
78,50,2,1000,nonlinear,Marginal-FR,Wasserstein,17.517348422202286
78,50,2,1000,nonlinear,Gaussian-FR,Wasserstein,15.770908155042719
79,50,2,1000,nonlinear,NPT-FR,Wasserstein,12.770906921878987
79,50,2,1000,nonlinear,Marginal-FR,Wasserstein,17.859832604344373
79,50,2,1000,nonlinear,Gaussian-FR,Wasserstein,16.372519951329213
80,50,2,1000,nonlinear,NPT-FR,Wasserstein,13.485366498092514
80,50,2,1000,nonlinear,Marginal-FR,Wasserstein,19.13985469126741
80,50,2,1000,nonlinear,Gaussian-FR,Wasserstein,17.129887856657565
81,50,2,1000,nonlinear,NPT-FR,Wasserstein,13.985332787819523
81,50,2,1000,nonlinear,Marginal-FR,Wasserstein,19.666205754614072
81,50,2,1000,nonlinear,Gaussian-FR,Wasserstein,17.716798410201758
82,50,2,1000,nonlinear,NPT-FR,Wasserstein,13.208519853168061
82,50,2,1000,nonlinear,Marginal-FR,Wasserstein,18.001875227952194
82,50,2,1000,nonlinear,Gaussian-FR,Wasserstein,16.70872215532474
83,50,2,1000,nonlinear,NPT-FR,Wasserstein,12.616512487128498
83,50,2,1000,nonlinear,Marginal-FR,Wasserstein,18.311297835133328
83,50,2,1000,nonlinear,Gaussian-FR,Wasserstein,16.656559273648607
84,50,2,1000,nonlinear,NPT-FR,Wasserstein,11.816201632323533
84,50,2,1000,nonlinear,Marginal-FR,Wasserstein,16.97246594817486
84,50,2,1000,nonlinear,Gaussian-FR,Wasserstein,15.649374574418744
85,50,2,1000,nonlinear,NPT-FR,Wasserstein,12.579358092413651
85,50,2,1000,nonlinear,Marginal-FR,Wasserstein,17.40610794010414
85,50,2,1000,nonlinear,Gaussian-FR,Wasserstein,16.18263995609953
86,50,2,1000,nonlinear,NPT-FR,Wasserstein,12.307434954527332
86,50,2,1000,nonlinear,Marginal-FR,Wasserstein,17.048424674950088
86,50,2,1000,nonlinear,Gaussian-FR,Wasserstein,15.68147787125275
87,50,2,1000,nonlinear,NPT-FR,Wasserstein,12.334763777318518
87,50,2,1000,nonlinear,Marginal-FR,Wasserstein,17.751987412138465
87,50,2,1000,nonlinear,Gaussian-FR,Wasserstein,16.160972145267323
88,50,2,1000,nonlinear,NPT-FR,Wasserstein,12.552083276258678
88,50,2,1000,nonlinear,Marginal-FR,Wasserstein,17.575038906861636
88,50,2,1000,nonlinear,Gaussian-FR,Wasserstein,16.012033989243843
89,50,2,1000,nonlinear,NPT-FR,Wasserstein,12.191952836788268
89,50,2,1000,nonlinear,Marginal-FR,Wasserstein,17.419523633028106
89,50,2,1000,nonlinear,Gaussian-FR,Wasserstein,15.767056292029954
90,50,2,1000,nonlinear,NPT-FR,Wasserstein,13.855252876775362
90,50,2,1000,nonlinear,Marginal-FR,Wasserstein,19.32962100978926
90,50,2,1000,nonlinear,Gaussian-FR,Wasserstein,17.55918803045855
91,50,2,1000,nonlinear,NPT-FR,Wasserstein,11.807701567611874
91,50,2,1000,nonlinear,Marginal-FR,Wasserstein,16.902714051958945
91,50,2,1000,nonlinear,Gaussian-FR,Wasserstein,15.375791985561237
92,50,2,1000,nonlinear,NPT-FR,Wasserstein,13.386636749101813
92,50,2,1000,nonlinear,Marginal-FR,Wasserstein,18.816306146025468
92,50,2,1000,nonlinear,Gaussian-FR,Wasserstein,17.10648145028587
93,50,2,1000,nonlinear,NPT-FR,Wasserstein,12.933501868195915
93,50,2,1000,nonlinear,Marginal-FR,Wasserstein,18.033500667508623
93,50,2,1000,nonlinear,Gaussian-FR,Wasserstein,16.610358820460323
94,50,2,1000,nonlinear,NPT-FR,Wasserstein,13.27939759217279
94,50,2,1000,nonlinear,Marginal-FR,Wasserstein,18.411456710035957
94,50,2,1000,nonlinear,Gaussian-FR,Wasserstein,17.16938943054285
95,50,2,1000,nonlinear,NPT-FR,Wasserstein,12.437759651630461
95,50,2,1000,nonlinear,Marginal-FR,Wasserstein,17.64883253713794
95,50,2,1000,nonlinear,Gaussian-FR,Wasserstein,16.012088608832347
96,50,2,1000,nonlinear,NPT-FR,Wasserstein,13.549146484754814
96,50,2,1000,nonlinear,Marginal-FR,Wasserstein,18.496836379765686
96,50,2,1000,nonlinear,Gaussian-FR,Wasserstein,17.27929660342843
97,50,2,1000,nonlinear,NPT-FR,Wasserstein,12.596762941375152
97,50,2,1000,nonlinear,Marginal-FR,Wasserstein,18.180585639094513
97,50,2,1000,nonlinear,Gaussian-FR,Wasserstein,16.24271999764346
98,50,2,1000,nonlinear,NPT-FR,Wasserstein,12.633055108689396
98,50,2,1000,nonlinear,Marginal-FR,Wasserstein,17.934933536388748
98,50,2,1000,nonlinear,Gaussian-FR,Wasserstein,16.24591007446419
99,50,2,1000,nonlinear,NPT-FR,Wasserstein,11.820816515891453
99,50,2,1000,nonlinear,Marginal-FR,Wasserstein,17.30350120811447
99,50,2,1000,nonlinear,Gaussian-FR,Wasserstein,15.713650746943864
0,50,10,100,linear,NPT-FR,Wasserstein,107.85173836679972
0,50,10,100,linear,Marginal-FR,Wasserstein,117.02257584339466
0,50,10,100,linear,Gaussian-FR,Wasserstein,128.15094415018046
1,50,10,100,linear,NPT-FR,Wasserstein,110.6608375163695
1,50,10,100,linear,Marginal-FR,Wasserstein,119.48182334017957
1,50,10,100,linear,Gaussian-FR,Wasserstein,130.52737672866365
2,50,10,100,linear,NPT-FR,Wasserstein,109.26756264591594
2,50,10,100,linear,Marginal-FR,Wasserstein,117.72431386865155
2,50,10,100,linear,Gaussian-FR,Wasserstein,128.77329003387084
3,50,10,100,linear,NPT-FR,Wasserstein,109.35279917110418
3,50,10,100,linear,Marginal-FR,Wasserstein,118.15102550342543
3,50,10,100,linear,Gaussian-FR,Wasserstein,129.51456633412616
4,50,10,100,linear,NPT-FR,Wasserstein,107.95545991707212
4,50,10,100,linear,Marginal-FR,Wasserstein,116.6877240806477
4,50,10,100,linear,Gaussian-FR,Wasserstein,127.59071553169088
5,50,10,100,linear,NPT-FR,Wasserstein,106.85729464927377
5,50,10,100,linear,Marginal-FR,Wasserstein,115.40109798735008
5,50,10,100,linear,Gaussian-FR,Wasserstein,125.98877216111711
6,50,10,100,linear,NPT-FR,Wasserstein,109.32137825991614
6,50,10,100,linear,Marginal-FR,Wasserstein,118.20022282919794
6,50,10,100,linear,Gaussian-FR,Wasserstein,128.51181919141374
7,50,10,100,linear,NPT-FR,Wasserstein,108.15873157461381
7,50,10,100,linear,Marginal-FR,Wasserstein,116.92798521126564
7,50,10,100,linear,Gaussian-FR,Wasserstein,127.46463052737948
8,50,10,100,linear,NPT-FR,Wasserstein,111.68764911143502
8,50,10,100,linear,Marginal-FR,Wasserstein,120.22889484414449
8,50,10,100,linear,Gaussian-FR,Wasserstein,130.67687012109246
9,50,10,100,linear,NPT-FR,Wasserstein,111.34215413545955
9,50,10,100,linear,Marginal-FR,Wasserstein,120.4616291598102
9,50,10,100,linear,Gaussian-FR,Wasserstein,131.55867145826755
10,50,10,100,linear,NPT-FR,Wasserstein,108.48722908430999
10,50,10,100,linear,Marginal-FR,Wasserstein,117.54484939945334
10,50,10,100,linear,Gaussian-FR,Wasserstein,128.06316256914377
11,50,10,100,linear,NPT-FR,Wasserstein,115.823015320306
11,50,10,100,linear,Marginal-FR,Wasserstein,124.96028723263267
11,50,10,100,linear,Gaussian-FR,Wasserstein,136.1104912392446
12,50,10,100,linear,NPT-FR,Wasserstein,112.52908666098733
12,50,10,100,linear,Marginal-FR,Wasserstein,121.30339995748506
12,50,10,100,linear,Gaussian-FR,Wasserstein,132.76559574190054
13,50,10,100,linear,NPT-FR,Wasserstein,107.48527772784452
13,50,10,100,linear,Marginal-FR,Wasserstein,116.50749085814148
13,50,10,100,linear,Gaussian-FR,Wasserstein,127.42909267535269
14,50,10,100,linear,NPT-FR,Wasserstein,107.67110035053979
14,50,10,100,linear,Marginal-FR,Wasserstein,116.51498198000827
14,50,10,100,linear,Gaussian-FR,Wasserstein,126.63220143110698
15,50,10,100,linear,NPT-FR,Wasserstein,108.76107858910895
15,50,10,100,linear,Marginal-FR,Wasserstein,117.89030703455587
15,50,10,100,linear,Gaussian-FR,Wasserstein,128.71557967288808
16,50,10,100,linear,NPT-FR,Wasserstein,107.25968780503213
16,50,10,100,linear,Marginal-FR,Wasserstein,116.11091386282305
16,50,10,100,linear,Gaussian-FR,Wasserstein,126.4455644807513
17,50,10,100,linear,NPT-FR,Wasserstein,110.64330108638046
17,50,10,100,linear,Marginal-FR,Wasserstein,119.46630733749724
17,50,10,100,linear,Gaussian-FR,Wasserstein,130.45914090900058
18,50,10,100,linear,NPT-FR,Wasserstein,109.57750279788961
18,50,10,100,linear,Marginal-FR,Wasserstein,118.61528959537574
18,50,10,100,linear,Gaussian-FR,Wasserstein,130.49906354204043
19,50,10,100,linear,NPT-FR,Wasserstein,111.81662582052041
19,50,10,100,linear,Marginal-FR,Wasserstein,120.23350446171914
19,50,10,100,linear,Gaussian-FR,Wasserstein,131.46807569324656
20,50,10,100,linear,NPT-FR,Wasserstein,109.07709255794445
20,50,10,100,linear,Marginal-FR,Wasserstein,117.82507646363048
20,50,10,100,linear,Gaussian-FR,Wasserstein,129.75772244253966
21,50,10,100,linear,NPT-FR,Wasserstein,107.80597980552876
21,50,10,100,linear,Marginal-FR,Wasserstein,116.87178381445142
21,50,10,100,linear,Gaussian-FR,Wasserstein,128.33045071993664
22,50,10,100,linear,NPT-FR,Wasserstein,110.30055381343018
22,50,10,100,linear,Marginal-FR,Wasserstein,119.22286230084549
22,50,10,100,linear,Gaussian-FR,Wasserstein,131.1684280080936
23,50,10,100,linear,NPT-FR,Wasserstein,111.06374915182992
23,50,10,100,linear,Marginal-FR,Wasserstein,120.21502448142265
23,50,10,100,linear,Gaussian-FR,Wasserstein,130.28385207551435
24,50,10,100,linear,NPT-FR,Wasserstein,106.60842764360956
24,50,10,100,linear,Marginal-FR,Wasserstein,116.12033349856542
24,50,10,100,linear,Gaussian-FR,Wasserstein,127.0302912798883
25,50,10,100,linear,NPT-FR,Wasserstein,111.34635938083974
25,50,10,100,linear,Marginal-FR,Wasserstein,119.89234784685765
25,50,10,100,linear,Gaussian-FR,Wasserstein,131.45958380500647
26,50,10,100,linear,NPT-FR,Wasserstein,107.53364779286696
26,50,10,100,linear,Marginal-FR,Wasserstein,116.02966692795177
26,50,10,100,linear,Gaussian-FR,Wasserstein,126.33105784848618
27,50,10,100,linear,NPT-FR,Wasserstein,107.15340743932065
27,50,10,100,linear,Marginal-FR,Wasserstein,115.96272325101276
27,50,10,100,linear,Gaussian-FR,Wasserstein,126.85592647748746
28,50,10,100,linear,NPT-FR,Wasserstein,105.89711522496516
28,50,10,100,linear,Marginal-FR,Wasserstein,115.46775540799585
28,50,10,100,linear,Gaussian-FR,Wasserstein,126.49791524866107
29,50,10,100,linear,NPT-FR,Wasserstein,111.61672470117043
29,50,10,100,linear,Marginal-FR,Wasserstein,120.6272660009627
29,50,10,100,linear,Gaussian-FR,Wasserstein,132.98285937349627
30,50,10,100,linear,NPT-FR,Wasserstein,110.9406255437052
30,50,10,100,linear,Marginal-FR,Wasserstein,120.27782464481396
30,50,10,100,linear,Gaussian-FR,Wasserstein,131.77135188612692
31,50,10,100,linear,NPT-FR,Wasserstein,114.26506847974251
31,50,10,100,linear,Marginal-FR,Wasserstein,123.96087880123461
31,50,10,100,linear,Gaussian-FR,Wasserstein,136.78130820941507
32,50,10,100,linear,NPT-FR,Wasserstein,109.27091755197851
32,50,10,100,linear,Marginal-FR,Wasserstein,118.85823310960902
32,50,10,100,linear,Gaussian-FR,Wasserstein,128.68629501911343
33,50,10,100,linear,NPT-FR,Wasserstein,107.53550186878425
33,50,10,100,linear,Marginal-FR,Wasserstein,116.02950882100455
33,50,10,100,linear,Gaussian-FR,Wasserstein,127.2414958742105
34,50,10,100,linear,NPT-FR,Wasserstein,106.92138811413423
34,50,10,100,linear,Marginal-FR,Wasserstein,115.65155313389151
34,50,10,100,linear,Gaussian-FR,Wasserstein,126.3154618182305
35,50,10,100,linear,NPT-FR,Wasserstein,110.36626907672293
35,50,10,100,linear,Marginal-FR,Wasserstein,119.62508299535021
35,50,10,100,linear,Gaussian-FR,Wasserstein,130.63725504635303
36,50,10,100,linear,NPT-FR,Wasserstein,108.8512159141929
36,50,10,100,linear,Marginal-FR,Wasserstein,117.9485771401978
36,50,10,100,linear,Gaussian-FR,Wasserstein,128.5809133165317
37,50,10,100,linear,NPT-FR,Wasserstein,108.01221452698533
37,50,10,100,linear,Marginal-FR,Wasserstein,116.38937865058088
37,50,10,100,linear,Gaussian-FR,Wasserstein,127.04424115200653
38,50,10,100,linear,NPT-FR,Wasserstein,111.15191256002069
38,50,10,100,linear,Marginal-FR,Wasserstein,120.09346611694004
38,50,10,100,linear,Gaussian-FR,Wasserstein,130.5671833574855
39,50,10,100,linear,NPT-FR,Wasserstein,109.68433549093331
39,50,10,100,linear,Marginal-FR,Wasserstein,119.0336731395539
39,50,10,100,linear,Gaussian-FR,Wasserstein,130.0878590806314
40,50,10,100,linear,NPT-FR,Wasserstein,109.15255201635539
40,50,10,100,linear,Marginal-FR,Wasserstein,118.26061885107454
40,50,10,100,linear,Gaussian-FR,Wasserstein,128.41883040569058
41,50,10,100,linear,NPT-FR,Wasserstein,108.40440786416917
41,50,10,100,linear,Marginal-FR,Wasserstein,116.81814984580028
41,50,10,100,linear,Gaussian-FR,Wasserstein,126.93654519016543
42,50,10,100,linear,NPT-FR,Wasserstein,105.60421806863454
42,50,10,100,linear,Marginal-FR,Wasserstein,114.79688650851693
42,50,10,100,linear,Gaussian-FR,Wasserstein,125.61612081660145
43,50,10,100,linear,NPT-FR,Wasserstein,108.39849688118575
43,50,10,100,linear,Marginal-FR,Wasserstein,117.4803615138593
43,50,10,100,linear,Gaussian-FR,Wasserstein,128.25975958738323
44,50,10,100,linear,NPT-FR,Wasserstein,107.92063542745856
44,50,10,100,linear,Marginal-FR,Wasserstein,116.4412091285127
44,50,10,100,linear,Gaussian-FR,Wasserstein,126.94252893353763
45,50,10,100,linear,NPT-FR,Wasserstein,108.74060448013485
45,50,10,100,linear,Marginal-FR,Wasserstein,117.25101073721986
45,50,10,100,linear,Gaussian-FR,Wasserstein,128.3462812955203
46,50,10,100,linear,NPT-FR,Wasserstein,109.22563966327056
46,50,10,100,linear,Marginal-FR,Wasserstein,118.48865082740082
46,50,10,100,linear,Gaussian-FR,Wasserstein,129.2466533469636
47,50,10,100,linear,NPT-FR,Wasserstein,108.94507756393243
47,50,10,100,linear,Marginal-FR,Wasserstein,117.45220317695157
47,50,10,100,linear,Gaussian-FR,Wasserstein,128.58803632825666
48,50,10,100,linear,NPT-FR,Wasserstein,107.18084704979137
48,50,10,100,linear,Marginal-FR,Wasserstein,115.66454074756285
48,50,10,100,linear,Gaussian-FR,Wasserstein,126.6444181530347
49,50,10,100,linear,NPT-FR,Wasserstein,110.89507450558641
49,50,10,100,linear,Marginal-FR,Wasserstein,119.80443094183408
49,50,10,100,linear,Gaussian-FR,Wasserstein,130.862845152946
50,50,10,100,linear,NPT-FR,Wasserstein,110.15086327549713
50,50,10,100,linear,Marginal-FR,Wasserstein,119.26505055595891
50,50,10,100,linear,Gaussian-FR,Wasserstein,131.26612213000112
51,50,10,100,linear,NPT-FR,Wasserstein,112.49138829295646
51,50,10,100,linear,Marginal-FR,Wasserstein,121.58809533850113
51,50,10,100,linear,Gaussian-FR,Wasserstein,133.26329862542528
52,50,10,100,linear,NPT-FR,Wasserstein,105.8966058162359
52,50,10,100,linear,Marginal-FR,Wasserstein,115.39860214023174
52,50,10,100,linear,Gaussian-FR,Wasserstein,125.37253082441967
53,50,10,100,linear,NPT-FR,Wasserstein,109.97410901393921
53,50,10,100,linear,Marginal-FR,Wasserstein,118.96684110709099
53,50,10,100,linear,Gaussian-FR,Wasserstein,130.87858168751413
54,50,10,100,linear,NPT-FR,Wasserstein,112.98775082566199
54,50,10,100,linear,Marginal-FR,Wasserstein,121.98950640718913
54,50,10,100,linear,Gaussian-FR,Wasserstein,133.2387873709303
55,50,10,100,linear,NPT-FR,Wasserstein,106.82247907574434
55,50,10,100,linear,Marginal-FR,Wasserstein,115.3297844430172
55,50,10,100,linear,Gaussian-FR,Wasserstein,126.41048735393633
56,50,10,100,linear,NPT-FR,Wasserstein,107.78751192595222
56,50,10,100,linear,Marginal-FR,Wasserstein,116.60561900595701
56,50,10,100,linear,Gaussian-FR,Wasserstein,126.06574463902247
57,50,10,100,linear,NPT-FR,Wasserstein,110.0661819727478
57,50,10,100,linear,Marginal-FR,Wasserstein,119.23532282166562
57,50,10,100,linear,Gaussian-FR,Wasserstein,129.77929480761404
58,50,10,100,linear,NPT-FR,Wasserstein,112.19388583857722
58,50,10,100,linear,Marginal-FR,Wasserstein,120.9961417533572
58,50,10,100,linear,Gaussian-FR,Wasserstein,132.27859671313809
59,50,10,100,linear,NPT-FR,Wasserstein,108.0014199388359
59,50,10,100,linear,Marginal-FR,Wasserstein,116.83598054166642
59,50,10,100,linear,Gaussian-FR,Wasserstein,128.4428893137925
60,50,10,100,linear,NPT-FR,Wasserstein,109.36466394465819
60,50,10,100,linear,Marginal-FR,Wasserstein,117.63924446835922
60,50,10,100,linear,Gaussian-FR,Wasserstein,128.19006178822116
61,50,10,100,linear,NPT-FR,Wasserstein,109.6106797711639
61,50,10,100,linear,Marginal-FR,Wasserstein,118.15488864483282
61,50,10,100,linear,Gaussian-FR,Wasserstein,129.1322847260556
62,50,10,100,linear,NPT-FR,Wasserstein,108.46776814332347
62,50,10,100,linear,Marginal-FR,Wasserstein,116.93577392222856
62,50,10,100,linear,Gaussian-FR,Wasserstein,127.12790359766902
63,50,10,100,linear,NPT-FR,Wasserstein,105.59838552444612
63,50,10,100,linear,Marginal-FR,Wasserstein,114.4298584859022
63,50,10,100,linear,Gaussian-FR,Wasserstein,125.07251331165651
64,50,10,100,linear,NPT-FR,Wasserstein,106.4978858480827
64,50,10,100,linear,Marginal-FR,Wasserstein,115.29520747284059
64,50,10,100,linear,Gaussian-FR,Wasserstein,126.22619838015392
65,50,10,100,linear,NPT-FR,Wasserstein,109.5304197645489
65,50,10,100,linear,Marginal-FR,Wasserstein,118.69864134017367
65,50,10,100,linear,Gaussian-FR,Wasserstein,130.16599259455597
66,50,10,100,linear,NPT-FR,Wasserstein,107.1824371449869
66,50,10,100,linear,Marginal-FR,Wasserstein,116.30322717933373
66,50,10,100,linear,Gaussian-FR,Wasserstein,128.29153949303807
67,50,10,100,linear,NPT-FR,Wasserstein,107.54212611066718
67,50,10,100,linear,Marginal-FR,Wasserstein,116.74582058265187
67,50,10,100,linear,Gaussian-FR,Wasserstein,127.85394447262567
68,50,10,100,linear,NPT-FR,Wasserstein,108.756286730511
68,50,10,100,linear,Marginal-FR,Wasserstein,117.5853822932234
68,50,10,100,linear,Gaussian-FR,Wasserstein,129.1747613575042
69,50,10,100,linear,NPT-FR,Wasserstein,114.27877866993045
69,50,10,100,linear,Marginal-FR,Wasserstein,123.96864415011899
69,50,10,100,linear,Gaussian-FR,Wasserstein,134.5258995646232
70,50,10,100,linear,NPT-FR,Wasserstein,106.0272224225924
70,50,10,100,linear,Marginal-FR,Wasserstein,115.14719308710919
70,50,10,100,linear,Gaussian-FR,Wasserstein,125.06650665241358
71,50,10,100,linear,NPT-FR,Wasserstein,108.17795320405936
71,50,10,100,linear,Marginal-FR,Wasserstein,117.29146889390063
71,50,10,100,linear,Gaussian-FR,Wasserstein,129.01874976767084
72,50,10,100,linear,NPT-FR,Wasserstein,109.22274153329808
72,50,10,100,linear,Marginal-FR,Wasserstein,118.24826150341434
72,50,10,100,linear,Gaussian-FR,Wasserstein,129.02490121446212
73,50,10,100,linear,NPT-FR,Wasserstein,109.07441413805864
73,50,10,100,linear,Marginal-FR,Wasserstein,117.58069110382962
73,50,10,100,linear,Gaussian-FR,Wasserstein,128.2202157486357
74,50,10,100,linear,NPT-FR,Wasserstein,112.22732238209142
74,50,10,100,linear,Marginal-FR,Wasserstein,120.24248320375374
74,50,10,100,linear,Gaussian-FR,Wasserstein,131.78196897326688
75,50,10,100,linear,NPT-FR,Wasserstein,108.61731456078697
75,50,10,100,linear,Marginal-FR,Wasserstein,117.49589301219852
75,50,10,100,linear,Gaussian-FR,Wasserstein,128.8859068781524
76,50,10,100,linear,NPT-FR,Wasserstein,110.92033606440314
76,50,10,100,linear,Marginal-FR,Wasserstein,120.41299743987058
76,50,10,100,linear,Gaussian-FR,Wasserstein,131.4768403216077
77,50,10,100,linear,NPT-FR,Wasserstein,110.15196388197884
77,50,10,100,linear,Marginal-FR,Wasserstein,119.26825036912409
77,50,10,100,linear,Gaussian-FR,Wasserstein,130.73895938440526
78,50,10,100,linear,NPT-FR,Wasserstein,110.59898456318251
78,50,10,100,linear,Marginal-FR,Wasserstein,118.59958882514276
78,50,10,100,linear,Gaussian-FR,Wasserstein,129.77738085993164
79,50,10,100,linear,NPT-FR,Wasserstein,106.1818059513921
79,50,10,100,linear,Marginal-FR,Wasserstein,115.53549509666595
79,50,10,100,linear,Gaussian-FR,Wasserstein,125.67118926844103
80,50,10,100,linear,NPT-FR,Wasserstein,107.89464538795912
80,50,10,100,linear,Marginal-FR,Wasserstein,116.7975758357586
80,50,10,100,linear,Gaussian-FR,Wasserstein,127.40025761802313
81,50,10,100,linear,NPT-FR,Wasserstein,109.33202138196174
81,50,10,100,linear,Marginal-FR,Wasserstein,117.991145105109
81,50,10,100,linear,Gaussian-FR,Wasserstein,128.67905264006637
82,50,10,100,linear,NPT-FR,Wasserstein,109.86571086154105
82,50,10,100,linear,Marginal-FR,Wasserstein,119.26212869749541
82,50,10,100,linear,Gaussian-FR,Wasserstein,129.56587517888357
83,50,10,100,linear,NPT-FR,Wasserstein,109.04842187859636
83,50,10,100,linear,Marginal-FR,Wasserstein,117.773876695446
83,50,10,100,linear,Gaussian-FR,Wasserstein,127.48475957769563
84,50,10,100,linear,NPT-FR,Wasserstein,109.73208961002302
84,50,10,100,linear,Marginal-FR,Wasserstein,119.01557970903235
84,50,10,100,linear,Gaussian-FR,Wasserstein,130.53439547205812
85,50,10,100,linear,NPT-FR,Wasserstein,111.68743561919284
85,50,10,100,linear,Marginal-FR,Wasserstein,120.53496297473833
85,50,10,100,linear,Gaussian-FR,Wasserstein,131.61837868983233
86,50,10,100,linear,NPT-FR,Wasserstein,113.46965431693677
86,50,10,100,linear,Marginal-FR,Wasserstein,121.8893097891546
86,50,10,100,linear,Gaussian-FR,Wasserstein,132.84930339391303
87,50,10,100,linear,NPT-FR,Wasserstein,107.0628425398968
87,50,10,100,linear,Marginal-FR,Wasserstein,115.33736494070652
87,50,10,100,linear,Gaussian-FR,Wasserstein,125.72888726105971
88,50,10,100,linear,NPT-FR,Wasserstein,105.49914208386488
88,50,10,100,linear,Marginal-FR,Wasserstein,114.51489661869346
88,50,10,100,linear,Gaussian-FR,Wasserstein,125.10546864374392
89,50,10,100,linear,NPT-FR,Wasserstein,106.10299219903443
89,50,10,100,linear,Marginal-FR,Wasserstein,115.22298133359212
89,50,10,100,linear,Gaussian-FR,Wasserstein,125.79638513684097
90,50,10,100,linear,NPT-FR,Wasserstein,110.25324895292938
90,50,10,100,linear,Marginal-FR,Wasserstein,119.20778844118153
90,50,10,100,linear,Gaussian-FR,Wasserstein,130.76542404180952
91,50,10,100,linear,NPT-FR,Wasserstein,107.71759368423427
91,50,10,100,linear,Marginal-FR,Wasserstein,116.76306422815215
91,50,10,100,linear,Gaussian-FR,Wasserstein,127.4949168528191
92,50,10,100,linear,NPT-FR,Wasserstein,108.29448292576276
92,50,10,100,linear,Marginal-FR,Wasserstein,116.92539651496286
92,50,10,100,linear,Gaussian-FR,Wasserstein,128.2872628713631
93,50,10,100,linear,NPT-FR,Wasserstein,110.2544737248917
93,50,10,100,linear,Marginal-FR,Wasserstein,119.44649112557207
93,50,10,100,linear,Gaussian-FR,Wasserstein,129.79120102333655
94,50,10,100,linear,NPT-FR,Wasserstein,110.19486596564207
94,50,10,100,linear,Marginal-FR,Wasserstein,119.64159523098488
94,50,10,100,linear,Gaussian-FR,Wasserstein,130.31856586475075
95,50,10,100,linear,NPT-FR,Wasserstein,107.67603877059922
95,50,10,100,linear,Marginal-FR,Wasserstein,116.32410127186284
95,50,10,100,linear,Gaussian-FR,Wasserstein,127.5566454825716
96,50,10,100,linear,NPT-FR,Wasserstein,106.81508451119288
96,50,10,100,linear,Marginal-FR,Wasserstein,115.68171416260995
96,50,10,100,linear,Gaussian-FR,Wasserstein,126.54583855702766
97,50,10,100,linear,NPT-FR,Wasserstein,107.4776086575571
97,50,10,100,linear,Marginal-FR,Wasserstein,115.95896918595513
97,50,10,100,linear,Gaussian-FR,Wasserstein,126.8661045536835
98,50,10,100,linear,NPT-FR,Wasserstein,107.8188226472786
98,50,10,100,linear,Marginal-FR,Wasserstein,116.69204747478209
98,50,10,100,linear,Gaussian-FR,Wasserstein,126.83779594317231
99,50,10,100,linear,NPT-FR,Wasserstein,110.67309033053598
99,50,10,100,linear,Marginal-FR,Wasserstein,118.68069923327786
99,50,10,100,linear,Gaussian-FR,Wasserstein,128.57330131015982
0,50,10,1000,linear,NPT-FR,Wasserstein,108.84705484312016
0,50,10,1000,linear,Marginal-FR,Wasserstein,117.89857652559438
0,50,10,1000,linear,Gaussian-FR,Wasserstein,127.86623439836222
1,50,10,1000,linear,NPT-FR,Wasserstein,111.40463327224403
1,50,10,1000,linear,Marginal-FR,Wasserstein,120.56519467243069
1,50,10,1000,linear,Gaussian-FR,Wasserstein,131.0276931546272
2,50,10,1000,linear,NPT-FR,Wasserstein,114.07577537691499
2,50,10,1000,linear,Marginal-FR,Wasserstein,123.23002912915865
2,50,10,1000,linear,Gaussian-FR,Wasserstein,133.82199660844694
3,50,10,1000,linear,NPT-FR,Wasserstein,110.65536153408033
3,50,10,1000,linear,Marginal-FR,Wasserstein,119.66996565152913
3,50,10,1000,linear,Gaussian-FR,Wasserstein,130.5300417834743
4,50,10,1000,linear,NPT-FR,Wasserstein,111.61723873039863
4,50,10,1000,linear,Marginal-FR,Wasserstein,120.90631602279286
4,50,10,1000,linear,Gaussian-FR,Wasserstein,130.91149205135423
5,50,10,1000,linear,NPT-FR,Wasserstein,111.10804870291433
5,50,10,1000,linear,Marginal-FR,Wasserstein,120.54940295991628
5,50,10,1000,linear,Gaussian-FR,Wasserstein,131.56006148944323
6,50,10,1000,linear,NPT-FR,Wasserstein,107.9913922646348
6,50,10,1000,linear,Marginal-FR,Wasserstein,116.79231321162177
6,50,10,1000,linear,Gaussian-FR,Wasserstein,127.04124605574228
7,50,10,1000,linear,NPT-FR,Wasserstein,110.0804591013046
7,50,10,1000,linear,Marginal-FR,Wasserstein,119.24954203635465
7,50,10,1000,linear,Gaussian-FR,Wasserstein,130.4560946959772
8,50,10,1000,linear,NPT-FR,Wasserstein,112.44869178748307
8,50,10,1000,linear,Marginal-FR,Wasserstein,121.8648398733208
8,50,10,1000,linear,Gaussian-FR,Wasserstein,132.32440327570285
9,50,10,1000,linear,NPT-FR,Wasserstein,109.58647970717708
9,50,10,1000,linear,Marginal-FR,Wasserstein,119.09471595500041
9,50,10,1000,linear,Gaussian-FR,Wasserstein,129.16328213292962
10,50,10,1000,linear,NPT-FR,Wasserstein,111.49107420625637
10,50,10,1000,linear,Marginal-FR,Wasserstein,121.14521944168867
10,50,10,1000,linear,Gaussian-FR,Wasserstein,131.2847442587421
11,50,10,1000,linear,NPT-FR,Wasserstein,110.30760924693273
11,50,10,1000,linear,Marginal-FR,Wasserstein,119.8223557548972
11,50,10,1000,linear,Gaussian-FR,Wasserstein,130.3916043540855
12,50,10,1000,linear,NPT-FR,Wasserstein,109.24483984911825
12,50,10,1000,linear,Marginal-FR,Wasserstein,118.34139150460521
12,50,10,1000,linear,Gaussian-FR,Wasserstein,128.77286545974454
13,50,10,1000,linear,NPT-FR,Wasserstein,107.34240782557467
13,50,10,1000,linear,Marginal-FR,Wasserstein,116.21841571502024
13,50,10,1000,linear,Gaussian-FR,Wasserstein,126.11045038655074
14,50,10,1000,linear,NPT-FR,Wasserstein,110.75556513832872
14,50,10,1000,linear,Marginal-FR,Wasserstein,120.15452157525023
14,50,10,1000,linear,Gaussian-FR,Wasserstein,130.28896720774193
15,50,10,1000,linear,NPT-FR,Wasserstein,109.70950811949288
15,50,10,1000,linear,Marginal-FR,Wasserstein,119.75565001316305
15,50,10,1000,linear,Gaussian-FR,Wasserstein,129.66686128578922
16,50,10,1000,linear,NPT-FR,Wasserstein,108.3241666866901
16,50,10,1000,linear,Marginal-FR,Wasserstein,117.8234543955724
16,50,10,1000,linear,Gaussian-FR,Wasserstein,127.81867682287968
17,50,10,1000,linear,NPT-FR,Wasserstein,108.5115825814747
17,50,10,1000,linear,Marginal-FR,Wasserstein,117.3177444027458
17,50,10,1000,linear,Gaussian-FR,Wasserstein,127.86772433055867
18,50,10,1000,linear,NPT-FR,Wasserstein,111.06696038417724
18,50,10,1000,linear,Marginal-FR,Wasserstein,120.09350078826252
18,50,10,1000,linear,Gaussian-FR,Wasserstein,130.93336575901887
19,50,10,1000,linear,NPT-FR,Wasserstein,109.99812656138579
19,50,10,1000,linear,Marginal-FR,Wasserstein,119.40749151246663
19,50,10,1000,linear,Gaussian-FR,Wasserstein,130.14115129202688
20,50,10,1000,linear,NPT-FR,Wasserstein,111.82294496177946
20,50,10,1000,linear,Marginal-FR,Wasserstein,121.2409584843879
20,50,10,1000,linear,Gaussian-FR,Wasserstein,131.462911669916
21,50,10,1000,linear,NPT-FR,Wasserstein,106.64026776573483
21,50,10,1000,linear,Marginal-FR,Wasserstein,115.97491588833445
21,50,10,1000,linear,Gaussian-FR,Wasserstein,126.25521682674933
22,50,10,1000,linear,NPT-FR,Wasserstein,107.84246604990484
22,50,10,1000,linear,Marginal-FR,Wasserstein,116.73289826460322
22,50,10,1000,linear,Gaussian-FR,Wasserstein,127.0485799098249
23,50,10,1000,linear,NPT-FR,Wasserstein,112.12737493327663
23,50,10,1000,linear,Marginal-FR,Wasserstein,121.51342797445625
23,50,10,1000,linear,Gaussian-FR,Wasserstein,131.23361532352624
24,50,10,1000,linear,NPT-FR,Wasserstein,110.7376430105058
24,50,10,1000,linear,Marginal-FR,Wasserstein,119.6437093341703
24,50,10,1000,linear,Gaussian-FR,Wasserstein,129.64618101962517
25,50,10,1000,linear,NPT-FR,Wasserstein,112.31135508373787
25,50,10,1000,linear,Marginal-FR,Wasserstein,121.1898740386616
25,50,10,1000,linear,Gaussian-FR,Wasserstein,131.86242988011352
26,50,10,1000,linear,NPT-FR,Wasserstein,113.10575257775004
26,50,10,1000,linear,Marginal-FR,Wasserstein,122.49190223448514
26,50,10,1000,linear,Gaussian-FR,Wasserstein,133.24092632422452
27,50,10,1000,linear,NPT-FR,Wasserstein,112.19724619607368
27,50,10,1000,linear,Marginal-FR,Wasserstein,121.63711328694373
27,50,10,1000,linear,Gaussian-FR,Wasserstein,132.99970482314725
28,50,10,1000,linear,NPT-FR,Wasserstein,109.36786663898172
28,50,10,1000,linear,Marginal-FR,Wasserstein,118.04485473777613
28,50,10,1000,linear,Gaussian-FR,Wasserstein,128.51015030418952
29,50,10,1000,linear,NPT-FR,Wasserstein,111.08264322636914
29,50,10,1000,linear,Marginal-FR,Wasserstein,120.817703591025
29,50,10,1000,linear,Gaussian-FR,Wasserstein,131.2340819797719
30,50,10,1000,linear,NPT-FR,Wasserstein,112.1106645892178
30,50,10,1000,linear,Marginal-FR,Wasserstein,121.68772092480692
30,50,10,1000,linear,Gaussian-FR,Wasserstein,132.3409551309418
31,50,10,1000,linear,NPT-FR,Wasserstein,110.18386671733533
31,50,10,1000,linear,Marginal-FR,Wasserstein,119.5687525497216
31,50,10,1000,linear,Gaussian-FR,Wasserstein,129.4364746089027
32,50,10,1000,linear,NPT-FR,Wasserstein,113.05181181655989
32,50,10,1000,linear,Marginal-FR,Wasserstein,122.49284897939835
32,50,10,1000,linear,Gaussian-FR,Wasserstein,132.4445763419809
33,50,10,1000,linear,NPT-FR,Wasserstein,109.88128962125525
33,50,10,1000,linear,Marginal-FR,Wasserstein,119.80841162932329
33,50,10,1000,linear,Gaussian-FR,Wasserstein,130.06060079433044
34,50,10,1000,linear,NPT-FR,Wasserstein,111.8554934515229
34,50,10,1000,linear,Marginal-FR,Wasserstein,120.8824563082276
34,50,10,1000,linear,Gaussian-FR,Wasserstein,131.6763803535205
35,50,10,1000,linear,NPT-FR,Wasserstein,108.78630761780471
35,50,10,1000,linear,Marginal-FR,Wasserstein,117.8165799485463
35,50,10,1000,linear,Gaussian-FR,Wasserstein,128.06791238631476
36,50,10,1000,linear,NPT-FR,Wasserstein,114.26791862864965
36,50,10,1000,linear,Marginal-FR,Wasserstein,123.55751785814054
36,50,10,1000,linear,Gaussian-FR,Wasserstein,134.00596611747233
37,50,10,1000,linear,NPT-FR,Wasserstein,109.04319030838492
37,50,10,1000,linear,Marginal-FR,Wasserstein,118.52882874303556
37,50,10,1000,linear,Gaussian-FR,Wasserstein,128.83025352602579
38,50,10,1000,linear,NPT-FR,Wasserstein,111.18735647571206
38,50,10,1000,linear,Marginal-FR,Wasserstein,120.37738207674401
38,50,10,1000,linear,Gaussian-FR,Wasserstein,130.7353304994251
39,50,10,1000,linear,NPT-FR,Wasserstein,111.50150609372298
39,50,10,1000,linear,Marginal-FR,Wasserstein,120.72745490489872
39,50,10,1000,linear,Gaussian-FR,Wasserstein,130.9788986582574
40,50,10,1000,linear,NPT-FR,Wasserstein,108.83406170822879
40,50,10,1000,linear,Marginal-FR,Wasserstein,117.97244996073731
40,50,10,1000,linear,Gaussian-FR,Wasserstein,128.55437939490983
41,50,10,1000,linear,NPT-FR,Wasserstein,110.90402158799817
41,50,10,1000,linear,Marginal-FR,Wasserstein,120.12656454611253
41,50,10,1000,linear,Gaussian-FR,Wasserstein,130.16718960423157
42,50,10,1000,linear,NPT-FR,Wasserstein,111.40414516287007
42,50,10,1000,linear,Marginal-FR,Wasserstein,121.11629797698534
42,50,10,1000,linear,Gaussian-FR,Wasserstein,131.63161179720325
43,50,10,1000,linear,NPT-FR,Wasserstein,109.58675180651429
43,50,10,1000,linear,Marginal-FR,Wasserstein,118.75724745942135
43,50,10,1000,linear,Gaussian-FR,Wasserstein,129.10696037866037
44,50,10,1000,linear,NPT-FR,Wasserstein,106.83156870464312
44,50,10,1000,linear,Marginal-FR,Wasserstein,115.70731525502721
44,50,10,1000,linear,Gaussian-FR,Wasserstein,125.76094499937611
45,50,10,1000,linear,NPT-FR,Wasserstein,112.59407474310696
45,50,10,1000,linear,Marginal-FR,Wasserstein,121.85942086796533
45,50,10,1000,linear,Gaussian-FR,Wasserstein,132.31250117490384
46,50,10,1000,linear,NPT-FR,Wasserstein,109.8660347366433
46,50,10,1000,linear,Marginal-FR,Wasserstein,119.41045242837842
46,50,10,1000,linear,Gaussian-FR,Wasserstein,129.45796460529576
47,50,10,1000,linear,NPT-FR,Wasserstein,109.2995789426034
47,50,10,1000,linear,Marginal-FR,Wasserstein,118.15385821270078
47,50,10,1000,linear,Gaussian-FR,Wasserstein,128.66448261847614
48,50,10,1000,linear,NPT-FR,Wasserstein,110.59757245735013
48,50,10,1000,linear,Marginal-FR,Wasserstein,119.74178083321944
48,50,10,1000,linear,Gaussian-FR,Wasserstein,129.81158615212195
49,50,10,1000,linear,NPT-FR,Wasserstein,108.37953376007384
49,50,10,1000,linear,Marginal-FR,Wasserstein,117.51104141914921
49,50,10,1000,linear,Gaussian-FR,Wasserstein,127.5069423001662
50,50,10,1000,linear,NPT-FR,Wasserstein,112.20290143036752
50,50,10,1000,linear,Marginal-FR,Wasserstein,122.12898762430068
50,50,10,1000,linear,Gaussian-FR,Wasserstein,132.59407746513443
51,50,10,1000,linear,NPT-FR,Wasserstein,109.09729686153922
51,50,10,1000,linear,Marginal-FR,Wasserstein,118.4356892288097
51,50,10,1000,linear,Gaussian-FR,Wasserstein,129.00495918366371
52,50,10,1000,linear,NPT-FR,Wasserstein,108.998019692602
52,50,10,1000,linear,Marginal-FR,Wasserstein,118.24298612130823
52,50,10,1000,linear,Gaussian-FR,Wasserstein,128.29992478550818
53,50,10,1000,linear,NPT-FR,Wasserstein,109.4549896141754
53,50,10,1000,linear,Marginal-FR,Wasserstein,118.93961515753429
53,50,10,1000,linear,Gaussian-FR,Wasserstein,128.55470094865746
54,50,10,1000,linear,NPT-FR,Wasserstein,109.56354340047852
54,50,10,1000,linear,Marginal-FR,Wasserstein,118.91784336363699
54,50,10,1000,linear,Gaussian-FR,Wasserstein,129.0582188387027
55,50,10,1000,linear,NPT-FR,Wasserstein,109.99959816407996
55,50,10,1000,linear,Marginal-FR,Wasserstein,119.05261906391208
55,50,10,1000,linear,Gaussian-FR,Wasserstein,129.05414220428517
56,50,10,1000,linear,NPT-FR,Wasserstein,113.37215375690593
56,50,10,1000,linear,Marginal-FR,Wasserstein,122.3294191842364
56,50,10,1000,linear,Gaussian-FR,Wasserstein,133.1982406478715
57,50,10,1000,linear,NPT-FR,Wasserstein,112.88330944531909
57,50,10,1000,linear,Marginal-FR,Wasserstein,122.10093676506558
57,50,10,1000,linear,Gaussian-FR,Wasserstein,133.54744733828852
58,50,10,1000,linear,NPT-FR,Wasserstein,108.61971987144103
58,50,10,1000,linear,Marginal-FR,Wasserstein,117.88667916064989
58,50,10,1000,linear,Gaussian-FR,Wasserstein,127.78979895628622
59,50,10,1000,linear,NPT-FR,Wasserstein,116.42875890008811
59,50,10,1000,linear,Marginal-FR,Wasserstein,125.5578645538258
59,50,10,1000,linear,Gaussian-FR,Wasserstein,136.07651913306287
60,50,10,1000,linear,NPT-FR,Wasserstein,109.5038674227391
60,50,10,1000,linear,Marginal-FR,Wasserstein,118.03555817420182
60,50,10,1000,linear,Gaussian-FR,Wasserstein,128.00290524840827
61,50,10,1000,linear,NPT-FR,Wasserstein,112.43529505502728
61,50,10,1000,linear,Marginal-FR,Wasserstein,122.14479507842675
61,50,10,1000,linear,Gaussian-FR,Wasserstein,132.6808138401113
62,50,10,1000,linear,NPT-FR,Wasserstein,112.98895338479564
62,50,10,1000,linear,Marginal-FR,Wasserstein,121.78556179967703
62,50,10,1000,linear,Gaussian-FR,Wasserstein,133.2053984575179
63,50,10,1000,linear,NPT-FR,Wasserstein,107.97012765384784
63,50,10,1000,linear,Marginal-FR,Wasserstein,116.90767195697718
63,50,10,1000,linear,Gaussian-FR,Wasserstein,127.42679166909421
64,50,10,1000,linear,NPT-FR,Wasserstein,108.72296603283017
64,50,10,1000,linear,Marginal-FR,Wasserstein,117.61601494383154
64,50,10,1000,linear,Gaussian-FR,Wasserstein,127.91560553578671
65,50,10,1000,linear,NPT-FR,Wasserstein,106.48327158809698
65,50,10,1000,linear,Marginal-FR,Wasserstein,115.66293566798177
65,50,10,1000,linear,Gaussian-FR,Wasserstein,126.08421768794958
66,50,10,1000,linear,NPT-FR,Wasserstein,108.2505647194522
66,50,10,1000,linear,Marginal-FR,Wasserstein,117.72039615663799
66,50,10,1000,linear,Gaussian-FR,Wasserstein,128.536287806033
67,50,10,1000,linear,NPT-FR,Wasserstein,109.12330386691163
67,50,10,1000,linear,Marginal-FR,Wasserstein,118.63842715335002
67,50,10,1000,linear,Gaussian-FR,Wasserstein,128.50478828540986
68,50,10,1000,linear,NPT-FR,Wasserstein,111.0383111110968
68,50,10,1000,linear,Marginal-FR,Wasserstein,119.89420515259859
68,50,10,1000,linear,Gaussian-FR,Wasserstein,129.93095942958078
69,50,10,1000,linear,NPT-FR,Wasserstein,108.64171703217116
69,50,10,1000,linear,Marginal-FR,Wasserstein,117.74844457531428
69,50,10,1000,linear,Gaussian-FR,Wasserstein,127.58284716960796
70,50,10,1000,linear,NPT-FR,Wasserstein,110.33260860557482
70,50,10,1000,linear,Marginal-FR,Wasserstein,119.61012935870292
70,50,10,1000,linear,Gaussian-FR,Wasserstein,130.2918664383972
71,50,10,1000,linear,NPT-FR,Wasserstein,110.09630777452466
71,50,10,1000,linear,Marginal-FR,Wasserstein,119.83064273902232
71,50,10,1000,linear,Gaussian-FR,Wasserstein,130.34201796694083
72,50,10,1000,linear,NPT-FR,Wasserstein,109.38072295759585
72,50,10,1000,linear,Marginal-FR,Wasserstein,118.36396485017178
72,50,10,1000,linear,Gaussian-FR,Wasserstein,128.20916315282858
73,50,10,1000,linear,NPT-FR,Wasserstein,109.69502498674677
73,50,10,1000,linear,Marginal-FR,Wasserstein,119.2136834726419
73,50,10,1000,linear,Gaussian-FR,Wasserstein,128.92099843097765
74,50,10,1000,linear,NPT-FR,Wasserstein,108.64071261535521
74,50,10,1000,linear,Marginal-FR,Wasserstein,117.61029608422282
74,50,10,1000,linear,Gaussian-FR,Wasserstein,127.90778714465013
75,50,10,1000,linear,NPT-FR,Wasserstein,111.05949183868461
75,50,10,1000,linear,Marginal-FR,Wasserstein,120.7524025916367
75,50,10,1000,linear,Gaussian-FR,Wasserstein,131.11470485248108
76,50,10,1000,linear,NPT-FR,Wasserstein,111.32264287401895
76,50,10,1000,linear,Marginal-FR,Wasserstein,120.21570925327163
76,50,10,1000,linear,Gaussian-FR,Wasserstein,131.56488989220554
77,50,10,1000,linear,NPT-FR,Wasserstein,110.57615278351862
77,50,10,1000,linear,Marginal-FR,Wasserstein,119.8720989375698
77,50,10,1000,linear,Gaussian-FR,Wasserstein,129.82948408209216
78,50,10,1000,linear,NPT-FR,Wasserstein,106.05318601422047
78,50,10,1000,linear,Marginal-FR,Wasserstein,115.33359457056095
78,50,10,1000,linear,Gaussian-FR,Wasserstein,125.24936007156666
79,50,10,1000,linear,NPT-FR,Wasserstein,110.84815954070702
79,50,10,1000,linear,Marginal-FR,Wasserstein,119.77721587387192
79,50,10,1000,linear,Gaussian-FR,Wasserstein,130.5310589534792
80,50,10,1000,linear,NPT-FR,Wasserstein,111.9096241385762
80,50,10,1000,linear,Marginal-FR,Wasserstein,121.36925848190273
80,50,10,1000,linear,Gaussian-FR,Wasserstein,131.90871415345563
81,50,10,1000,linear,NPT-FR,Wasserstein,109.2097408396184
81,50,10,1000,linear,Marginal-FR,Wasserstein,118.63181882531381
81,50,10,1000,linear,Gaussian-FR,Wasserstein,128.6842151411248
82,50,10,1000,linear,NPT-FR,Wasserstein,107.43385355981391
82,50,10,1000,linear,Marginal-FR,Wasserstein,116.7229648305394
82,50,10,1000,linear,Gaussian-FR,Wasserstein,126.46122430018558
83,50,10,1000,linear,NPT-FR,Wasserstein,111.73409699004971
83,50,10,1000,linear,Marginal-FR,Wasserstein,121.06776401308286
83,50,10,1000,linear,Gaussian-FR,Wasserstein,131.47998768585637
84,50,10,1000,linear,NPT-FR,Wasserstein,114.5266713118378
84,50,10,1000,linear,Marginal-FR,Wasserstein,124.22657293447203
84,50,10,1000,linear,Gaussian-FR,Wasserstein,135.10494116221992
85,50,10,1000,linear,NPT-FR,Wasserstein,112.95146363631164
85,50,10,1000,linear,Marginal-FR,Wasserstein,122.31613061166817
85,50,10,1000,linear,Gaussian-FR,Wasserstein,133.0180400902364
86,50,10,1000,linear,NPT-FR,Wasserstein,109.88128141549902
86,50,10,1000,linear,Marginal-FR,Wasserstein,118.90136704948473
86,50,10,1000,linear,Gaussian-FR,Wasserstein,129.12973758992516
87,50,10,1000,linear,NPT-FR,Wasserstein,113.65764317624487
87,50,10,1000,linear,Marginal-FR,Wasserstein,123.44745460072372
87,50,10,1000,linear,Gaussian-FR,Wasserstein,134.44841307941584
88,50,10,1000,linear,NPT-FR,Wasserstein,108.67194072417347
88,50,10,1000,linear,Marginal-FR,Wasserstein,117.56017652973078
88,50,10,1000,linear,Gaussian-FR,Wasserstein,128.11010725668473
89,50,10,1000,linear,NPT-FR,Wasserstein,106.7683548269326
89,50,10,1000,linear,Marginal-FR,Wasserstein,115.79984913213556
89,50,10,1000,linear,Gaussian-FR,Wasserstein,125.77331431040167
90,50,10,1000,linear,NPT-FR,Wasserstein,109.88548678789482
90,50,10,1000,linear,Marginal-FR,Wasserstein,119.11353685381371
90,50,10,1000,linear,Gaussian-FR,Wasserstein,129.35940846048462
91,50,10,1000,linear,NPT-FR,Wasserstein,114.10742339264296
91,50,10,1000,linear,Marginal-FR,Wasserstein,124.22946506769588
91,50,10,1000,linear,Gaussian-FR,Wasserstein,134.6080199504606
92,50,10,1000,linear,NPT-FR,Wasserstein,111.08109455968533
92,50,10,1000,linear,Marginal-FR,Wasserstein,119.66185098489414
92,50,10,1000,linear,Gaussian-FR,Wasserstein,130.46357075150962
93,50,10,1000,linear,NPT-FR,Wasserstein,111.21361558603786
93,50,10,1000,linear,Marginal-FR,Wasserstein,120.31270766183432
93,50,10,1000,linear,Gaussian-FR,Wasserstein,130.25602347764988
94,50,10,1000,linear,NPT-FR,Wasserstein,109.83688153533916
94,50,10,1000,linear,Marginal-FR,Wasserstein,118.97123020284575
94,50,10,1000,linear,Gaussian-FR,Wasserstein,129.7932710974032
95,50,10,1000,linear,NPT-FR,Wasserstein,110.22788425056036
95,50,10,1000,linear,Marginal-FR,Wasserstein,119.79952887138892
95,50,10,1000,linear,Gaussian-FR,Wasserstein,129.67879334583014
96,50,10,1000,linear,NPT-FR,Wasserstein,113.93637176006928
96,50,10,1000,linear,Marginal-FR,Wasserstein,123.84701046215038
96,50,10,1000,linear,Gaussian-FR,Wasserstein,134.70591977857512
97,50,10,1000,linear,NPT-FR,Wasserstein,108.40449230369168
97,50,10,1000,linear,Marginal-FR,Wasserstein,117.80108363249593
97,50,10,1000,linear,Gaussian-FR,Wasserstein,127.88079287428707
98,50,10,1000,linear,NPT-FR,Wasserstein,108.82093325957057
98,50,10,1000,linear,Marginal-FR,Wasserstein,118.18927668172874
98,50,10,1000,linear,Gaussian-FR,Wasserstein,128.20858702803693
99,50,10,1000,linear,NPT-FR,Wasserstein,108.67050301822839
99,50,10,1000,linear,Marginal-FR,Wasserstein,117.76954073296884
99,50,10,1000,linear,Gaussian-FR,Wasserstein,128.38542050875708
